fecha,SR17536,SR17537,SR17538,SR17539,SR17540,SR16967,SL138,SL11136,SL2830,SL11439,SL11453,SL11432,SL11426,SR17449,SR17450,SR17451,SR17452,SR17453,SR16882,SR16894,SR16906,SR16918,SR2761,SR2768,SR2775,SR2782,SF311408,SF311418,SF311433,SF311438,SF29652,SF282,SF57805,SF57771,SF57923,SF229267,SR28,SP12754,SP12755,SP12753,SP1,SP74625,SP74626,SP66540,SP74627,SP74628,SP66542,SP56339,SP74629,SP74630,SP56337,SP56385,SP56386,SP74631,SP56373,SP74640,SF117754,SF4782,SF4774,SF4801
1985-01-01,,,,,,,33.4842308098326,,,,,,,,,,,,,,,,,,,,,,,,,,,,,,68.8824,87.4782464728965,118.401990986229,72.9953289129667,0.44314996592303,0.493510864467911,0.561232755157591,0.379770269582913,0.748624602560694,0.380512704871615,0.517362501642311,0.155818827216392,0.351282582935268,0.377675721345432,0.507232723967125,0.348582961514425,0.611061302695537,0.196118903223254,0.29569683122867,0.166900758931436,,3.70717731434288,,40589.6664268079
1985-02-01,,,,,,,33.5660268804558,,,,,,,,,,,,,,,,,,,,,,,,,48.26,,,,,66.8016,88.2693894162654,118.295507758062,74.1893820855775,0.450439671451256,0.495784847826903,0.555764208743855,0.392503958517819,0.733011646279834,0.403076874313494,0.529984061288688,0.172649109728411,0.367429345441935,0.39228960420539,0.524458311531319,0.350673218731137,0.645717799130003,0.204578847799767,0.303935558360939,0.171485350488274,,4.02925296039358,,26806.8745843533
1985-03-01,,,,,,,31.1331684600013,,,,,,,,,,,,,,,,,,,,,,,,,55.29,,,,,66.231,88.4442920203767,118.450205837746,74.0765013956778,0.471246135853981,0.512511803411144,0.56761248641018,0.406324063221394,0.744324679960642,0.428528525402126,0.545283777246958,0.204964612013931,0.396610171682312,0.402724744480501,0.542280830382584,0.361470389665371,0.66666386421838,0.22583340243744,0.307327773690657,0.193167097358221,,4.37453886638797,,40460.8565499544
1985-04-01,,,,,,,32.1299098327114,,,,,,,,,,,,,,,,,,,,,,,,,57.77,,,,,69.0704,87.5919710126269,118.662298592896,73.0475558241681,0.494053252657964,0.538107717250812,0.591920042905095,0.422318950218338,0.782214288836164,0.455021614305849,0.558786587697561,0.2443396395441,0.428488263536315,0.418335824533713,0.561203901305431,0.38285469510019,0.682107920992747,0.232600737327732,0.310586134913208,0.195340897102007,,5.00594899647206,,71489.019218661
1985-05-01,,,,,,,30.6735477232297,,,,,,,,,,,,,,,,,,,,,,,,,56.08,,,,,69.4595,86.6981400231591,118.716217321539,72.1274649930252,0.529965629725311,0.578674842546939,0.630280990841062,0.443725125995236,0.842670742325282,0.496106758782941,0.577276206209935,0.276713461204569,0.483267268244713,0.423209046436594,0.567176022471111,0.376033415585185,0.701620105514804,0.262298498332248,0.312229017186042,0.208296764849885,,4.83735130809,,66634.1396596878
1985-06-01,,,,,,,31.9847902498417,,,,,,,,,,,,,,,,,,,,,,,,,61.98,,,,,70.5276,85.3935011418195,118.691020210681,71.608377863864,0.572301358798118,0.624322719836372,0.681862193614808,0.470271894672495,0.925213055876661,0.531344797401902,0.59608270134919,0.294836233902511,0.529336159340737,0.42717942687388,0.575228920890883,0.389235795480502,0.707014115832453,0.307260694854365,0.315464498517962,0.201004896257216,,5.22355642010291,,35084.2585440168
1985-07-01,,,,,,,31.7373453642199,,,,,,,,,,,,,,,,,,,,,,,,,65.54,,,,,75.1907,83.9230376741389,118.681577153933,71.6681147471693,0.624323228844563,0.680899169798862,0.752062044768423,0.51964175515656,1.01862115579822,0.566754531394578,0.628563079579007,0.414355926989487,0.568232581420849,0.441147251352905,0.606262191083526,0.433678204229399,0.716978687592577,0.352971876268242,0.319130865550803,0.2090843475353,,5.87400761584659,,56732.1233271099
1985-08-01,,,,,,,32.4766203880129,,,,,,,,,,,,,,,,,,,,,,,,,69.31,,,,,86.307,83.9040396769185,118.885598051285,71.6027591795174,0.667002504176978,0.744913037594583,0.829308061817168,0.577301846981185,1.1171359858526,0.610963221227029,0.66360275445441,0.508166189899838,0.62243335520626,0.458744568864429,0.637936182358144,0.455865430913375,0.761564256636542,0.319224809384494,0.323872929345198,0.216240285768497,,6.76698236588686,,83649.4811737767
1985-09-01,,,,,,,31.5343272973743,,,,,,,,,,,,,,,,,,,,,,,,,65.35,,,,,85.9856,83.272382907439,118.380590411231,70.8067911013855,0.723619721042189,0.803474304512271,0.89323215493669,0.619643257397733,1.20621316230608,0.660217707214002,0.704413302768074,0.0946591250053796,0.707162863284816,0.474968857880597,0.665696425618065,0.4730906271402,0.796132932041708,0.353344250066977,0.329306500052969,0.253589623019989,,6.95195207877638,,69032.2602802922
1985-10-01,,,,,,,32.0941926779283,,,,,,,,,,,,,,,,,,,,,,,,,61.95,,,,,91.256,82.0876232053947,118.943778514402,70.3127111085755,0.776000192540444,0.864793889229276,0.946632114113792,0.653275800612587,1.25271034213131,0.701745083341913,0.738985101403372,0.226860877383714,0.758690900711963,0.49032592130567,0.699731185569879,0.513606661365961,0.81165554484423,0.407249290990423,0.332034962658657,0.308484366065265,,9.14561450132576,,146223.825839916
1985-11-01,,,,,,,34.1903342876947,,,,,,,,,,,,,,,,,,,,,,,,,64.31,,,,,93.5972,84.7463657416375,118.649963762499,71.4390710080227,0.849490023451316,0.939414434586177,0.99011960619115,0.697924946015682,1.28760365866437,0.798338399254312,0.776236790772392,0.280411560093743,0.879822142025625,0.505081017906937,0.733813572308023,0.572296843102747,0.837201895366286,0.388409382005326,0.336042736516042,0.57149937037298,,10.2049325710382,,210780.904263015
1985-12-01,,,,,,,32.9015015321992,,,,,,,,,,,,,,,,,,,,,,,,,71.65,,,,,95.6431,82.6170619609089,117.943165662279,70.058767840412,0.776940616042737,0.866830639473744,0.949820917609524,0.662671210440765,1.28414366606681,0.711102742199234,0.792355121852683,0.310492438198296,0.723756696003884,0.569237001570132,0.756532842073366,0.622866502528575,0.855727960050344,0.404976100467445,0.451908714216475,0.316916812862693,,11.4122569173726,,229689.912853932
1986-01-01,,,,,,,35.277544394235,,,,,,,,,,,,,,,,,,,,,,,,,72.15,,,,,96.9711,74.4802373243682,117.477714372697,62.8229298604194,0.775695430299707,0.857991207357559,0.958008076956431,0.657437340567232,1.26825771159518,0.689410817636391,0.817764940502897,0.29987158661485,0.696129753202869,0.621349683497659,0.808811721167439,0.640214135984279,0.913014669657948,0.393573679043159,0.51285206942041,0.318255292246721,,14.2778203113837,1863248.4939533,377974.937223787
1986-02-01,,,,,,,34.7514093594324,,,,,,,,,,,,,,,,,,,,,,,,,72.49,,,,,103.7211,63.8809233563712,117.277242854129,54.0879418990512,0.790891334680549,0.875357885347606,0.970485452026452,0.678015896935044,1.29590445930343,0.722469165246699,0.852072037150784,0.312385588143656,0.711042905417632,0.638922276947297,0.816542819905448,0.60599278877363,0.965239808513959,0.404986692178125,0.526192732615237,0.341116819196662,,13.707401439655,1913056.09487393,521067.705121428
1986-03-01,,,,,,,35.3640388508041,,,,,,,,,,,,,,,,,,,,,,,,,77.5,,,,,110.1404,59.1277325929251,116.849857901249,49.9912129245256,0.830433199578628,0.914999075861166,1.01212262815669,0.712084765603027,1.34514504729565,0.757683755190151,0.878267671513304,0.349411019432856,0.753300757763886,0.661161024748525,0.845245869883497,0.624935775062429,0.997600504661821,0.445547977370197,0.541811326535903,0.387256257948229,,13.2992252321118,1908082.98705337,751407.0948433
1986-04-01,,,,,,,35.9524369312702,,,,,,,,,,,,,,,,,,,,,,,,,80.5,,,,,112.0406,56.9336234729583,116.442838129674,48.3575000162944,0.884890564476078,0.976617840943001,1.08697759568266,0.773518671642649,1.43197509960991,0.80275030251707,0.907996392545489,0.396248109258716,0.807165325412241,0.689290708220342,0.876407989817105,0.63971407078851,1.03462284706878,0.459760177778832,0.557482986509613,0.387385846254597,,13.3449826290113,1939316.57104574,405383.24178476
1986-05-01,,,,,,,34.7151052035238,,,,,,,,,,,,,,,,,,,,,,,,,80.5,,,,,114.8355,56.2223104677133,116.150336662951,48.0348221556213,0.965091543422654,1.06563859522373,1.19079869282642,0.863144479255282,1.5469342021754,0.862837121458802,0.938754915801824,0.440044198055666,0.886537480992487,0.723660764849181,0.93093370561524,0.724124502231818,1.0711835165781,0.499029353870621,0.571994999827591,0.404872367549753,,15.3235898830946,1986345.46200222,110706.675127853
1986-06-01,,,,,,,35.8903377342639,,,,,,,,,,,,,,,,,,,,,,,,,84.63,,,,,115.146,54.3801394673223,116.064782473495,46.3865537049379,1.05897733921634,1.1764669982327,1.3212932309114,0.96081282654643,1.70955260993819,0.942244642225473,0.993028363582831,0.47794553894399,0.985814272103957,0.751435204182892,0.980651373731655,0.783418346439464,1.11217592677003,0.555551397909447,0.585371979217455,0.408063566131514,,16.5586172507832,2176627.43122035,167527.173172576
1986-07-01,,,,,,,35.8433433770981,,,,,,,,,,,,,,,,,,,,,,,,,90.08,,,,,121.3494,51.9474904047192,115.90795521197,45.3393422614418,1.14440129685955,1.27218530032189,1.43827148632477,1.0368436431402,1.87460751252848,1.00539952361106,1.04120761457226,0.585077533214215,1.06161480415773,0.787277213393558,1.03510059716374,0.808905924203632,1.17441018441042,0.627799492705966,0.601682668300005,0.470192593658614,,19.8067111155075,2546266.67406408,171325.624296686
1986-08-01,,,,,,,36.1962081175858,,,,,,,,,,,,,,,,,,,,,,,,,95.17,,,,,126.2962,57.6555933759125,115.898717591594,50.277792203765,1.25689158677982,1.38270052691932,1.57621749833614,1.14218589247071,2.04545038737662,1.07396915107324,1.0912935368508,0.673034867080368,1.14794162254701,0.916218841296007,1.08290681400283,0.862076900451943,1.23154249861373,0.800453976302487,0.759296539802161,0.782710660338976,,22.2102818810772,2705256.72871749,130770.96135337
1986-09-01,,,,,,,36.1993845349221,,,,,,,,,,,,,,,,,,,,,,,,,100.89,,,,,130.7686,59.4535482663802,116.221691938021,51.3724239323807,1.37232462778496,1.50438085780436,1.72656254740077,1.25168326132449,2.23744722884344,1.15151735913974,1.15508277992083,0.371451130268785,1.26142457186977,0.97383697957682,1.14896923254601,0.929540549318326,1.29399286115351,0.878833981205498,0.825924030628386,0.835924829331673,,27.301324695719,3611391.85337215,157202.757932911
1986-10-01,,,,,,,37.0583168980103,,,,,,,,,,,,,,,,,,,,,,,,,99.66,,,,,133.8353,57.8980616982488,116.434278795772,50.9180764116835,1.47719479410361,1.62747777720368,1.86324128314415,1.35277721861345,2.38475694895675,1.22654732147576,1.22457676521942,0.485789029866183,1.34970775378423,1.01046262977325,1.21002045265218,0.953594984446553,1.36134392011218,0.954818546591232,0.852066729193059,0.895516848499975,,33.7810238499633,4081673.60406915,230724.810626473
1986-11-01,,,,,,,35.6783494662044,,,,,,,,,,,,,,,,,,,,,,,,,95.61,,,,,132.6815,58.6043475904641,116.869408401286,50.060044453115,1.59779088988697,1.76253816803503,1.98718228276686,1.45343620444613,2.5337364294334,1.35625635562669,1.28186779372731,0.54292344197001,1.51746859474155,1.06627818847251,1.26771121532386,1.00506196075771,1.43708691016494,0.992373285550039,0.945302773572078,1.16058609480068,,39.3358683440689,4725270.93907798,346144.298322921
1986-12-01,,,,,,,36.2900551060139,,,,,,,,,,,,,,,,,,,,,,,,,99.28,,,,,132.7156,60.7010214204983,117.000987509981,51.9836955198487,1.59621454888072,1.78538332043405,2.05088941738587,1.47989024417189,2.67864357213567,1.33028000845041,1.34681653537173,0.589779703526523,1.43552869471631,1.13211388322536,1.34293872177664,1.07378280536815,1.53936959964156,0.972399057339657,0.973467033426268,0.91905584233651,,48.3051874445659,5433677.52041215,417616.96513872
1987-01-01,,,,,,,30.4262103075711,,,,,,,,,,,,,,,,,,,,,,,,,96.74,,,,,136.1684,63.1851224589282,117.387608987708,53.5371339185399,1.6427136318448,1.83204731816404,2.119387986384,1.46524265060938,2.81304517233806,1.37135906310793,1.40475053099827,0.624205887772782,1.4944394426385,1.21019595216031,1.46273110791176,1.13395556742219,1.66837151573815,0.940391351913794,1.00162175794107,0.95784249242581,,61.3675049915489,6265424.9577822,380323.900414521
1987-02-01,,,,,,,33.4653921101851,,,,,,,,,,,,,,,,,,,,,,,,,96.71,,,,,137.4009,63.93474882836,117.811989274061,53.947907780971,1.73269041719561,1.9320792473547,2.24763558155705,1.58403429755583,2.98105318631659,1.43947212479442,1.45340816935641,0.644567109630355,1.55026330543035,1.29487256891329,1.59819489320183,1.32236539467945,1.79706426510121,0.945100030048674,1.01048307205886,1.0046965699278,,79.1216160742601,8112018.82736096,495315.271111355
1987-03-01,,,,,,,35.1758419237682,,,,,,,,,,,,,,,,,,,,,,,,,95.55,,,,,139.0916,65.9174960336371,118.365256278116,55.2135654185024,1.85233310822235,2.06326664166254,2.4093998169948,1.69708093942006,3.19444011017728,1.52177697520475,1.52239646518615,0.691842720280524,1.65225307951473,1.37260205201919,1.74216162879796,1.45397864355947,1.94463369866775,0.994122283407507,1.0230246563008,1.08214769588485,,99.1493459426005,11196110.104622,1299440.58531993
1987-04-01,,,,,,,33.3517007848508,,,,,,,,,,,,,,,,,,,,,,,,,92.97,,,,,139.2941,66.8173517850776,118.966541002311,55.6017321478047,2.03091364694721,2.22665051197251,2.5970236591109,1.82242685861823,3.45072829803272,1.64891219519923,1.61166367079325,0.754414712747767,1.8140821390667,1.56344796394882,1.89496563248312,1.53328894424401,2.12854947416763,1.19879210681717,1.29313039724876,1.13497502825347,,128.044723143747,14576439.6410995,1684929.42950995
1987-05-01,,,,,,,35.8018927487477,,,,,,,,,,,,,,,,,,,,,,,,,91.5,,,,,139.2732,68.1454367828025,119.822171030727,56.2801455158559,2.22296428099896,2.42806462957381,2.84118448604414,1.99411361191311,3.7793865634584,1.7757894783264,1.69256912640517,0.816080588107289,1.97682973214299,1.70400460257447,2.04168049446063,1.6201826928253,2.32703457431551,1.34917785392213,1.32576227774233,1.44971676380967,,145.325622793851,16205310.8067338,1710495.0072922
1987-06-01,,,,,,,32.7931797664922,,,,,,,,,,,,,,,,,,,,,,,,,91.64,,,,,137.1388,69.8931170132609,120.448385834764,57.7481654644192,2.41970487990261,2.65440595636811,3.1226280359669,2.18995915568739,4.15407816534138,1.91722417418164,1.78711005712371,0.889270035269561,2.15530512601363,1.80635164128975,2.19098467381154,1.64664453951499,2.55419509324307,1.46958081394337,1.34090684904147,1.64740299486771,,164.148495078966,20784185.6403581,1847208.25289695
1987-07-01,,,,,,,35.416934998931,,,,,,,,,,,,,,,,,,,,,,,,,91.26,,,,,132.4679,70.7056446290786,120.729130639568,59.1540195609147,2.65071464058144,2.92417181145889,3.44492894766217,2.40159732471496,4.60381072062869,2.10517959738534,1.88866443954879,0.987078050037391,2.41135413001618,1.92085818124244,2.37051380276136,1.75916001894104,2.76496410214162,1.58620292373695,1.40966415946275,1.7533731491806,,230.228537559958,30698298.695737,1964457.41078093
1987-08-01,,,,,,,35.22677571039,,,,,,,,,,,,,,,,,,,,,,,,,90.22,,,,,129.27,68.2433545736594,121.041954615984,56.9823739849505,2.90010601457059,3.18228378693327,3.74492904981491,2.5951007584641,5.02872639875975,2.2954850815257,2.01709609882272,1.11843397894664,2.65404228810604,2.14070277003253,2.57677648262923,1.92642938425959,3.02299422821723,1.80814052153097,1.71194007876079,1.87634732617366,,282.893960633732,36147779.6563668,2217832.45857154
1987-09-01,,,,,,,36.4691505022684,,,,,,,,,,,,,,,,,,,,,,,,,89.93,,,,,130.3209,68.6332389251491,121.330525737052,56.8262079502399,3.14406829230013,3.46379793175762,4.09848844435864,2.83552184229554,5.50837641899256,2.46630848453829,2.13763971531693,1.05672822905427,2.87431106076042,2.247217882281,2.77867501808701,2.05478311591814,3.2594582871254,1.85132837506287,1.72381000035471,1.94584363638801,,330.024277564828,52749582.2222444,4360226.81603053
1987-10-01,,,,,,,37.7503042172712,,,,,,,,,,,,,,,,,,,,,,,,,90.1,,,,,126.9016,67.2308388338342,122.007292657107,56.0681534351963,3.43184413165673,3.78591431248096,4.45620041425976,3.07080934441147,5.98648540238398,2.70703605773536,2.29196424486178,1.15937632185551,3.19567677544302,2.42121692831402,3.13193552766308,2.40377893598779,3.57218101705553,1.93615908452903,1.73274112643424,2.07316047085195,,194.123488219128,31565755.9829631,2987505.62777444
1987-11-01,,,,,,,36.2973955118594,,,,,,,,,,,,,,,,,,,,,,,,,103.91,,,,,129.0206,67.5633873891979,122.443006141119,55.1514369926994,3.70402274836135,4.14890387841531,4.86903418295599,3.32683827026836,6.59585942771068,2.98233496065678,2.47275197927145,1.24202465833939,3.5419864983364,2.47139153665028,3.24957409648545,2.40618291220721,3.8057558813441,1.92379685904935,1.74126217433399,2.3214761799083,,107.944897272367,19357374.7373179,2540290.84057032
1987-12-01,,,,,,,35.8586731321568,,,,,,,,,,,,,,,,,,,,,,,,,122.04,,,,,135.8289,63.2632910481959,123.177644603415,51.4080967708809,4.11903168542857,4.55328573109643,5.32032729931716,3.51013837480261,7.42567514947736,3.29253046389436,2.65621539255575,1.30579974105033,3.96446032296695,2.980634923167,3.58570541403778,2.59169597972313,4.29740666579621,2.52061161948101,2.40216190404679,2.57666898237779,,109.362605594433,18265254.9552981,1211267.63253558
1988-01-01,,,,,,,24.3200810625533,,,,,,,,,,,,,,,,,,,,,,,,,157.07,,,,,129.5655,65.0309712498555,123.624377378106,52.3944549188916,4.64394200522234,5.02650303050856,5.92087824352251,4.0007152819914,8.06975473271596,3.60565128186359,2.84155447498884,1.63826407650906,4.38902207771714,3.65050363328544,4.17366041600969,2.86083552419824,5.03123422323736,3.21110765950187,3.08505646152582,3.48527604509086,,144.543532838573,28646630.9472031,1285248.62476234
1988-02-01,,,,,,,25.1987921942173,,,,,,,,,,,,,,,,,,,,,,,,,153.52,,,,,120.267,64.34260649728,124.236161440756,51.5413388438172,4.99631261895128,5.50201174397827,6.55664749803282,4.42870883928232,8.97769949289326,3.86261085883497,3.06678065165109,1.77612030433399,4.63682617556862,3.75189386141186,4.31456674076003,2.99488931231195,5.23765895864484,3.20171181097412,3.09886003470683,3.55151338943669,,204.420308882755,35400091.0390015,1596559.47690636
1988-03-01,,,,,,,24.3695465071593,,,,,,,,,,,,,,,,,,,,,,,,,96.48,,,,,117.731,64.6459702426578,124.637511292455,51.5368641617456,5.25903342502246,5.83317806018235,6.92381592212677,4.62498812357796,9.55574447124648,4.1279590553807,3.37066147868532,1.8713974469879,4.91832382137079,3.86355208001343,4.54685731582812,3.2347377125925,5.45083156241385,3.24269581442553,3.11576463235899,3.60973932625037,,176.681515501259,34895704.8597136,1592408.88717057
1988-04-01,,,,,,,24.7072343583374,,,,,,,,,,,,,,,,,,,,,,,,,63.5,,,,,115.6377,65.6743419988952,125.511652723431,51.8577755968182,5.44240390561689,6.01361240715952,7.07941755257709,4.70289149621837,9.80553992803831,4.33833187346919,3.65147614595558,1.95928418622515,5.11433082167145,4.00561295306988,4.77237507517797,3.46192800902386,5.65386174755957,3.26930463430257,3.13140446685796,3.62004211708231,,160.054398717788,35018377.2729216,1210047.81979206
1988-05-01,,,,,,,23.74217467032,,,,,,,,,,,,,,,,,,,,,,,,,53.12,,,,,113.3594,65.3256742495879,125.967749555868,51.3238290526401,5.58850970042849,6.16899899995185,7.18166826167307,4.77342153509631,9.9504261964485,4.5526381688677,3.95530813909878,2.07559718266383,5.29264607879365,4.10106099980219,4.92489730183075,3.65252585259039,5.80581633965978,3.30865220785362,3.14255720871223,3.64899684935726,,184.280027763168,37476630.4455466,1061034.51669053
1988-06-01,,,,,,,24.037541450241,,,,,,,,,,,,,,,,,,,,,,,,,40.41,,,,,109.4543,64.278986182036,127.020646491453,50.4307877674147,5.73429355437045,6.29842487758349,7.26025678929854,4.81696852297822,10.0706964904113,4.74840517551675,4.23781842182583,2.15794539365803,5.4557738172447,4.25762178598996,5.29222353342264,4.086419698692,6.07256481255767,3.34086551990222,3.16301403199255,3.65346428927915,,184.444744411341,37679586.2619891,2087062.55124924
1988-07-01,,,,,,,24.8371360478636,,,,,,,,,,,,,,,,,,,,,,,,,40.32,,,,,105.0227,63.499170660125,128.268353433012,49.8645171698165,5.86728265337845,6.40586603372228,7.31903913993951,4.8807505648272,10.1123910846114,4.92094416873752,4.53027124463657,2.28083162654161,5.57049185445181,4.42474434845875,5.65829176034956,4.1577365684006,6.64656684650143,3.39756948656545,3.18409484533776,3.68649777977749,,188.311640679409,38259831.8824555,1815675.30438709
1988-08-01,,,,,,,20.4813398857324,,,,,,,,,,,,,,,,,,,,,,,,,41.34,,,,,103.5539,63.4353945840568,128.988297303455,49.5659006178765,5.96564529738675,6.51413060287714,7.37755809907542,4.92318290338939,10.1866930338118,5.09507707484063,4.81258494961762,2.38614574810891,5.69735605035834,4.47955929052375,5.7438925321917,4.30684785996323,6.73502043217662,3.42566592793045,3.20244849728395,3.72589621916884,,191.411654402222,40156477.2251002,1817457.12645684
1988-09-01,,,,,,,20.2287767532106,,,,,,,,,,,,,,,,,,,,,,,,,41.84,,,,,103.5706,61.8317841261206,129.437745810382,48.0001737874338,6.060300208015,6.57975850739103,7.3550534421528,4.92305530214737,10.1305106554904,5.28150821339143,5.0908804151892,2.70695228976768,5.81454152638696,4.61506667271465,5.99762778465622,4.71669115411,6.83581854776026,3.47182117580564,3.21236154311188,3.80329450036557,,192.594251023354,38980117.914033,510623.238210961
1988-10-01,,,,,,,18.5550866111006,,,,,,,,,,,,,,,,,,,,,,,,,44.51,,,,,105.1657,58.9983814185919,129.736278457513,46.2368256394152,6.13971178844494,6.64517827482323,7.33610235627982,4.9466317493922,10.0470852774517,5.43801957399356,5.39112463646569,2.80505502547485,5.90934360156875,4.69756969865843,6.20776551871416,4.83731290680586,7.04256790905577,3.51807373232668,3.21391538122037,3.87405093721795,,194.831885565114,43290871.037426,878400.628956085
1988-11-01,,,,,,,10.9133142530569,,,,,,,,,,,,,,,,,,,,,,,,,50.0,,,,,106.5602,62.944018103399,130.024700325807,48.4191482024805,6.21250699467369,6.71204728952068,7.34414923752077,4.98546000511934,10.0031442282817,5.5991773837854,5.62581849367041,2.87967491362595,6.03021782737146,4.78355759121232,6.44491610944755,4.9553324776008,7.42970279998116,3.48092391818872,3.21649789108802,4.04765708513306,,221.55964131682,48543940.4540503,2332771.20232368
1988-12-01,,,,,,,12.5997662860108,,,,,,,,,,,,,,,,,,,,,,,,,52.3,,,,,104.5994,65.5160392619985,130.665539763815,50.0772969865445,6.23324812715922,6.74746960401928,7.33851339805862,5.02874682245606,9.94923208789971,5.66317735108138,5.86066894241476,2.95006765930357,6.00066708878127,4.81263131384008,6.51130939271531,5.08253175076956,7.50718557197853,3.38698859998004,3.08147103034083,3.78774995470581,,221.180433525576,48605333.1068731,1467860.56920728
1989-01-01,,,,,,,11.2995927162005,,,,,,,,,,,,,,,,,,,,,,,,,50.78,,,,,101.257,67.312188691543,131.765954318784,50.9683107944728,6.26128212942446,6.8329466445386,7.35508328162549,5.07651488053137,9.88332605996805,5.86683252839809,6.17171220420314,3.06459344444492,6.18865435659916,4.8001141800882,6.50108116327183,5.02635298804013,7.42590284981527,3.29947374075803,3.0867805084591,3.76032269960223,,220.106302809261,31565499.1091655,1221089.06927913
1989-02-01,,,,,,,11.8903755054938,,,,,,,,,,,,,,,,,,,,,,,,,49.15,,,,,101.0364,69.5699666663315,132.072976986822,52.5255092983961,6.30931598587967,6.91612086295639,7.35849561244375,5.10199717480531,9.86806470818238,6.09075658145738,6.47152290691741,3.16665868216156,6.34216434827287,4.79110265619771,6.4374480124114,4.94531663032758,7.48723001634936,3.25058358338521,3.09808795672993,3.73342974602961,,217.02208732303,31255323.1170099,492290.389924908
1989-03-01,,,,,,,11.8598040489767,,,,,,,,,,,,,,,,,,,,,,,,,47.79,,,,,100.9411,71.2559531992191,132.860463836327,53.481960281343,6.38488003952075,7.01702060425665,7.40106931526105,5.14532466702532,9.90107750053983,6.26949937471335,6.70086132732939,3.27069053245698,6.51512192713532,4.82313843492014,6.52786645209109,4.98748309706834,7.59574934271827,3.27824900369703,3.11553992557632,3.76696773515108,,234.364792470377,33610643.7701985,1138925.57491472
1989-04-01,,,,,,,12.0655981326242,,,,,,,,,,,,,,,,,,,,,,,,,50.09,,,,,101.3574,72.3306364741733,133.111881283686,53.8905020705736,6.50639840298308,7.11972169530658,7.47368794726033,5.21004810296226,9.97246705950592,6.40072499325451,6.91203685529916,3.37853103093487,6.61629344567457,4.94157073796336,6.66211626017788,5.1284179429994,7.68672825762217,3.34360266008513,3.13278662504372,3.84236234339958,,268.769163129211,37546973.2400724,859684.352254824
1989-05-01,,,,,,,12.3380177845023,,,,,,,,,,,,,,,,,,,,,,,,,51.83,,,,,99.1265,71.2923182321382,133.483435488894,52.8366991431335,6.63616654226459,7.23016269568549,7.5375849021351,5.27262730321614,10.0355249285306,6.56698407718201,7.15699817289961,3.4877209483387,6.74564566464062,5.08900708055656,6.89871105166074,5.56110615225056,7.79939633197879,3.40499884731111,3.14873946479434,3.89759041681458,,285.467523343526,41468048.0180142,1133388.64212476
1989-06-01,,,,,,,11.7166139230131,,,,,,,,,,,,,,,,,,,,,,,,,56.68,,,,,97.8152,69.9601668212518,133.22209370917,52.4870689770631,6.74670079496759,7.33763172841466,7.59510003882917,5.31594711385535,10.1060213040464,6.74010099601313,7.40196659827832,3.59745669175658,6.8872731240063,5.17632957226707,7.1336368133797,5.83787231625112,7.92029617752582,3.42202395262328,3.16662934823284,3.91989137429574,,339.018755707687,47132650.0362054,2393631.00593921
1989-07-01,,,,,,,12.776464618912,,,,,,,,,,,,,,,,,,,,,,,,,47.03,,,,,100.4449,67.9536268886262,133.032510453255,51.2823499812734,6.85505204155718,7.45198420801747,7.65770405771419,5.37512047436291,10.1638682754813,6.92241493542562,7.66144130723637,3.68318374954305,7.04215552997285,5.24579266109148,7.27641200940027,6.14690229680682,7.97552478373894,3.48742997593645,3.18819028759762,3.97168276469042,,351.364007536339,50369686.9896057,3313303.11000838
1989-08-01,,,,,,,13.30753075251,,,,,,,,,,,,,,,,,,,,,,,,,34.76,,,,,100.1042,66.6490197302807,132.932440922182,50.4651806494646,6.97064952205955,7.58204153415146,7.73958593832633,5.4597878636272,10.2284851715308,7.11545143223752,7.93416804113229,3.78084549727863,7.20692797237626,5.29742260128045,7.33551900886507,6.30928721100448,8.02945457727785,3.55733694310704,3.2025566759274,4.06109359712186,,389.034676339797,52662058.5218704,4260205.97401372
1989-09-01,,,,,,,13.7102314485837,,,,,,,,,,,,,,,,,,,,,,,,,34.35,,,,,99.6116,66.7828663640772,133.133662227947,50.4234678075952,7.09362564851473,7.73562930767071,7.85254042389263,5.56541331069443,10.3372183500484,7.31995994646864,8.24020536487193,3.60475004460555,7.40186362162303,5.32022301362863,7.32213946839664,6.10675776944052,8.09712285623632,3.64108329774907,3.24219520804309,4.16562502505574,,426.389421839169,61693761.9463718,4357560.94484086
1989-10-01,,,,,,,14.8423004431241,,,,,,,,,,,,,,,,,,,,,,,,,37.92,,,,,101.6471,66.5540711540789,133.232746101662,50.491825634559,7.22937065864377,7.89132323734415,7.9602242142136,5.66844611278952,10.456995447205,7.51044328548925,8.5307729683705,3.69779415814423,7.56308172585058,5.36621546353831,7.39389730638464,6.10635154638897,8.18142210256498,3.73103038256421,3.35054097582967,4.22692344476128,,400.187209118133,57142029.6105013,5943629.75671444
1989-11-01,,,,,,,10.9750951791012,,,,,,,,,,,,,,,,,,,,,,,,,38.99,,,,,101.8439,68.5356493927059,133.335479114529,51.4839968986226,7.31120575873012,8.02478616544039,8.06169698470159,5.72856773354749,10.5722420924682,7.70713503754166,8.80368599964489,3.79177442609925,7.72209468217083,5.36411122615456,7.41612219992374,6.04345550410713,8.32919565928314,3.69901881950909,3.37805789407433,4.36342044532429,,375.948077420183,56196379.4946184,3347549.8895404
1989-12-01,,,,,,,14.3308518399349,,,,,,,,,,,,,,,,,,,,,,,,,40.55,,,,,101.3978,70.2326222269941,133.600082836008,52.4189098209793,7.44983124723055,8.17088635237507,8.17166726763792,5.88106220587704,10.6528115626451,7.88788243339514,9.06600562129433,3.88200078891444,7.87213004730534,5.50333560363735,7.46569345278407,5.81316460078187,8.57022731455482,3.84634568460876,3.42784837593036,4.50406584883295,,436.878217995502,60357049.1725298,5692953.82235463
1990-01-01,,,,,,,14.9525752339418,,,,,,,,,,,,,,,,,,,,,,,,,41.29,,,,,99.588,71.7419728171858,134.221034597715,53.4136746590179,7.67511200460324,8.36488360281461,8.31820010648948,6.06112577516047,10.710057080534,8.14145276242767,9.35195513883049,3.94173237862461,8.16502516681791,5.91808531312617,7.84138160018304,6.44340934774416,8.70064991504403,4.22776022486617,3.45753233208844,5.8037338460334,,466.690502970912,63379795.689692,2824646.62632938
1990-02-01,,,,,,,15.2161604636466,,,,,,,,,,,,,,,,,,,,,,,,,45.2,,,,,99.1407,71.7821000543327,134.070928593538,53.4552931107936,7.82191692489336,8.47223613850954,8.38785657030445,6.12397022213884,10.7672373449797,8.32928600020998,9.60806977133081,4.02286672099337,8.29362647189476,6.15402058711934,8.25296033673201,7.35440600782673,8.87227545695932,4.21761110594313,3.46824654446523,5.89836664401128,,501.195565929937,66773967.2325314,4727038.09230347
1990-03-01,,,,,,,15.7682959448769,,,,,,,,,,,,,,,,,,,,,,,,,46.65,,,,,97.9166,68.9943206392324,134.276132647229,51.2946706025054,7.97354111532775,8.61827301550483,8.48203153417534,6.22789181845558,10.834596996651,8.54491985976879,9.89411885538516,4.13222336678255,8.48906515430888,6.33337265776112,8.67551520276847,8.12360734469797,9.07295987283021,4.24419106328764,3.48218429860129,5.93143355791674,,489.838629884054,67623318.3969062,3733488.90665834
1990-04-01,,,,,,,15.8285658735559,,,,,,,,,,,,,,,,,,,,,,,,,44.64,,,,,98.1292,64.6889446410606,134.497640545548,47.7941047947779,8.12915422582457,8.81244825419014,8.62344517515694,6.36136927761532,10.9678258703202,8.79630902922103,10.2455705550529,4.26794325680018,8.71112405221114,6.35648108911801,8.58886582145967,7.42668908846929,9.33897415803837,4.3244983890499,3.48842099139454,6.02818245733128,,529.250567773732,73326136.1669728,5003600.88810719
1990-05-01,,,,,,,15.7576933640785,,,,,,,,,,,,,,,,,,,,,,,,,36.92,,,,,99.1225,64.4352023623914,134.581482619632,47.4556441561978,8.31183189721094,9.04395264390704,8.82143037374526,6.55073173927549,11.1584267343956,9.064170826827,10.5724250105016,4.38995142599595,8.96765131554891,6.38362936360414,8.52960720157868,7.02091770916126,9.52463922897343,4.44173906974522,3.52847669800979,6.18376852224198,,600.578589473992,80529909.6705461,6797818.21792302
1990-06-01,,,,,,,16.3461288076854,,,,,,,,,,,,,,,,,,,,,,,,,32.38,,,,,97.8908,62.4416639990223,134.738746944579,46.3537483919048,8.51976133786957,9.29992511896169,9.06683821568758,6.77845371543204,11.3975052736398,9.32584554756043,10.9226531202864,4.528516641392,9.1971571115703,6.44662052619851,8.424084140694,6.61192716096719,9.58051581454486,4.70083760021264,3.83152334781754,6.4261525389677,,598.259364358761,84408908.7389659,5215451.9185881
1990-07-01,,,,,,,15.7417438669303,,,,,,,,,,,,,,,,,,,,,,,,,30.66,,,,,98.7806,66.3817963002388,134.808500652577,49.2905637415066,8.71656179442454,9.5302720813843,9.27982670134578,6.96445971029676,11.6215453345462,9.57140237212928,11.2830467879627,4.6641380048104,9.39690209015914,6.53906589126051,8.53607378209782,6.76068124328962,9.69417997669927,4.82146339088871,3.85369269159295,6.63793305362023,,666.917123190259,93035643.5044021,3148130.78486776
1990-08-01,,,,,,,16.1280663231741,,,,,,,,,,,,,,,,,,,,,,,,,29.72,,,,,100.5097,79.5391614974729,135.527836563301,58.9724836703792,8.91302964964872,9.7388508738583,9.45998825651554,7.1293713383503,11.7975669964366,9.81271384141107,11.6414566827084,4.79978753125126,9.58821961989215,6.68159015200585,8.75931743991054,6.96189219488744,9.98042814403344,4.91237289501833,3.87494142683784,6.76343860491055,,568.859400440834,83486938.3827074,4104328.2327808
1990-09-01,,,,,,,20.0223959022933,,,,,,,,,,,,,,,,,,,,,,,,,30.14,,,,,101.6499,88.0713309231968,136.371407445245,64.7920084400441,9.08424737659585,9.9189672054973,9.59996955158197,7.23940137237572,11.9639952623833,10.0425827255657,11.9906738217702,4.90458537526964,9.7726298428421,6.81444010335142,8.95736823947325,7.09148513551428,10.1709895479416,5.01056805618853,3.91142454344657,6.88676462101073,,533.206985833277,85068549.8767295,4668405.55267496
1990-10-01,,,,,,,17.8300319914681,,,,,,,,,,,,,,,,,,,,,,,,,28.7,,,,,104.2062,86.2521853294801,137.31127179261,62.916780143438,9.24648531638722,10.0976056599769,9.74085342184756,7.37523448095055,12.1336398930849,10.2390761180834,12.3410733285319,5.0146162431382,9.90799869590581,6.88647955189913,9.09349531475866,7.26415983362028,10.2598985904557,5.0848275155931,3.9511341349914,7.05725728828561,,617.87959471261,90770529.3849027,5043257.37584758
1990-11-01,,,,,,,20.4793224576895,,,,,,,,,,,,,,,,,,,,,,,,,24.82,,,,,103.3488,84.8782456056473,137.306262012902,61.9913915840509,9.46382945909123,10.3427021432212,9.94575148208144,7.53610165187219,12.2954239870061,10.5448195518307,12.7063220777889,5.1414754906843,10.1999460607512,7.12720756811136,9.27667480224878,7.62862318078097,10.3712421500999,5.35227220075351,4.37438717105554,7.35859957197843,,619.058990750427,94633870.2721421,4628004.62244724
1990-12-01,,,,,,,19.7074806627995,,,,,,,,,,,,,,,,,,,,,,,,,25.99,,,,,99.7171,78.2231468700855,137.248331308137,56.7967290202789,9.65940537288495,10.5480012270459,10.1079021764908,7.73168366139719,12.4913245645343,10.8250004446545,13.0522370081288,5.30772293200623,10.4595424275679,7.25559887267632,9.35546295206423,7.53201060116393,10.4996017359731,5.51874850941038,4.46720220522167,7.4374602647587,,644.891977265996,95433409.8251193,4018434.62919872
1991-01-01,,,,,,,21.8734354365432,,,,,,,,,,,,,,,,,,,,,,,,,23.64,,,,,97.9159,71.8967419207259,136.966682055608,52.5224768533462,9.78937903557557,10.7283479016732,10.2389070411662,7.81662105265898,12.6478451393817,11.0586790958825,13.3952403355116,5.44854640736243,10.6639187354537,7.37309010750645,9.5070378666856,7.62505962013263,10.716805594299,5.53968617060054,4.48814715114734,7.61598132376461,,647.699308929449,98462648.1317549,2011439.76135348
1991-02-01,,,,,,,19.9553984771234,,,,,,,,,,,,,,,,,,,,,,,,,23.15,,,,,97.8073,67.3872022157579,136.623348928577,49.2384528732772,9.93930079102608,10.9007084991212,10.3813212295547,7.92671262890009,12.7963866805681,11.2794214417911,13.6901181847163,5.57570245396751,10.840610290058,7.47330409465982,9.54318112830735,7.45728203295753,10.9789737920364,5.62353660319158,4.58085113155551,7.79538533227776,,694.242501651229,100963739.277538,4275107.30544406
1991-03-01,,,,,,,20.6791749110182,,,,,,,,,,,,,,,,,,,,,,,,,22.04,,,,,93.5347,68.4268095420984,136.30996748214,50.1617318831332,10.0935336692901,11.0729484685559,10.5246566267266,8.05130453551148,12.9513959023064,11.4923524444679,13.9584249294198,5.71944333804069,11.0278544160154,7.59386236057304,9.68938459278295,7.77824788797597,11.009034942283,5.7823984795638,4.70500567823071,8.02731878549678,,795.457639933357,115036346.803052,5022636.49152579
1991-04-01,,,,,,,20.088381848839,,,,,,,,,,,,,,,,,,,,,,,,,21.12,,,,,91.4418,68.6963830835836,135.983014615268,50.2637151434696,10.2283467755799,11.2171781959104,10.6594632447219,8.16017805500434,13.1048223008376,11.6365180232272,14.1975913032312,5.86267647556261,11.1275024482803,7.68553725800504,9.7392752514436,7.96505969981577,10.9333680868986,5.85233189341438,4.71443137013748,8.12410179367978,,901.055905234101,132541483.163669,7791736.27636176
1991-05-01,,,,,,,19.7886972670717,,,,,,,,,,,,,,,,,,,,,,,,,19.77,,,,,90.8643,68.9728567762243,135.699975175698,50.4246808954366,10.3624045803789,11.3415076128155,10.7645037761418,8.24389619479089,13.2297033417638,11.78417012542,14.4133180644753,6.01990802648125,11.2386984153725,7.7983430342034,9.92133356213854,8.31428426798085,10.9628704003416,5.91374743352042,4.72986082158951,8.20654900381905,,1006.39680752884,171684228.337423,8518443.56534469
1991-06-01,,,,,,,20.8831456944047,,,,,,,,,,,,,,,,,,,,,,,,,17.74,,,,,88.8185,68.0805882820136,135.564083840183,50.254376622198,10.4918687381955,11.4688319622254,10.8715764638722,8.33427073459194,13.3452755855756,11.9354861958268,14.6072728710396,6.18039575276854,11.3661788034279,7.90698043374989,10.1647519355105,8.79055539144147,10.9814191996717,5.93061613371113,4.75423381049644,8.2583895750137,,1045.53246809425,178491490.707953,8672202.05817836
1991-07-01,,,,,,,20.0627767561971,,,,,,,,,,,,,,,,,,,,,,,,,18.47,,,,,88.4219,68.0207522780749,134.978516689704,50.3487446290708,10.6235498760583,11.6082911138049,10.9815905047852,8.40630139809811,13.494871861298,12.1089467311517,14.7968550662703,6.31594496269998,11.5403765198977,7.99734731854734,10.3033831325079,9.02195792796041,11.0819338647531,5.99317379389278,4.777951721819,8.32082947005932,,1190.54563903544,203709561.809498,22845742.8970012
1991-08-01,,,,,,,20.6768253808192,,,,,,,,,,,,,,,,,,,,,,,,,16.71,,,,,89.2298,66.7601239364295,135.638740556098,49.4346833445923,10.7433484376801,11.747353558092,11.0911744139429,8.48024592701579,13.6372777838404,12.2831896623162,14.9810235362869,6.45083346723359,11.7146331958008,8.05814465554465,10.3675878356784,9.0871181303283,11.1919098162387,6.06773107048072,4.79633798782391,8.41319936788675,,1241.05734492158,219992420.890529,9048061.35310232
1991-09-01,,,,,,,18.30537704364,,,,,,,,,,,,,,,,,,,,,,,,,17.55,,,,,90.5193,67.4472567104507,135.5481157161,50.006116454371,10.8836549526347,11.9173307049456,11.2521072080479,8.60317720290695,13.8336408542905,12.4593988285328,15.191636356081,6.51725745836749,11.8950483774892,8.11992335010145,10.4169499921652,8.94275654075452,11.3520300052218,6.15708459747123,4.81341877017049,8.53964894411587,,1306.44666371004,244347628.719039,19583603.0162937
1991-10-01,,,,,,,19.3034657585195,,,,,,,,,,,,,,,,,,,,,,,,,17.87,,,,,90.6981,67.4153913884182,135.725886863844,50.0709679971426,11.0453756115501,12.1037991023486,11.4164371957576,8.73958140613431,14.0731136709193,12.654476279222,15.4206387547414,6.69241410472323,12.0813821475008,8.1589697883037,10.5408847845696,9.07343905586155,11.4824472513733,6.18368873671406,4.82376027153255,8.60803769189969,,1388.7102911519,262858255.036052,8286741.1580606
1991-11-01,,,,,,,17.2891121942156,,,,,,,,,,,,,,,,,,,,,,,,,16.62,,,,,90.203,67.3058988422939,135.79355641549,49.6386364068377,11.3020618528681,12.2849846322061,11.5550456544438,8.91618853713782,14.0108096044537,12.8584531573123,15.6817279061026,6.81904926807335,12.2660573735269,8.73244957971093,10.5651043024902,8.99648758326382,11.5899410255951,7.23144970055293,5.91117825836186,9.87527763842218,,1366.86938429217,267699996.272486,9497868.20841897
1991-12-01,,,,,,,20.3827480236708,,,,,,,,,,,,,,,,,,,,,,,,,16.65,,,,,89.4401,64.2902484476906,136.069404630813,47.020123037982,11.4814601639402,12.4154861326055,11.6833322834611,9.14344427236352,14.1309985204605,13.0552206042774,15.9675645854971,6.93366082415844,12.4146399075614,8.89469197230965,10.4890618333482,8.54457673269247,11.6501913216188,7.70314104119026,6.31208826947261,10.1790572958485,,1426.93476126287,295440763.053069,12700094.3582696
1992-01-01,,,,,,,15.9085380627798,,,,,,,,,,,,,,,,,,,,,,,,,15.31,,,,,88.3777,65.7466867264198,135.733600176592,48.3960734940233,11.5883300931069,12.5590594215052,11.7328926703119,9.14007752410541,14.2327177213462,13.3148227507798,16.2925491148973,7.09053450923934,12.668927318139,8.9863646868852,10.6393026495439,9.05538382958876,11.6625719061704,7.67508350820187,6.34561194488159,10.1784602504439,,1665.69364498087,326394550.694628,13506490.068226
1992-02-01,,,,,,,15.7991959250553,,,,,,,,,,,,,,,,,,,,,,,,,14.56,,,,,86.2608,66.545434483512,136.152214271653,48.7884871999003,11.7017166673305,12.6612170709782,11.782664553492,9.13388890959131,14.3333420856368,13.4814308106289,16.5189847097005,7.21792380817649,12.8018101050008,9.13117855452121,10.8714263117802,9.65563941053891,11.6504260481544,7.67556090312617,6.36953007536984,10.2668920076603,,1939.27273623546,379902330.403967,14337527.5462766
1992-03-01,,,,,,,14.5186430887253,,,,,,,,,,,,,,,,,,,,,,,,,11.84,,,,,84.4599,67.5550262870372,136.396056933303,49.4937002788082,11.8227383746924,12.7680925315821,11.8426574720297,9.16638404882683,14.4241664268499,13.6557760962016,16.7071865029264,7.35021465906318,12.9660399487153,9.29273386682067,11.212256459541,10.5115928609549,11.6825488442226,7.72098087970994,6.40586797851593,10.3505386997388,,1850.52292024272,406524295.84893,20174106.545678
1992-04-01,,,,,,,13.809688393706,,,,,,,,,,,,,,,,,,,,,,,,,12.44,,,,,84.4496,67.101693072219,136.489484042842,49.0097220805084,11.9419298635897,12.8947833464317,11.9206897175504,9.20790868225502,14.5350280669584,13.8465464939735,16.8932078210454,7.50867278671953,13.1727982510427,9.40527452392184,11.2477575505788,10.446478679666,11.7672243607862,7.801163361873,6.44262809786787,10.5068318196267,,1835.3200996395,424793996.55028,13925704.8397211
1992-05-01,,,,,,,13.9966281029842,,,,,,,,,,,,,,,,,,,,,,,,,13.6,,,,,85.8513,67.9501057510431,136.989323075587,49.3328721439623,12.042325841367,13.0552942499368,12.0481268001081,9.29982211591946,14.6932942153809,14.047974535688,17.090151742993,7.64269882293799,13.3932928266855,9.33577424803518,11.0101380933808,9.59560198763331,11.8986605474466,7.88325321825822,6.50140310945355,10.6303978418786,,1769.73131288451,422034585.327387,15350966.2530835
1992-06-01,,,,,,,13.5649836730338,,,,,,,,,,,,,,,,,,,,,,,,,15.03,,,,,87.3854,69.3771467816318,137.499190658257,50.4320856528253,12.1387968332592,13.1997184966279,12.1503306597665,9.37919773466884,14.805672226488,14.2455464807865,17.2934822164296,7.80017745409685,13.5980719108647,9.31735648736266,10.9123760016985,9.08792792934664,12.0753752936252,7.94783263870305,6.56261511174078,10.7307701646878,,1615.10510002838,408469468.423074,17651533.1188119
1992-07-01,,,,,,,14.4769724263904,,,,,,,,,,,,,,,,,,,,,,,,,16.23,,,,,88.6282,69.2452996522262,137.401183220174,50.3387534111829,12.2541909004561,13.3454538603909,12.2611500410381,9.4650695961776,14.9314773614746,14.4308400908423,17.4808937545984,8.00533625348335,13.7853448923545,9.34823290534039,10.8741259066172,8.87983544002182,12.1678366077319,8.04556888388338,6.62003891473386,10.8469478348553,,1574.30390711989,396327865.452024,12958875.2916129
1992-08-01,,,,,,,13.8869749234936,,,,,,,,,,,,,,,,,,,,,,,,,16.49,,,,,88.2803,68.7530014431841,137.537000056968,50.121083616044,12.3766513264072,13.4940135968368,12.374054741341,9.55422733360631,15.0603126801324,14.6210434847823,17.6707427675424,8.20126658968517,13.9759955923723,9.40115008023831,10.8770926949601,8.72608958435538,12.2907783602629,8.15251266435251,6.66790852462725,10.9862755938518,,1387.39509734453,354191541.296041,6241421.79560192
1992-09-01,,,,,,,12.4063647700343,,,,,,,,,,,,,,,,,,,,,,,,,17.54,,,,,87.458,68.3469649404077,137.718479130603,49.7859478695674,12.5138628081261,13.6516352819044,12.4869702590747,9.65030868345925,15.1835518869341,14.8351240713656,17.8486973050874,8.88458779765672,14.1636193332532,9.49589810688965,10.9618476181519,8.81112699818964,12.3830804208988,8.24679349436201,6.7148274940964,11.0861813811655,,1381.5172582654,348990570.279222,7566386.05116299
1992-10-01,,,,,,,11.3890569194426,,,,,,,,,,,,,,,,,,,,,,,,,19.39,,,,,86.2347,68.3975695689653,137.91546645827,49.9931972732348,12.6534934021621,13.7869040039586,12.5940216808223,9.72663499189139,15.3608116638329,14.9970098201432,18.0041495260872,9.06334643896412,14.3242628261623,9.58058235603485,11.1537028495017,9.05690777815997,12.5058763713752,8.3180495028578,6.75230373913603,11.1563004809941,,1621.6869338109,398743206.748109,15093827.3812872
1992-11-01,,,,,,,10.6047246979674,,,,,,,,,,,,,,,,,,,,,,,,,18.15,,,,,83.0397,68.0882465173408,137.950005446103,49.3977025062042,12.7748010599097,13.9973798478414,12.7675642803206,9.79668584546401,15.5362607186111,15.185459990348,18.1837498747346,9.2028288214985,14.5290675862831,9.65454712716518,11.2789684327507,9.29633399353451,12.5731013184389,8.35546101563405,6.81105533149552,11.335970654301,,1689.10000786675,414749820.795988,12124226.4904222
1992-12-01,,,,,,,9.80139284403849,,,,,,,,,,,,,,,,,,,,,,,,,16.88,,,,,81.6362,68.4479205765701,137.998630758836,49.3973372913459,12.8862561503764,14.048366271863,12.8175213296534,9.91135324985571,15.7204946932964,15.3330360463821,18.2380370112372,9.33527015627146,14.7256217765689,9.7160134219425,11.5350039393444,9.74682801067878,12.5496773805876,8.40644292730601,6.76178402568563,11.2317715629457,,1714.12537526101,416930733.748967,9292001.88703302
1993-01-01,63.2721,103.7917,32.321,68.1225,56.7688,,10.0669820089007,,,,,,,52.53,55.06,56.17,53.12,19.59,,,,,,,,,,,,,,16.72,,,,,79.9239,67.7628636137883,138.203801981501,49.0267736626273,12.9581465717043,14.1418495778777,12.8659617822111,9.92402637367447,15.7892149973721,15.4916444842859,18.3449972000671,9.46779792497087,14.9262469017117,9.75132296205608,11.5335489850767,9.86525334580124,12.6463949897595,8.41018185119359,6.84799043097943,11.2492345210369,,1664.16278543248,408618392.205556,11244603.2613827
1993-02-01,65.7545,104.8151,32.3376,70.0405,59.0697,,9.56713022825455,,,,,,,53.22,55.89,57.36,53.68,19.31,,,,,,,,,,,,,,17.74,,,,,78.937,68.6726724463429,138.327524459202,49.5917195507639,13.0273892048997,14.2534802691325,12.9583477545539,9.99994692361251,15.8747633006117,15.6057674772421,18.4616697695904,9.58987488265891,15.0316741236281,9.75281834133602,11.427974385875,9.48038349329932,12.6999688227985,8.43592708953832,6.93326155286651,11.3100308657976,,1590.76197614904,392430761.282368,7955668.48593493
1993-03-01,66.2255,106.035,32.1504,70.1838,59.7769,,10.0439729854203,,,,,,,53.79,56.41,57.94,54.2,20.11,,,,,,,,,,,,,,17.47,,,,,75.0528,68.4448487073244,138.441479744604,49.4336329483827,13.0785189333191,14.3480456494498,13.0280096045279,10.0521361579041,15.95740927808,15.738234097829,18.5892951468298,9.75957431932455,15.1638783518619,9.71587217254202,11.3020821039136,9.18694287662927,12.7163018644707,8.4669956087371,7.00462180011722,11.3495790532462,,1751.65985508884,407296031.936533,13045935.7422975
1993-04-01,65.3943,106.6224,32.2493,69.1643,59.2051,,9.23530353458957,,,,,,,53.19,55.64,56.61,54.7,20.83,,,,,,,,,,,,,,16.17,,,,,73.4863,67.9898858132116,138.960197013256,48.8505021178428,13.1240154128745,14.4230680593609,13.0781356874111,10.0634643042594,16.0016628349438,15.8566132565024,18.7294602960975,10.0078595341229,15.2591387532711,9.78293883220791,11.2174200459321,9.06781177834179,12.6995641170404,8.51829673206399,7.08160616757512,11.5081145245497,,1675.31438734306,404764763.197219,13986927.5757708
1993-05-01,65.3882,106.1717,32.1387,70.6638,58.8206,,9.61919517811469,,,,,,,53.98,56.5,58.08,55.04,19.66,,,,,,,,,,,,,,15.04,,,,,74.1314,67.0929595867599,138.845648742843,48.174224082362,13.2068809826711,14.4773171925134,13.0943869604488,10.0639312370355,16.0140012758619,15.9582723977927,18.8502423556259,10.2424150070439,15.344187729184,9.91546053510686,11.3725264235654,9.38043267047415,12.6704081972515,8.61459685219146,7.18414584896096,11.6207932810385,,1547.21550843414,387060482.876941,6157982.50541374
1993-06-01,64.9011,107.0555,31.6767,69.2022,58.5179,,8.87993507253708,,,,,,,53.57,55.94,56.88,55.27,21.78,,,,,,,,,,,,,,15.5,,,,,73.3886,64.3267081645391,138.651110691677,46.3173303007358,13.296641945849,14.5607087739674,13.1377550446865,10.0785356676233,16.0767196841919,16.0833781267375,18.9567192591929,10.4181164996896,15.4740971294339,10.0300032190871,11.5053238094999,9.66374388910298,12.6863426653073,8.71953630824344,7.27878153134324,11.7343075255237,,1716.21236174474,416557692.349979,11250105.2052421
1993-07-01,65.49,106.8649,31.381,68.8052,59.7532,,8.47559752235612,,,,,,,53.51,55.8,56.8,54.91,23.42,,,,,,,,,,,,,,13.85,,,,,72.055,64.2900120324257,139.144886572888,46.1560554425256,13.4052588656622,14.6659629038739,13.2148316878582,10.1324626812815,16.1618947859621,16.2204682948,19.0820722522292,10.5771576702762,15.6315084469435,10.1327409326345,11.5968508618171,9.73686358949017,12.7844867424643,8.85359927279723,7.37509334934334,11.8323068747895,,1787.72314994377,431440269.367025,18797807.6363775
1993-08-01,65.6464,106.86,30.9203,69.6096,59.9778,,9.61363032623672,,,,,,,53.25,55.76,56.65,55.0,21.79,,,,,,,,,,,,,,13.68,,,,,71.8167,64.2837889907872,139.272630276093,46.2035814735107,13.5451339594609,14.8064274548704,13.32949744109,10.2340447711141,16.302748792685,16.3839167208426,19.2058940926273,10.7044729975806,15.8194706124648,10.2274931200051,11.6759618961173,9.87426568307165,12.827467295028,9.00003903526559,7.47659448529863,11.9347312035146,,1878.67120738323,446569284.127962,16567361.734123
1993-09-01,65.4956,107.6221,30.7684,70.6264,59.6101,,8.53793144069741,,,,,,,53.71,56.3,57.37,55.15,22.31,,,,,,,,,,,,,,13.71,,,,,72.3752,63.8891355791469,139.265656141244,45.9735981603233,13.689674078195,14.9447088712569,13.4462799158337,10.3086372171771,16.4742916705694,16.5467973432338,19.3336850663563,10.8417105383274,16.0133182140077,10.3663942619135,11.8025901265864,10.1481236208832,12.8882232326546,9.15194461923074,7.59492956243199,12.0467220660579,,1898.0631441211,459822026.108566,14779059.1394005
1993-10-01,65.7836,108.6661,30.1154,70.8825,59.9081,,7.9736299045723,,,,,,,53.78,56.2,57.51,55.04,22.7,,,,,,,,,,,,,,13.13,,,,,71.6809,62.7302504089684,139.419391628336,45.4959242411334,13.8181577123071,15.1106517909152,13.5794778751787,10.4110530325263,16.6624085598953,16.7505144411969,19.4876425112787,10.9853107141911,16.239034601372,10.3477268567788,11.7616008701072,9.85659236394257,12.9431035461058,9.25870458186992,7.63218292533965,12.1540911959528,,2056.33198354953,485732014.585817,21014028.3566123
1993-11-01,65.8207,108.9154,29.5358,72.8205,59.32,,8.60547759847134,,,,,,,53.54,55.99,57.2,54.96,22.82,,,,,,,,,,,,,,14.38,,,,,71.431,64.0939021393433,139.730889604718,45.8454740868446,13.9291500546691,15.3088915002403,13.7487644631074,10.4880425969532,16.828276800125,16.9031896439377,19.6618373695001,11.1476965473005,16.3704140355517,10.3807315979008,11.7550927912219,9.86036506151649,12.9809042036075,9.34917458878549,7.68667283788115,12.415480967236,,2161.74898386619,522377496.132668,33655679.5536642
1993-12-01,66.8254,108.9011,29.1006,74.8668,59.9168,,6.1497206042625,,,,,,,56.05,57.79,59.25,55.09,23.39,,,,,,,,,,,,,,11.78,,,,,69.6727,63.9823778365382,140.211245773348,45.4810998905119,13.9705010794819,15.282477956447,13.7177207613408,10.5599697954799,16.9194010909979,16.9910152721702,19.7437024452981,11.3010252315658,16.4670469361618,10.3827084191032,11.8997722877569,10.0154097297798,13.0062915209285,9.44631766021405,7.63791266003208,12.358904698822,,2501.41306426978,597439677.27563,34111263.4735866
1994-01-01,67.2987,107.6874,28.6621,76.5828,59.7743,,5.92288313679485,,6.12543215325876,,,,,54.56,56.89,57.42,55.6,23.85,,,,,,,,,,,,,,10.52,,,,,68.3142,66.3711555128964,140.402232694611,47.2370543518424,13.9659175674855,15.276159350276,13.7197100156611,10.5743185059176,16.8856422195865,16.9908537554054,19.8193407005959,11.4376282766298,16.4141146499287,10.3937495839371,11.8826890232499,10.2887771922448,12.9657787767101,9.38021241867684,7.69740038579629,12.3651052722291,,2763.1559293016,662390578.897523,32792332.817466
1994-02-01,66.9466,106.4122,28.0423,79.3695,58.2504,,6.12573838047471,,6.26315861453786,,,,,54.92,57.09,57.63,55.93,25.56,,,,,,,,,,,,,,9.45,,,,,68.8684,64.7248731300852,140.567320004957,45.9536370623086,13.9894601533053,15.3448563595902,13.7618349891417,10.599821566682,16.9228378460764,17.0710264581943,19.9095683813523,11.5888166559968,16.4609065581329,10.3562949467737,11.7092080417115,9.76340105906462,12.9523579610023,9.38380516667512,7.79550345214783,12.3585335886994,,2641.64990584195,652823006.093998,36793697.889097
1994-03-01,67.68,106.7279,28.2107,82.2326,59.0241,,5.45068068564445,,5.75691172355178,,,,,55.06,57.22,57.76,56.23,25.39,,,,,,,,,,,,,,9.73,,,,,73.2466,65.9942817280787,140.901681586512,46.8241208760643,14.0128368816663,15.3734274453503,13.7715350425976,10.6372162114485,16.8823653323886,17.1226800247546,20.00283484437,11.763254605491,16.4924968273315,10.3883512960941,11.6863913102969,9.86962128473688,12.871588211457,9.39567751587623,7.86848171325242,12.3925909653859,,2403.76845844484,626386029.612579,26282697.3757298
1994-04-01,71.1011,106.6318,28.0239,83.7218,64.3441,,6.21048898777047,,6.20449029031013,,,,,56.05,58.34,59.87,56.91,25.04,,,,,,,,,,,,,,15.79,,,,,74.6595,66.8037498824734,141.198236630828,47.3082290005893,13.9942624175773,15.412560015261,13.7989487779838,10.5921267666594,16.9012619338363,17.2119943603499,20.1115169126186,11.9630338951976,16.5504673330068,10.4215605582369,11.6020361576585,9.74429471683882,12.8864008634566,9.3354308303132,7.93613684481228,12.429665806165,,2326.77234313545,604854239.487389,22430077.662095
1994-05-01,68.3977,107.2562,27.6585,82.5758,60.3941,,5.57178812798215,,6.1550079497474,,,,,56.29,58.28,59.37,57.37,28.3,,,,,,,,,,,,,,16.36,,,,,74.1242,69.108447562237,141.352758591385,48.8227594077701,14.0671439753005,15.478726491459,13.830386738825,10.5848219104923,16.9529444197089,17.3063676990651,20.2197687317217,12.171136275903,16.6343319099012,10.4821556301116,11.6275689170904,9.66690923232507,12.8968944904076,9.42350037178504,8.03958362675773,12.4797593492293,,2456.26439949628,627209507.266851,20893298.6238938
1994-06-01,68.3319,106.6036,27.7263,82.0977,60.8122,,5.72156926598797,,6.38646442844658,,,,,56.69,58.74,60.05,57.56,28.29,,,,,,,,,,,,,,16.18,,,,,75.5373,72.3766647440899,141.898793671209,50.8621649009085,14.1648548381394,15.5938603809683,13.926946204169,10.6432852291406,17.0720265891964,17.4209093817617,20.321520297748,12.3653668832774,16.7359361508617,10.5431173619884,11.665289104053,9.75998676380887,12.8935510002382,9.50873237899853,8.11175251236241,12.553607609238,,2324.23228913584,608265241.66573,21765028.332129
1994-07-01,68.221,106.8347,28.0444,81.1009,60.7607,,5.2400615707713,,5.54781822499445,,,,,56.94,59.1,60.39,57.91,27.66,,,,,,,,,,,,,,17.07,,,,,77.6318,75.5394913629851,142.173712593073,53.076365011321,14.2902026222955,15.7093535720371,14.0365115512694,10.7242272731505,17.1903873465065,17.5385205787627,20.4342234981558,12.5276429806263,16.8748051853705,10.6607079599546,11.8347298206592,10.0039027961683,13.0016210762553,9.63455301011078,8.1541807134763,12.6508319688994,,2480.59240675414,628620163.120554,16303540.1047456
1994-08-01,69.0267,107.1098,28.1424,81.627,62.035,,4.99717640570119,,4.96796122072637,,,,,57.23,59.48,60.93,58.06,29.07,,,,,,,,,,,,,,14.46,,,,,77.0657,73.6559215397483,142.84265135368,51.5174760282829,14.4572032199746,15.8613359479992,14.1708593705601,10.8816550542413,17.3319708535487,17.6943329024313,20.559040679907,12.6830916743663,17.0378101541204,10.7738734240372,11.9876039507377,10.2885370610775,13.0577266893387,9.78745056675425,8.22669989526595,12.7654880049486,,2640.8961513705,668498607.039986,38308690.6429471
1994-09-01,69.247,106.2435,28.5867,80.4358,62.8821,,4.83094435799409,,4.84549581197605,,,,,57.25,59.61,60.89,58.2,28.41,,,,,,,,,,,,,,13.76,,,,,77.8151,73.2416184036482,143.651826813362,50.9877623903241,14.6288468957409,16.0251429006038,14.3498528057136,11.0857106303156,17.4678556482357,17.8285137726293,20.6995304990331,12.4401780066625,17.2490558199974,10.8921425733812,12.095266498424,10.5231860666182,13.1339346559896,9.93792286789758,8.31371407825514,12.8814395030893,,2790.92596367195,693424601.369516,25285557.7303971
1994-10-01,68.8108,107.1506,29.3433,81.2969,61.9279,,5.14749335233772,,4.83048542618048,,,,,57.48,59.56,61.21,57.95,29.69,,,,,,,,,,,,,,13.6,,,,,78.7498,72.6831951139853,144.205205003894,50.8513732910992,14.8102569617657,16.2301002740594,14.5534627359829,11.2870763799071,17.6609480330672,18.019888646554,20.8634461445248,12.5927154119355,17.429661237546,10.9660285901911,12.233878553356,10.6445237204379,13.1521133572939,10.0656176873914,8.35951726630997,13.0243785568054,,2619.26469422072,684283581.954825,20161779.156734
1994-11-01,68.5997,106.1538,30.0844,78.8902,62.5259,,4.38127222259307,,4.29467901579839,,,,,57.85,59.8,61.54,58.23,30.9,,,,,,,,,,,,,,13.74,,,,,78.6637,74.5152363462533,145.037312568301,51.3071483639208,14.9431264513207,16.4582604911595,14.7754945257681,11.4615265308692,17.817523082323,18.2046212791354,21.0406471398326,12.786204024489,17.5984949015308,10.9852932520226,12.2873271477107,10.7575154775912,13.2516769153085,10.0632280463357,8.327712055196,13.1952023583101,,2525.83962375732,669539548.121579,19574944.0448575
1994-12-01,68.4207,105.8587,31.1314,77.6352,61.6284,,4.91234467608595,,4.89831314776952,,,,,57.14,58.73,58.2,58.55,29.14,,,,,,,,,,,,,,18.51,,,,,88.0884,75.3357513599581,145.95772740209,51.5959537962405,14.9898022506826,16.5047748923594,14.8190080266475,11.6145306758111,18.004272096578,18.3142052084154,21.1490992988994,12.9618821589654,17.7422825062955,10.920841010792,12.2620355733999,10.6879885327326,13.181308566268,10.1954616214421,8.32011672964441,13.0969773757393,,2279.33216561912,615492343.337504,20972397.0260324
1995-01-01,69.4007,106.2631,31.7634,67.3648,65.1579,,4.51168319068312,,4.60863856037036,,,,,54.5,58.19,59.82,55.73,17.91,,,,,,,,,,,,,,37.25,,,,,120.6125,76.0602587780843,147.089709148257,51.7596254247743,15.3869257763315,16.9439863490394,15.3590008400245,11.9452494897977,18.7368923277698,18.6652146425166,21.5711817398039,13.0998547510527,18.0931620235133,11.2145306771819,12.6562071843066,11.0081903163,13.7711690442369,10.2718730954774,8.62529615476956,13.1751898360775,,2075.0063129697,567540100.659402,29735376.2309
1995-02-01,63.1809,105.0044,32.7778,54.9929,59.7701,,4.29078418114869,,4.24328356835663,,,,,53.93,57.68,58.94,55.74,16.6,,,,,,,,,,,,,,41.69,,,,,120.75,76.3340586860828,148.293813332767,51.4779680044971,15.9786310939993,17.6464666965799,16.1235035435376,12.502267650339,19.6702200003488,19.2239200727064,22.284520604698,13.2724075320518,18.5917711592935,11.5839961842149,13.2949341041466,11.5784185219867,14.3484870037084,10.3072800998405,8.66732277541496,13.3757907447601,,1571.42627587389,474051333.740248,14101911.5873326
1995-03-01,62.1735,105.4631,33.272,54.9939,58.3184,,7.72924884438964,,6.06978005351039,,,,,53.25,57.06,58.1,55.53,16.46,,,,,,,,,,,,,,69.54,,,,,138.4297,75.9567571667812,150.024726287761,50.687798408721,16.8647850144871,18.3792379412026,16.88489014083,13.0955290969636,20.6001270497175,19.9030751717545,23.0739238818631,13.4804298424483,19.4168470719068,12.7283902016652,13.9935020716505,12.4311249636427,14.9607725255582,11.6903324915699,9.66983063049316,15.5823715313115,,1842.61984880989,510180857.43518,13866091.4391986
1995-04-01,59.5703,105.8449,34.3213,55.1989,54.1828,,11.3666208572534,,11.2472461974186,,,,,52.7,56.09,58.05,54.13,17.84,,,,,,,,,,,,,,74.75,,,,,123.5495,76.4555725115735,150.269026170851,50.7878456003638,18.0918137241692,19.7010313342957,18.3411500791944,13.9802854214339,22.5465387714287,21.0935746925109,24.5804557589462,13.716010125751,20.6669148193625,13.8952590601817,14.6131527476014,12.8748673151583,15.7934702006014,13.0984834715901,11.445486607215,16.8448741348861,,1993.05698745434,544991165.512632,14465117.45121
1995-05-01,59.2231,105.8569,34.8267,50.0569,54.7432,,9.79821027329501,,10.3634262899993,,,,,52.21,55.74,57.44,54.11,17.59,,,,,,,,,,,,,,59.17,,,,,112.2471,75.9613184821048,150.739480971353,50.2926325040305,18.8803969338043,20.6582770427037,19.4967264462308,14.8230500828849,23.9949274582111,21.7682654232518,25.614610550793,13.957282291912,21.2084448659258,14.2610244105423,15.2697851319997,13.6515278290813,16.2721545290026,13.2380401387163,11.5149993784901,17.0491301515022,,1952.25500537308,522693276.862225,14654298.870662
1995-06-01,59.5463,107.0046,35.3925,52.2498,54.6361,,10.1785754897807,,11.1959776198228,,,,,52.59,56.11,58.0,54.15,17.92,,,,,,,,,,,,,,47.25,,,,,114.1509,74.8403636299842,151.080786009743,49.399851272911,19.5388493136421,21.4269819646077,20.3933321401822,15.5554658053441,25.0221337762845,22.3370972949834,26.4107007571299,14.2567535094454,21.6443991171411,14.6425372288553,15.9127962829169,14.7181051923303,16.6483632484878,13.4236138812033,11.6582168385272,17.263047880023,,2231.83516526033,598212152.28144,13497763.4043714
1995-07-01,59.9993,107.2296,35.6966,51.9782,55.4637,,14.9587133347175,,11.4752525873546,,,,,52.61,55.97,57.54,54.33,18.27,,,,,,,,,,,,,,40.94,,,,,110.2455,73.7813467229735,151.558671371778,48.6318270787257,20.027148141623,21.9606154883909,21.0072610159426,16.1033315239218,25.6700583267872,22.7586074479266,26.980504820672,14.532801762017,22.0315273381288,14.9733122332881,16.3801081423843,15.6247829489987,16.8353792458154,13.7137285962779,11.8867021629103,17.4369098110471,,2378.07009474587,647059215.678082,19465906.0214407
1995-08-01,60.1166,109.1827,36.128,53.5746,55.3073,,14.8650206349342,,14.721298282978,,,,,52.78,56.04,57.83,54.12,21.13,,,,,,,,,,,,,,35.14,,,,,107.2578,73.4761032960807,151.103833234171,48.5537061995634,20.4961702309443,22.4774595507917,21.5619776870188,16.608195381476,26.3226833156899,23.2029415168654,27.4512853468933,14.8238817057945,22.443662247778,15.2298640323334,16.7536770451072,16.07368132405,17.1500371359576,13.9676248179359,12.0658840215093,17.6207215584496,,2450.47932191953,651577498.82316,20725764.8471606
1995-09-01,61.0916,109.3276,36.6596,55.9523,56.1452,,16.1714235166545,,13.3356764830731,,,,,52.84,56.25,58.03,54.35,18.25,,,,,,,,,,,,,,33.46,,,,,105.9845,73.6204350703659,151.013568619202,48.7376501635186,21.0013973272011,23.0346368969105,22.174902390883,17.1107593447397,27.056351603141,23.6670485426409,27.8902364461779,14.8767161430298,22.8853840339879,15.5287239355972,17.1098142637718,16.5695969342841,17.4981851822252,14.2412287754812,12.2510841383306,17.8991244238274,,2413.17709475026,634955688.245862,22301143.6646102
1995-10-01,58.561,82.3099,36.7831,56.3882,57.1851,,16.2738964384188,,11.2797229250403,,,,,52.59,56.24,57.91,54.52,18.28,,,,,,,,,,,,,,40.29,,,,,111.2667,71.8784577509786,150.995122347558,48.0729706362471,21.5565526080608,23.586302886095,22.7932027383902,17.6131906981896,27.7939435552742,24.116974419037,28.3544361056753,15.0468087799902,23.3353200528389,16.0122091324438,17.9562579607165,18.0444847102783,17.7476935680962,14.5425537339966,12.500168261726,18.1910464291254,,2376.9568001375,632542303.69119,19140616.5327534
1995-11-01,62.4612,105.4123,37.1829,60.133,57.8892,,20.4411586548596,,21.6837879829475,,,,,52.94,56.71,58.71,54.59,18.07,,,,,,,,,,,,,,53.16,,,,,124.2378,74.1510317848369,150.931041110806,49.0245483512109,22.0984056743632,24.1780487334061,23.4462382176028,18.2295009880321,28.3641810706416,24.6160730923387,28.8577763095599,15.2742394960215,23.9277910335722,16.5286428619612,18.8216473124829,18.6911219349492,18.8829211570468,14.7355942844837,12.7914057515672,18.4153884534926,,2636.34613041023,671573869.65056,20062368.0983136
1995-12-01,66.7275,111.5154,37.1942,66.7953,60.0872,,12.1685753457109,,11.6984206560323,,,,,53.96,57.35,59.22,54.65,20.12,,,,,,,,,,,,,56602.0409610493,48.62,,,,,119.7625,75.3319296747231,151.004710045293,49.9309490407884,22.6971029639949,24.7790923669822,24.1099996095412,18.8921501733852,29.221476322737,25.1385943165819,29.654774778806,15.5031572579733,24.4268221704172,17.0020303231482,19.4235036634311,18.9899607323742,19.6160975104402,15.379208692761,13.1521005621818,19.0473525862803,,2689.22203527899,676697660.402701,25752953.9188171
1996-01-01,66.2201,113.6475,36.966,64.3685,59.2792,,17.9823910575456,,18.0801790859413,,,,,53.72,57.35,59.8,54.14,20.47,,,,,,,,,,,,,54949.3984857458,40.99,,,,,112.644,74.6039172220263,151.045768534797,49.3748790185003,23.2724366884821,25.3503813001254,24.7687334210355,19.3926677335259,29.972200263941,25.6869355453789,30.3276563589054,15.9223483862539,24.9961356165806,17.533989776102,19.8659532801686,18.82018839468,20.6031470866601,15.8985065609596,13.5570074145123,20.2188292340889,,3034.53183904185,744022225.589977,26746643.9519788
1996-02-01,65.7852,115.063,37.2443,61.9125,59.7305,,19.3440595081215,,19.1786757045362,,,,,53.54,57.14,59.64,53.77,21.19,,,,,,,,,,,,,56496.7982648533,38.58,,,,,110.3057,75.1519946121264,150.83304092035,49.8041718808944,23.7543695555577,25.8643726309982,25.3243848751199,19.8194084264239,30.5859578947956,26.1213923211086,30.8371510499531,16.1249040709388,25.3981218295404,17.9453004165675,20.3986569632874,18.5139429885366,21.5640626127748,16.1148522895223,13.8935407297279,20.369065159559,,2867.16148074112,720567717.268596,25210819.6489066
1996-03-01,66.9376,114.5768,37.152,62.8123,61.4645,,19.5582426110623,,18.9343358409845,,,,,54.58,58.13,61.29,54.17,21.81,,,,,,,,,,,,,59962.6587168688,41.45,,,,,109.4024,77.8018941280681,150.288893442792,51.8251816419627,24.23967454432,26.3779194268929,25.9105551606823,20.3005722347128,31.2809537702583,26.5180579503957,31.3690379029211,16.372776827824,25.8330294749841,18.4192622862931,21.0312476988575,19.4138652916329,21.9928104050481,16.294901377884,14.1325433303951,20.5900948935815,,3088.13160704445,784931768.699795,46041569.1636913
1996-04-01,66.368,116.1394,36.9462,63.7146,60.2733,,19.7066943399638,,19.8373747171443,,,,,53.77,57.29,60.38,53.86,21.14,,,,,,,,,,,,,58282.790570796,35.21,,,,,104.7595,76.0424947938327,150.274739767281,50.5045757786438,24.8192238563323,27.0346966600642,26.6537667538725,20.9910641336663,31.9406580637246,27.1139509389176,32.1269992931905,16.6317059782286,26.404305369049,18.9795600705131,21.7434176877232,20.5864712972999,22.5894187465888,16.5883601417025,14.7132883505481,20.812794481318,,3204.19637028655,811526010.325679,28147981.2057779
1996-05-01,67.4209,116.1425,37.1298,64.7567,61.4966,,18.7480796820259,,19.4665741150988,,,,,54.19,57.68,61.13,53.94,21.39,,,,,,,,,,,,,60807.0060992923,28.45,,,,,102.2257,74.7344155740647,150.539623177169,49.5709850888116,25.336461443453,27.5214215965583,27.1335533421301,21.313027888548,32.5703674502624,27.5689277604981,32.6720666907625,16.8784603478184,26.8597667631632,19.4847701415486,22.5523518649428,21.2257681154605,23.3830883237635,16.8378935527145,14.9478163266633,21.0081502160046,,3224.24294764809,833594987.548479,29793760.9723526
1996-06-01,68.5587,116.5444,37.3195,66.4569,62.7613,,18.5780021970795,,18.2671153548354,,,,,54.4,57.86,61.18,54.28,20.05,,,,,,,,,,,,,63436.5886516239,27.81,,,,,101.9089,75.2391924700042,150.73049868543,49.8127319177262,25.8295044169856,28.0647307380361,27.6659516894536,21.7526156662846,33.2211999138486,28.0902970881016,33.110469015781,17.1247852883372,27.5069159227602,19.7963151022857,22.9068362992276,21.1270955647474,23.9972996208947,17.1398083765753,15.2327013188919,21.2549350038025,,3192.70980361985,846090761.560193,44103162.7860241
1996-07-01,68.3598,116.6485,37.3097,69.6031,61.8394,,22.701798570656,,19.5172514346225,,,,,54.81,58.38,62.12,54.24,20.74,,,,,,,,,,,,,62911.6845897996,31.25,,,,,102.004,75.4005794094578,151.158848423168,49.8469700759964,26.3155985912821,28.607813735663,28.2333807554246,22.177870032301,33.9127022198731,28.583731844022,33.6906382490884,17.3895338335637,28.017707181902,20.0981404351481,23.1943580131948,20.9381818237257,24.6276628617004,17.5028956427177,15.5112709149328,21.5769130409227,,2973.75260142692,809744960.726374,20916132.5337254
1996-08-01,68.3931,115.1643,37.4658,68.1889,62.5304,,19.916701644157,,19.2449675112268,,,,,54.95,58.37,61.8,54.43,22.43,,,,,,,,,,,,,64212.3044420271,26.51,,,,,99.9454,75.5895691877399,151.498139975631,49.833233587321,26.819264977404,29.1175377502857,28.7609999474569,22.6019063214347,34.6037855001398,29.0461643894584,34.1727171895511,17.6179175048588,28.4582603858114,20.4783445762709,23.6409539579164,20.9185974823842,25.343321107413,17.9098585171232,15.867433219416,21.9062667722617,,3236.73012112764,844653512.21725,25519413.0606935
1996-09-01,68.5651,116.6458,37.1106,67.5706,62.7331,,23.0997469815666,,19.0542613781885,,,,,55.45,58.51,61.93,54.74,24.08,,,,,,,,,,,,,66403.1812629699,23.9,,,,,98.5335,76.3909366963174,151.889694805852,50.2781361009333,27.3099929637775,29.6311200342813,29.2789862203168,22.9658197195986,35.2940711968325,29.5238878121,34.6255655354195,18.0431208355815,28.9177395344193,20.8580878378908,24.0189542963836,21.1544653887481,25.9125498472389,18.2913223527757,16.2161265733697,22.2177888259967,,3288.37418893201,841495109.581199,18941677.4205577
1996-10-01,69.8701,117.4797,36.9969,69.8607,64.111,,20.154354035476,,19.3444555614356,,,,,55.99,59.22,62.45,55.53,24.01,,,,,,,,,,,,,67270.3480434666,25.75,,,,,98.813,77.0602864025692,151.382269731181,51.3297427325294,27.7764518966828,30.1102294872431,29.7490467656717,23.3262917735173,35.8936784129889,30.0015852151288,35.0276707725911,18.228107989503,29.451617988174,21.2039564544377,24.5132911531082,21.3801897489838,26.2936388186594,18.6262377035083,16.5738569532283,22.4910012893316,,3358.83108439298,850685379.352773,22754459.0907009
1996-11-01,70.6266,117.5958,38.1497,68.9239,65.3797,,21.7127207372643,,23.853831464576,,,,,56.22,59.61,62.86,55.87,22.4,,,,,,,,,,,,,69753.6531504476,29.57,,,,,100.9528,77.1185949719479,150.228305592797,51.2200383794881,28.1578917735212,30.5611619499259,30.2477382280624,23.6858929215242,36.4618821955419,30.3928520944363,35.4675988296887,18.4939022334321,29.8795077307891,21.5729283993706,24.9520133025117,21.4562218570258,27.1770966240596,18.857004268472,16.9073819806172,22.7663393315483,,3276.93626889381,817379870.465021,21107981.8121786
1996-12-01,72.5336,119.3055,37.1823,73.3037,65.5811,,19.1427581403649,,19.5800345536506,,,,,56.58,59.93,62.96,56.09,23.63,,,,,,,,,,,,,71225.7227863344,27.23,,,,,96.4707,77.3544079846355,150.864571801079,51.3328244631594,28.8979874937441,31.1557927627245,30.7523211446306,24.147925822856,37.1526806663197,31.0437860447826,36.3355217265804,18.7562142109698,30.5885287488311,22.5600167647587,25.2634956141756,21.2404413967987,27.8173990065512,20.6475063174026,17.491132971722,26.1862497859577,,3286.69202246929,818128860.59753,21729031.6058326
1997-01-01,70.7048,119.2275,37.9364,68.2936,64.5134,,20.2858974733029,,20.3515729272272,,,,,56.59,60.06,62.92,56.47,24.04,,,,,,,,,,,,,72727.3284746212,23.55,,,,,92.2802,77.7198675834358,151.11106865798,51.3970429480722,29.3570166866698,31.6517227784958,31.4367714338024,24.7543974494425,37.7987861303255,31.4543870361567,36.9472234817587,19.0095157765018,30.9519403382096,22.8411839197603,25.8158700508025,22.0530904339033,28.3034268363401,20.7167343798214,17.614234189909,26.5438320760659,,3692.82271022487,899214844.367959,33807034.2075333
1997-02-01,71.2648,121.6852,37.5627,67.7815,65.6344,,19.5801008097065,,20.3492796650615,,,,,57.62,61.01,64.17,57.15,25.77,,,,,,,,,,,,,74304.6475988595,19.8,,,,,88.4842,76.8555782724696,151.221216097969,50.8069627010073,29.7747881941224,32.0882879299495,31.8177361489222,24.9622211816931,38.2896984061314,31.9295930568637,37.4094861724458,19.3845108376031,31.4003944049031,23.2212743904701,26.2027347408328,22.6788742346836,28.4422703596708,20.9652716080633,17.8727408177817,26.9126311840527,,3871.29310362734,941193087.881618,29958721.1092708
1997-03-01,71.7127,121.0769,38.1795,67.4225,66.4264,,19.7393250491298,,20.2890974301544,,,,,57.28,60.6,63.46,57.06,25.61,,,,,,,,,,,,,80249.9399445129,21.66,,,,,89.0033,76.7043210602263,151.839938323234,50.551072514298,30.1432665375253,32.427744409606,32.1146410001718,25.142865492046,38.73526187251,32.29699235738,37.8181288419032,19.6571689169337,31.8595005641088,23.7017286180761,26.6670798000824,23.7893968531235,28.3699604818115,21.2690352654936,18.1119698419228,27.4480473179726,,3707.47399007427,911865927.669037,20491545.6170212
1997-04-01,72.7842,120.9004,37.2789,71.1525,67.3707,,18.9034670632357,,19.4251179815647,,,,,58.4,61.6,65.0,57.87,27.79,,,,,,,,,,,,,79429.30344032,21.35,,,,,87.4502,73.670800385415,151.92510795565,48.4135474606919,30.4181156792022,32.8021027160513,32.4846191346507,25.3645178403175,39.1949780703925,32.6978696219939,38.2093580423596,19.964882131296,32.2970778999081,23.8152328098243,26.601118048827,23.5417951413951,28.6111893125724,21.4804682735944,18.2952424923856,27.980107899373,,3711.61123135163,908387920.70934,24370803.1113934
1997-05-01,73.5425,122.6554,37.2712,72.4671,67.7749,,20.0527451419377,,20.3306818396564,,,,,58.54,61.68,64.91,58.02,27.49,,,,,,,,,,,,,81079.4454522623,18.42,,,,,87.7243,75.7693358787099,151.838140905961,49.8487691626291,30.8027137002792,33.2471694523891,32.8801242293815,25.6190642866846,39.7254234955115,33.1689229195281,38.6366654724616,20.2471391995803,32.8484030063023,24.0276611866147,26.6174852179075,22.9626777366625,28.8979675291313,21.811018282927,18.6635080788864,28.1613484837822,,3947.97839854544,960280765.418772,19921597.0739437
1997-06-01,74.3644,124.3041,37.0124,72.0263,68.9587,,18.5132026689797,,19.5375210134345,,,,,59.36,62.28,65.93,58.2,29.79,,,,,,,,,,,,,82692.0580246767,20.17,,,,,87.6987,75.3354116251607,151.712050192217,49.5910597253437,31.1719973410297,33.6809249492861,33.2645958559971,25.9216081555477,40.2826212558073,33.6339422971702,39.0616933746354,20.5175686178754,33.3738927017025,24.1848182203557,26.5756875975029,22.5562182848033,29.1002047976545,22.1524207968787,19.0162960784866,28.3732428670459,,4340.97282345281,1038842973.85566,43501163.2901221
1997-07-01,74.9794,124.5809,36.9753,72.293,69.9978,,19.5029648331665,,19.3467414668459,,,,,59.18,62.06,65.42,58.26,30.03,,,,,,,,,,,,,84618.8303204593,18.8,,,,,85.2859,74.7569203507996,151.439700417133,49.332340848692,31.5768267735811,34.1122073913511,33.6471842682265,26.1552141628598,40.8031747979336,34.1004636995008,39.4962580817398,20.8175119712792,33.912082167694,24.5025308818946,26.9145468044218,23.50201790949,29.1417647373403,22.4717160061836,19.3220736934051,28.5851762533716,,4997.77997426592,1171541073.23924,50411179.2661866
1997-08-01,75.5317,125.8192,37.1253,74.2055,69.8807,,18.6020580707522,,18.1529697529876,,,,,59.77,62.64,66.17,58.63,29.85,,,,,,,,,,,,,86853.0919876583,18.93,,,,,82.3144,75.1358280096211,151.756058957666,49.4700116384597,32.0118111707641,34.508442875735,33.9605356521374,26.3766142007033,41.2651605261921,34.5799960200517,39.8975781187794,21.0657864751482,34.4424812832253,24.9105690776095,27.5493175814868,25.0965651893712,29.0870203498137,22.755454788638,19.5865382132601,28.7724116325953,,4616.27777347012,1117883337.1368,62107485.2499741
1997-09-01,75.6594,126.3382,36.9254,73.1704,70.3196,,19.0458282204288,,19.8584816491027,,,,,60.01,62.82,66.52,58.59,30.65,,,,,,,,,,,,,86966.7977669194,18.02,,,,,81.8914,74.4775507268204,151.807031236922,49.0802041526605,32.4250240758947,34.9625395858323,34.3905225185735,26.7649034627799,41.7101778617595,35.0325216120684,40.3351894727927,21.6135261357779,34.9546447639616,25.2412859055594,27.9347432844203,25.3529912363064,29.6098631793919,23.0364872338995,19.8803217356108,28.9398672913138,,5501.21704973146,1272595715.77066,44603057.1501079
1997-10-01,76.5777,126.5912,36.8537,73.2497,71.7418,,20.9128234340135,,21.5835001075695,,,,,60.61,63.54,67.36,59.08,30.4,,,,,,,,,,,,,88830.8152751042,17.92,,,,,82.204,75.007165531373,151.748078224849,49.7420496391337,32.7838916152823,35.3936140414875,34.7803233617387,27.0802653523429,42.203520379303,35.5125263743789,40.7277683376094,21.8302251039468,35.4926822210768,25.3506357238664,27.929982731484,24.5131008901765,29.8872533706177,23.3214272673425,20.2035845451452,29.1740038308025,,4889.12175841867,1162979440.05968,49182093.7127949
1997-11-01,77.1465,126.5482,35.9457,72.571,72.7772,,17.8471330514286,,19.3455986351575,,,,,61.22,63.83,67.86,59.16,32.77,,,,,,,,,,,,,91515.305106062,20.16,,,,,85.987,74.5993745486262,152.262824066034,48.9190909394872,33.0814699659683,35.8250173468787,35.1818400725825,27.3805766064347,42.6588653473538,35.9648868053527,41.3381386670964,22.1255953330642,35.9056989210891,25.5190270346145,28.0244687669018,24.4986047736903,30.2197771422829,23.4583713354501,20.4715733179554,29.3013341771862,,5052.24965182235,1214813020.95902,31816754.2331255
1997-12-01,77.2918,125.2873,35.9187,73.0959,72.6476,,18.5208860596099,,18.9187833133721,,,,,60.94,63.71,67.55,59.14,32.67,,,,,,,,,,,,,92558.4006203543,18.85,,,,,81.6067,73.5291785680554,152.698848149254,48.2029139195352,33.3662226555858,36.2301688912639,35.4970995891958,27.5629177020171,43.1759589274446,36.4336426520071,41.9543396798161,22.4095560430549,36.4032966672551,25.598523218036,28.2082556519343,24.7156234003902,30.3463990386526,23.7067405879967,20.6277229451522,29.4037673650334,,5162.29635771044,1238682948.01562,31295595.0624603
1998-01-01,78.2441,125.0087,35.6793,72.0354,74.7392,,18.4826645957271,,18.5085729477796,,,,,61.69,64.24,68.34,59.31,33.59,,,,,,,,,,,,,93887.3604128322,17.95,,,,,79.5093,72.5224099805029,151.418275442573,47.8295156325741,33.7894184603417,36.6239724616594,35.9087772558615,27.9209030661068,43.5575309930884,36.9516112219356,42.5924145788656,22.7564048894185,36.9385323833918,25.973544706369,28.6402381787461,25.8268190927793,30.4523669060282,24.0644470030489,20.802274434786,30.429715852562,,4674.51484043521,1143503011.1242,27966776.9283515
1998-02-01,79.4664,127.9537,35.2441,75.3879,75.2498,,18.1189156723934,,18.1076753468695,,,,,62.44,65.09,70.06,59.29,32.72,,,,,,,,,,,,,96051.1210069385,18.74,,,,,81.8795,72.4577067745149,151.72417015366,47.7313151200443,34.2997542015177,37.1993100035883,36.510633263537,28.517833419776,44.0714537097504,37.4693373277137,43.1198651416062,23.056628832611,37.4034712549512,26.3541527180104,29.0404327122021,26.5471498831994,30.6719042575423,24.264772394014,21.0124448952705,30.7262818782083,,4781.11090843618,1165780951.96632,28548104.7000179
1998-03-01,79.9636,127.4831,34.8072,76.8038,75.6541,,17.9544295292918,,18.1442909049283,,,,,63.54,66.07,71.61,59.48,34.79,,,,,,,,,,,,,96573.4769303901,19.85,,,,,81.6267,72.0409344173942,151.196963938974,47.6493817535681,34.7407399459744,37.5477749610899,36.8443953187141,28.7536747876305,44.5249820533629,37.8243874710046,43.5929496770512,23.354071174851,37.7721430011407,26.9738790676404,29.9114970077604,27.7991738933279,31.1831083392172,24.5064247900061,21.2342868127392,31.0794472037369,,4867.36162930647,1186341204.18032,30495621.2076231
1998-04-01,79.6364,128.3793,34.5883,76.3921,75.5146,,17.5753288111095,,17.6983669782887,,,,,62.8,65.6,70.94,59.44,33.17,,,,,,,,,,,,,100485.561780393,19.03,,,,,80.4115,71.6750282247812,150.921014170873,47.4338821694728,35.0727469257952,37.9766853205779,37.2677239286197,29.0511941322422,45.037769290358,38.254993622008,44.1125377146087,23.6327958517597,38.1731909558929,27.070183129498,29.9391754306679,27.6831551263953,31.469183657014,24.6819268043313,21.4561235223957,31.2506413022889,,4968.26533609339,1199385816.75952,27135374.6770194
1998-05-01,79.9695,128.4867,34.6673,76.4482,75.9211,,17.2302887113983,,17.842930673904,,,,,63.44,66.19,71.86,59.74,33.57,,,,,,,,,,,,,101910.459825052,17.91,,,,,80.6206,71.3961928658679,150.798444005371,47.3199617776798,35.5004921225199,38.4446694579765,37.7032350369435,29.3675288412383,45.5770888218354,38.731339033989,44.5871048539506,23.9609726804336,38.6581293244055,27.3613797444843,30.4154860527622,28.6061265078005,31.6256548568299,24.8200976297361,21.5489647600268,31.382830345565,,4441.09956869592,1122047705.70373,46719264.2986536
1998-06-01,79.0426,126.3571,34.6555,75.4577,75.1888,,17.4907408729723,,18.4637472144839,,,,,63.12,66.03,71.55,59.63,33.12,,,,,,,,,,,,,101958.324776411,19.5,,,,,81.8666,70.7171518021746,150.664502840615,46.893397867927,36.0164143795251,38.991434050419,38.3107475707257,30.1219341903157,46.124569608901,39.1763629348213,45.0449767087546,24.2494694280689,39.108614116028,27.7581435447697,30.924918959101,29.3702657750861,31.9128111484907,25.1731911067218,21.8055293255443,31.7337965094497,,4091.61380339452,1038679059.17442,24906667.41605
1998-07-01,79.2204,126.7986,35.0734,76.6565,75.4366,,17.5105980453792,,17.7087120148461,,,,,63.11,66.11,71.52,59.92,33.31,,,,,,,,,,,,,105002.942362022,20.08,,,,,81.0041,71.1259147302042,151.046806317203,47.0445507876396,36.5025225498774,39.467794832471,38.7739843735025,30.4395552284499,46.6947189505003,39.6446178791749,45.5133792026621,24.5600540609546,39.60038313943,28.2544502840698,31.6350922875233,30.3073309212459,32.5896191863649,25.4868694822742,22.0586316413549,32.0631241973683,,4181.02338966095,1034641674.33263,24890891.2304862
1998-08-01,79.6928,126.2837,34.5645,76.5923,76.0372,,17.9452967697451,,17.9412223137586,,,,,63.5,66.5,71.88,60.32,33.01,,,,,,,,,,,,,106742.253508408,22.64,,,,,83.0837,70.2215176844126,150.494218091234,46.6230327610668,36.9910314621196,39.9757731060869,39.2652525273394,30.8117945026942,47.3386066192405,40.1615196156172,45.9974928622303,24.7135348361339,40.1674443073614,28.5859990390627,31.9981557741061,30.0682988733488,33.1991079941716,25.804784741705,22.2779467802242,32.4531400923188,,3017.44363467563,811473198.694641,18335052.4987055
1998-09-01,79.5248,120.8713,34.3595,79.2525,75.6364,,16.7188631689294,,17.487353871421,,,,,63.37,66.43,71.49,60.56,32.56,,,,,,,,,,,,,106858.735570742,40.8,,,,,93.0844,70.1075563716979,150.780395997539,46.5535064537292,37.5587208871213,40.6668100113845,40.0567055009484,31.5747059209879,48.080512984753,40.6824594125818,46.6948113027092,25.5508725223934,40.6232175546808,28.9294184107802,32.4015931036391,30.1712359428873,33.7831505742049,26.0995360238785,22.4933225342932,32.801247375882,,3780.52302687701,896916749.226986,31626874.4367061
1998-10-01,79.6964,119.3116,34.4668,78.3779,76.35,,18.7532884727179,,17.8993325828284,,,,,63.66,66.65,71.97,60.32,33.88,,,,,,,,,,,,,109954.560734804,34.86,,,,,94.1694,69.7252287401657,150.39761620427,46.5794589799465,38.1551910638176,41.3063422837038,40.7891486993814,32.2901882871944,48.8407793636522,41.2153813274397,47.3156078215543,25.8056633431699,41.1001955324383,29.340415713475,33.0977981779242,31.5909020542812,33.8089840390886,26.3590195840423,22.7807850187299,33.074799526444,,4325.14961784129,977038843.842833,24877969.5807817
1998-11-01,79.6644,128.0126,34.3261,73.5344,76.054,,17.6257582245237,,17.9317240358468,,,,,63.65,66.89,72.12,60.78,32.58,,,,,,,,,,,,,109753.300980469,32.12,,,,,90.4202,69.2040724089102,150.117752841296,46.0798251916779,38.7425308665444,41.8566569406392,41.3203755329635,32.6232550234596,49.5372102084842,41.7662049324299,47.8812892215164,26.1194870064131,41.7376736575407,30.0821621406603,33.9269380163825,33.4965850261272,33.9743786315424,27.0198333456875,23.8858605958988,33.2359519539383,,3904.35939320536,905887785.460402,24089916.5790094
1998-12-01,80.3733,129.0295,35.1981,77.554,75.9638,,17.8768128956925,,17.7771167252106,,,,,63.98,67.13,72.02,61.37,33.05,,,,,,,,,,,,,112180.367774744,33.66,,,,,88.161,68.9339810751461,149.608253138544,46.1064133306379,39.501448229125,42.4806964508099,41.9230236935636,33.0711549969179,50.304455665593,42.368683058668,48.6191701297188,26.4357380978428,42.3888628344383,31.1403806786695,35.015103377792,35.6558917858082,34.2499923638735,28.2283458091883,24.432867073621,35.400762758774,,3907.9976224988,889347123.005123,20317590.5589275
1999-01-01,80.3213,127.524,36.97,80.3103,75.2217,,18.5513142558625,,18.274349539467,,,,,63.79,66.99,71.67,61.58,30.9,,,,,,,,,,,,,115286.348792313,32.13,,,,,87.8422,69.658880478888,149.148094913761,46.6286404187312,40.2230298978689,43.2157119477274,42.9173653304061,34.1979486038533,51.0486345214913,42.9242526361697,49.1919659933282,26.6174053976172,43.0749340866983,31.6317886495377,36.0210998165555,38.5163768351999,34.2313857159484,28.3646462814197,24.4831048645345,35.9822789165047,,4065.42898221289,921214739.829829,19018093.3841859
1999-02-01,80.49,125.2761,37.3249,79.6872,75.8406,,18.3340280947102,,18.1811013868831,,,,,63.93,67.09,71.41,62.1,32.4,,,,,,,,,,,,,116864.728525147,28.76,,,,,84.4812,68.72935457238,148.739953266997,46.1791334873076,40.677377259603,43.8620700210384,43.5064743413512,34.5732754195049,51.8209847522221,43.6075322840787,49.6956798213757,26.9851734027946,43.911173724311,31.7637287006759,35.6923504438405,37.7152774875943,34.5779458341665,28.6435378251479,24.8175840801046,36.2880567305553,,4215.00542821981,949710134.912785,23502090.959643
1999-03-01,80.6277,126.8775,37.8408,80.807,75.7561,,17.8401037219335,,18.0161140155307,,,,,64.19,67.34,71.49,62.48,34.16,,,,,,,,,,,,,126108.807984948,23.47,,,,,80.6516,70.528872614325,148.486023488627,47.4961235910185,41.1303483379721,44.4953233204471,44.0520439840711,34.8640648649494,52.6550930700315,44.3448521475835,50.3971286618963,27.3549259485808,44.8511439868123,31.7942144262174,35.2495570361723,36.1204947027175,34.8190672218274,28.9005479740433,25.1032354738745,36.5457215385238,,4700.19539949839,1042835489.29445,31120670.2609454
1999-04-01,81.3378,124.0469,38.3255,78.6674,77.8362,,17.7486554568958,,17.8233159864298,,,,,64.9,67.86,72.35,62.58,33.4,,,,,,,,,,,,,120314.97973158,20.29,,,,,77.3513,71.5295480271333,148.315341317171,48.1771328690579,41.5512781841352,45.0474258507236,44.5988406753376,35.1861329490436,53.4276066378535,44.8804001939429,50.8859232662212,27.7449670031098,45.4801245094501,31.8719219187998,35.067688720118,35.4604509527998,35.0413980180421,29.1865617762881,25.4028862295273,36.8525403374566,,5223.59360483789,1116201258.89088,40472993.8470059
1999-05-01,80.6292,124.391,38.4175,78.468,76.8451,,17.0220887326809,,17.2117638673349,,,,,65.29,68.12,72.48,63.06,34.57,,,,,,,,,,,,,122814.740402079,19.89,,,,,75.8972,71.973367784428,148.575402610203,48.4298357538444,41.9622547129872,45.5659140503055,45.0994837854391,35.5028650314595,54.1138979687266,45.3920708748344,51.4083452314919,28.0531326266949,46.0008620386619,32.0692874674304,35.2847121961015,35.7281292896832,35.2090752177895,29.4197383995876,25.4846226317574,37.2277021504395,,5293.06790199764,1136817107.90231,31079823.8296725
1999-06-01,80.2759,120.7585,38.5502,79.6092,76.6015,,17.5356209106744,,18.2491873632444,,,,,65.31,67.95,71.78,63.57,36.01,,,,,,,,,,,,,124983.022607217,21.08,,,,,76.3155,72.6119720480499,149.002462259669,48.7168995226708,42.333388997613,46.0320485941784,45.5192456046044,35.8488760097347,54.7197170417909,45.8859356431236,51.9398998532712,28.3913288642979,46.4752624677986,32.23721057329,35.2722439896665,35.3770376662897,35.2774742188391,29.7798365289871,25.8192238350303,37.4879336328335,,5546.45802788804,1164648368.30728,32597889.4354389
1999-07-01,80.4427,123.2978,39.0846,77.5367,77.5084,,15.9161004489302,,17.0816625350331,,,,,66.21,68.89,72.9,64.18,35.55,,,,,,,,,,,,,130200.243865468,19.78,,,,,74.3559,73.9164573544801,149.042002757802,49.5673862284501,42.7494382863845,46.5071748191024,45.9407906851391,36.1620171372804,55.2154896233707,46.4104480282011,52.4094732995091,28.7061968227961,47.0856970967203,32.5333793549714,35.4274532807096,35.8349854183382,35.3415170101121,30.1698585203416,26.2192854674538,37.7307533041494,,5219.57747975312,1113897152.88085,27579590.8702376
1999-08-01,80.6825,122.1837,38.8211,76.9732,77.6428,,15.7798822435486,,16.2500673275178,,,,,66.6,69.11,73.08,64.54,37.37,,,,,,,,,,,,,132063.790754218,20.54,,,,,75.6232,74.5395016716337,149.700724984554,49.7809081378562,43.0970566782692,46.943486111948,46.3291455836852,36.4876128286752,55.6776547308075,46.89973064703,52.8659728879439,28.931715615218,47.6022399421905,32.6294021771772,35.232548063312,35.328443384832,35.1158787066012,30.4677610578568,26.563678761764,37.9071328639583,,5172.77715387728,1104017321.79089,57144025.1875375
1999-09-01,81.5666,122.4689,39.3738,77.5398,78.7002,,16.3922240472365,,17.3205718933658,,,,,67.01,69.63,73.69,64.85,37.5,,,,,,,,,,,,,135465.509502533,19.71,,,,,75.1486,75.7458264364659,149.97181568381,50.5778287181365,43.4466386537683,47.3987763532765,46.6890025574876,36.7230979290231,56.120177137152,47.4256099385668,53.3038158249425,30.3478749153985,48.1746236856941,32.800953200106,35.1867541584424,35.0260269591301,35.1234024288398,30.8209656204066,26.9609116760156,38.151402228661,,5449.28528084273,1102492720.64111,29296111.9743845
1999-10-01,81.0463,123.8033,39.5234,77.5185,77.1748,,15.4433344754323,,17.4203901196339,,,,,67.03,69.46,73.17,65.3,38.02,,,,,,,,,,,,,140373.10724214,17.87,,,,,77.1639,76.2600196660756,150.40925377946,50.7576612272682,43.743297657125,47.7909804436086,47.0683568945993,37.0020229785323,56.6497360093871,47.8418943928227,53.666115087343,30.6286206013887,48.6356229087029,32.8589740650382,35.0451427736468,34.3653590336433,35.2328955706617,31.0940938274334,27.2658595370258,38.3866584663459,,5786.92945010201,1196755822.08729,30515016.6028526
1999-11-01,81.7379,125.4146,39.953,79.0629,77.685,,15.7417818119536,,16.7616516582648,,,,,67.52,69.85,73.58,65.46,40.68,,,,,,,,,,,,,140651.848063673,16.96,,,,,74.7423,77.529345046794,150.737061284483,51.4091650476978,44.0254666992743,48.1576970281212,47.4404348917381,37.2255678802592,57.1413188076422,48.2025419846786,54.0290028994892,30.9467708665566,49.0093488036887,33.0040363712401,35.0681523512315,34.082715353619,35.3258273755152,31.4595952888991,27.6993764282201,38.7974358358427,,6421.74901784648,1303166137.70288,38952794.4129771
1999-12-01,82.2676,123.2077,39.9463,80.1823,79.1435,,16.1689257175643,,16.0802679420449,,,,,68.4,70.66,75.14,65.39,40.89,,,,,,,,,,,,,161757.190996481,16.45,,,,,73.784,79.215285201469,151.136468909131,52.4300007343239,44.330432049624,48.5333670297757,47.7823472158284,37.5243875021893,57.5045014413007,48.5961328441171,54.4040122087525,31.2676821096054,49.4767766586044,33.1477060157948,35.0872630077482,33.9914043505825,35.22642328424,31.8301633996813,28.2478552919265,38.8111137328507,,7041.3668190074,1431114088.90565,38369036.915858
2000-01-01,83.5094,127.0524,38.7944,80.2514,80.1954,,13.5195172427886,,13.5459534946397,,,,,69.6,71.84,76.92,65.95,41.73,,,,,,,,,,,,,149164.974884542,16.19,9.6253,6.64001,9.44531,,73.3167,78.2393028008578,151.721652678277,51.5730621450715,44.6855273062959,48.9179455000823,48.149063363817,37.8298686942517,57.9331658972419,49.0860938634941,54.8345594440678,31.5805139174599,50.0808821024914,33.3259432313507,35.122926017838,34.4749680779396,35.3391609970139,32.1233100636511,28.4260076544726,39.577580115637,571772913.13563,6729.39303445634,1366970402.10126,37487732.1785855
2000-02-01,84.7479,124.1401,39.3719,81.8953,81.7535,,13.3270730172461,,13.3196048736906,,,,,69.93,72.13,77.09,66.28,43.74,,,,,,,,,,,,,148203.408430798,15.81,9.3662,6.45856,9.12362,,71.3904,78.8200899193386,152.395639649819,51.7127125586743,45.0174476045956,49.3188450362714,48.4798689269086,38.0899456814103,58.2887072747136,49.5434055542143,55.2761124050281,31.9523851332989,50.5058310259654,33.5955658200661,34.9377929430816,34.5536943568667,35.5197650430646,32.4110259255915,28.7364032406342,40.0093616948168,589510251.787709,7244.45265459139,1454062581.19046,49007129.3306533
2000-03-01,85.2027,126.8717,39.8818,80.1922,82.8561,,13.1550130162709,,13.2859415116945,,,,,69.9,72.14,76.84,66.66,42.58,,,,,,,,,,,,,154964.433004538,13.66,9.2845,6.40092,8.8537,,69.9754,78.9429252425045,153.111101552038,51.5985846800873,45.3470129502194,49.5783555696296,48.7671887267985,38.3274054374234,58.6337764062955,49.7798453028446,55.5454186077272,32.2674688110037,50.7117845444037,33.9289980042374,35.1711481121933,34.8461134642195,35.5956738484677,32.7367605370079,29.1742476724138,40.1714105066452,607821782.44059,7103.87865979735,1451850973.75738,48442884.3352294
2000-04-01,84.7204,129.6507,39.5238,80.9275,81.4288,,12.9860793787306,,12.9592606774958,,,,,70.42,72.31,76.96,66.95,45.93,,,,,,,,,,,,,161600.841520017,12.93,9.4127,6.35178,8.52979,,69.985,76.9875242449754,153.582495905967,50.0555303548351,45.648600744781,49.8611765976251,49.0058182964859,38.5031454791931,58.9268853163301,50.1008026981232,55.9006317404437,32.5776591360848,51.0049075993047,34.2578235475611,35.4470980232651,35.8134244832167,35.5157452630151,33.054987085996,29.6299512119064,40.3294552626122,618363124.244844,6365.97153169763,1296372481.35822,36120604.2192546
2000-05-01,85.3415,128.9961,39.5198,81.3961,82.3879,,12.3905515099922,,13.2496888319339,,,,,71.1,72.99,78.02,67.12,47.53,,,,,,,,,,,,,158486.176647377,14.18,9.511,6.35249,8.84999,,69.261,78.9062061702576,153.700126151839,51.3244243241369,45.9837195349016,50.1691075952471,49.2713643831895,38.6956542870185,59.262295037472,50.4376520228291,56.230579741182,32.9429106445,51.3002133426262,34.6954503984029,35.9754983531503,36.4728512468785,35.9808671278811,33.5620029546381,30.2412990310013,40.53791620654,626480360.541831,5715.21105164668,1228282916.44849,19994043.49595
2000-06-01,86.0985,130.4519,39.2901,79.9696,83.688,,12.5217273169176,,13.0049571116956,,,,,71.42,73.13,78.11,67.24,47.38,,,,,,,,,,,,,168914.396321821,15.65,9.8243,6.62816,9.40775,,72.4254,79.4528510212722,153.846205567702,51.6444383845444,46.3405870954553,50.4566296352728,49.4571178435022,38.8715749917519,59.5271278786285,50.8231771318742,56.5489917605848,33.2829946116717,51.7231022058841,35.2118314573576,36.710860920004,37.7763240506513,36.1718665664105,33.985737771737,30.735362437143,40.7097854270072,640503354.12878,6619.63623883995,1366674716.26953,55021632.9578649
2000-07-01,86.825,121.6344,38.5592,78.5463,88.0587,,12.8845304382714,,13.5863033507341,,,,,72.41,73.96,79.37,67.71,50.13,,,,,,,,,,,,,166169.095751517,13.73,9.3667,6.30838,8.65764,,69.336,79.3643020867633,154.068568558017,51.5016624869056,46.6608411016846,50.7788385270828,49.7648305446039,39.0828860945415,59.9081042547927,51.1597004527284,56.8184901331657,33.6258336912096,52.0862405961194,35.4926024529012,36.7632915085169,37.5499224578611,36.4495613694765,34.4729846553517,31.2536298646513,40.9300701342921,662878162.617988,6510.23086919207,1359666328.48888,34960861.2675088
2000-08-01,85.8469,131.5588,38.5182,79.2836,83.4094,,12.2750280619178,,12.9021040396779,,,,,72.15,73.98,79.27,67.83,47.75,,,,,,,,,,,,,165602.17096878,15.23,9.1995,6.24204,8.22251,,66.7662,79.9793427912399,153.650959736638,52.0446723179575,46.988779598872,51.0545953385631,50.0082188404778,39.2787853696342,60.2041691177994,51.4744887989035,57.0404824560482,33.8953883022696,52.4277744957328,35.9009675294532,36.9560524466845,37.8826583526545,36.2640245920673,34.9897573967129,31.9053193764528,41.2451724819455,672993876.049408,6792.96789036511,1399674525.53008,23276643.4094387
2000-09-01,85.443,132.1449,38.402,77.2996,83.0437,,12.3437322223886,,12.8658791642751,,,,,72.65,74.31,79.33,68.37,49.88,,,,,,,,,,,,,170495.788863737,15.06,9.4459,6.28256,8.30672,,66.0865,80.6627595634794,153.931835210844,52.4724976051946,47.2500043482117,51.3080749898244,50.2332818256896,39.4885909621909,60.4050823142977,51.7298195095518,57.25744021527,35.0723810133603,52.6896125502671,36.1694811240519,37.0449328902785,37.9925300227503,36.1838741738443,35.405708802542,32.4048789235622,41.5041915903155,690060063.370068,6902.65505940588,1382173466.21073,41133206.385737
2000-10-01,85.2918,124.9187,37.9393,77.5367,83.77,,12.2289741794557,,12.9146767208539,,,,,73.44,74.98,80.53,68.54,50.91,,,,,,,,,,,,,170484.912672571,15.88,9.5642,6.25929,8.03871,,66.3811,80.7823413751738,154.606608420264,52.2275135236817,47.5695879666686,51.6196587610696,50.37749153235,39.6057997242253,60.6120023358238,52.2425385416295,57.5370905092476,35.3992570040143,53.4477587981219,36.4893798127282,37.3525249725216,38.828882792746,36.0753961399128,35.7362495256406,32.7915891490819,41.7277936911272,694279530.18861,6801.47461838271,1399606496.46599,94075196.9816397
2000-11-01,84.3607,126.6172,37.2113,76.0319,82.8083,,11.89454109428,,13.2379897415511,,,,,73.56,74.8,80.01,68.74,54.03,,,,,,,,,,,,,175485.541844383,17.56,9.4155,6.13712,8.17265,,65.7248,79.7222663265134,155.278184933006,51.322081353308,47.8314905784708,51.9886237949504,50.6907950057797,39.8150520735376,60.999394145434,52.7058356600118,57.8506973846499,35.7222226635534,54.0709864139966,36.503239301655,37.4606642655946,38.4068701836553,36.2937309033108,35.9763717615014,33.1143037139077,41.870640810349,706088083.334031,5907.98917580256,1246763173.35557,30930651.0718984
2000-12-01,82.3144,127.298,36.6771,74.3821,80.3036,,11.179727465259,,11.1709863343293,,,,,72.99,74.41,79.36,68.7,51.05,,,,,,,,,517763173.22992,1769086760.2241,1935698115.22891,1971814457.79817,179978.035188857,17.05,9.6098,6.39628,8.93904,,65.1794,77.3845137023127,155.781984098027,49.6685538029695,48.2682168228257,52.2899662611541,50.9351642353131,39.9943810632835,61.3021789309062,53.0526072800239,58.1497134340107,36.0412435059665,54.474003409174,37.1253921254113,38.6177598386145,40.5485565779833,36.4571294725633,36.2400218822043,33.4899851989817,41.9303884919715,714442035.317238,5578.00886683893,1178641814.01279,27112696.0185324
2001-01-01,85.0351,129.204,35.8298,73.9548,84.2691,,10.9396151854444,,10.6785102475355,,,,,73.33,74.61,79.23,69.23,54.78,,,,,,,,,509976915.588253,1753837546.02313,1941403999.48874,1969200717.96154,173117.714579766,17.89,9.6828,6.44923,9.00791,,67.8552,79.2013392934075,155.388343391559,51.013161179075,48.3569439581986,52.4926406253731,51.164003351279,40.1671995130149,61.6169098312159,53.2701081893963,58.4391006014545,36.3942370616505,54.5618348834065,36.9020947230659,37.8987813593869,39.3801151879644,36.6534362832589,36.3432950289178,33.8139781338118,41.9179196160337,724072952.74235,6551.69499896673,1327129496.86446,35004923.938984
2001-02-01,84.385,132.8023,35.4695,72.326,83.5922,,10.5141074342089,,10.4968484991626,,,,,73.32,74.61,79.03,69.48,54.28,,,,,,,,,513722703.019832,1784785107.62953,1976482939.51977,1999303494.60117,174428.70205507,17.34,9.7025,6.33903,8.97287,,67.1771,78.7590579585668,155.577051338713,50.5968810868226,48.2743099826503,52.7572813027833,51.3817078019932,40.3863552810612,61.7678796681639,53.5645494090222,58.7111551153199,36.6956996721753,54.856422424057,36.264886528285,35.6489261000421,35.4534322359636,36.314637450172,36.5137613944156,34.0946888149883,42.1204466316263,722992344.77949,5908.15965567409,1321844167.32053,26947243.3299789
2001-03-01,83.3441,132.0928,35.0201,73.2179,81.3846,,10.6829892323089,,10.6853633455515,,,,,73.22,74.52,78.71,69.6,52.91,,,,,,,,,511510623.304954,1807083212.07959,2005834885.2819,2025014139.76844,178630.189516186,15.8,9.4933,6.01334,8.36739,,65.3929,78.0587058080498,155.327918639219,50.3148531526602,48.6429501275994,53.0257390838195,51.5808953762106,40.6178023613032,61.9297080093225,53.9255879748437,58.9817000580787,36.9889139928992,55.284971758899,36.6589562705391,36.494038092943,37.0914978520884,36.5189160855192,36.5475019768985,34.0271247552223,42.377633373202,723183875.176977,5448.00195315658,1239729956.05301,41286745.3217761
2001-04-01,82.5828,128.6135,35.1365,70.1227,81.7075,,10.6119341663669,,10.7159000370209,,,,,72.97,74.54,78.97,69.35,50.28,,,,,,,,,520242027.510633,1840698954.67282,2034549936.01108,2059127479.61449,177327.303351761,14.96,9.2537,6.02185,8.20896,,62.8012,77.9143639633738,155.281088584684,50.1119781412607,48.9260966216639,53.2962779639344,51.8119810259182,40.8970598665835,62.0926887974086,54.2311570221084,59.2586675602586,37.2913832297369,55.6176020705924,37.0106375028293,37.2724122099089,38.025166155658,37.1797835327932,36.4516530846878,33.8463931076774,42.6089853650207,723091972.273658,5745.60081628364,1273291559.00847,38301919.6821718
2001-05-01,83.1578,127.8051,34.717,71.5513,82.3153,,10.4055297000582,,10.7591670363364,,,,,73.17,74.69,79.29,69.31,50.96,,,,,,,,,524235471.908439,1850294967.14419,2059595919.33613,2089327306.3562,179137.121151218,11.95,9.1835,5.9398,7.78761,,61.3574,77.8779118287953,155.454639437051,50.0975504788466,49.2129166555779,53.5697280155473,52.005867734584,41.1513064787924,62.2035821833179,54.5851368384804,59.5158225823496,37.6520691870362,56.0270679999373,37.4166474459808,37.7279396823763,38.093644914853,37.863719256464,37.0435547663893,34.1677469309976,43.3823451057672,722617869.574253,6333.28360669449,1375077113.58965,49572562.4662097
2001-06-01,82.9376,131.4434,35.1384,72.0427,81.2091,,9.65199360268698,,9.96863245061395,,,,,74.61,75.55,80.67,69.54,52.74,,,,,,,,,532218546.642166,1876311794.20697,2072428952.1689,2102192147.01053,183542.134025652,9.43,9.0708,5.97584,7.69476,,60.3578,78.1667613928804,155.357530304372,50.2973116409848,49.4107785154666,53.8581921077888,52.2500297351426,41.3903594367774,62.4648806274337,54.9092370554116,59.7570606122738,37.997946352737,56.3796489532798,37.4513316005709,37.6402567415875,37.4665593937232,37.9199689813909,37.2683469313148,34.2750677388728,43.6551726807043,724732106.352133,6416.8098966223,1357829969.73116,38978743.3473435
2001-07-01,82.9544,131.6663,35.1299,74.4326,80.9963,,9.21531545280616,,9.85851041129897,,,,,73.29,74.81,79.25,69.66,51.49,,,,,,,,,545887891.930084,1914135200.78391,2096750953.86817,2128053787.3879,182919.366075691,9.39,9.1408,5.98412,8.00917,,60.7606,77.2585889058892,154.746577238568,49.9105579328862,49.4174999431296,54.0787721671008,52.3842927924918,41.5495229634974,62.5578321909336,55.2351524639267,60.0557563690063,38.3104277554218,56.7024063588321,37.0037948179246,37.2811961149252,36.3856298677692,38.015809386964,36.8313270703432,33.1977030331044,43.8921222817944,727984559.025033,6553.11335886715,1385888883.15712,40096416.4467575
2001-08-01,82.9236,131.2995,36.4801,74.9345,80.2728,,9.0708081936771,,9.67954610561536,,,,,73.71,75.14,79.85,69.65,52.77,,,,,,,,,563533454.06371,1964769261.87887,2145381078.30215,2174316239.2059,187665.171646921,7.51,9.2,5.93584,8.43456,,61.4164,77.432256732642,154.881327670711,49.9779740583964,49.7520149576244,54.3065232633092,52.5107208461917,41.6674003557084,62.6923135427644,55.5788731094775,60.3373990237472,38.5397432079263,57.088483081479,37.5537267333163,38.7087365747644,39.0666801202378,38.3296995572848,36.6300230425416,32.767645919015,44.0608114005675,744195809.745558,6428.24030658709,1330360995.56358,281005187.455672
2001-09-01,83.2263,130.487,37.0474,74.2129,80.8147,,9.19580201498593,,9.62806417211996,,,,,74.0,75.39,80.63,69.37,53.17,,,,,,,,,595122478.918998,1990007091.36517,2172884042.65346,2204027425.25549,191427.27056255,9.32,9.5098,6.01809,8.71763,,63.1392,76.3749567201394,154.804176259288,49.4457275930642,50.1120314416341,54.5492438202104,52.6646256294202,41.8071301597134,62.847394345866,55.9413203007469,60.6552548082824,40.1696409507599,57.3544158224143,38.095371570673,39.4871555309323,40.1019711267874,38.7501560111851,36.9779204417156,33.267616782928,44.1759937889664,731381537.102146,5859.90737055446,1133708887.60146,22135111.6367916
2001-10-01,81.5966,128.5387,38.3558,72.074,79.1323,,7.6338309771897,,9.22491071160095,,,,,73.81,75.18,80.4,69.06,52.49,,,,,,,,,595870077.312412,2025724408.21765,2201878119.75442,2229179412.20032,189953.482627433,8.36,9.2542,5.83274,8.37598,,62.3133,75.7435720272009,153.507461890641,49.291983466254,50.3238494788353,54.7326329531171,52.737946736395,41.941676831841,62.8549887862681,56.2379132347774,60.9377518202738,40.4858285884834,57.664337626521,38.3376657937065,39.8223177079211,40.4368807796671,39.043546279296,37.0810059205267,33.3336920580351,44.3748445088258,749213589.793813,5834.38746652299,1131614730.34161,28557425.15473
2001-11-01,82.3191,132.2057,39.6706,73.0531,79.0752,,6.847188703614,,7.23835876854868,,,,,73.9,75.22,80.55,68.96,53.35,,,,,,,,,609950566.237887,2024199823.05012,2242248396.25274,2268725710.4031,194257.16109154,7.43,9.2681,5.89572,8.24768,,60.5812,75.6823877009271,153.08264757932,49.4317644481249,50.3256747398637,54.8976628371215,52.8231738675413,42.045221300379,62.9004587496042,56.5246020473133,61.1892299109757,40.8095808957595,57.9508518780759,37.9983374510421,39.6451892875407,39.7754545936601,38.9714774063958,36.9947261395464,33.2735274087281,44.491687294091,742463852.674428,6049.53935585478,1146347728.51127,37494150.7940757
2001-12-01,81.7458,133.1732,41.6146,72.9251,77.9932,,7.36394406941925,,7.31237042510015,,,,,74.2,75.31,80.65,69.1,54.1,,,,,,,,,612894172.257082,1996723752.21615,2173237427.70221,2213123475.65881,195395.627768411,6.29,9.1695,5.74102,8.11501,,59.8519,75.9612338432158,152.888629432625,49.6510241423609,50.3712872219789,55.0546387070959,52.8852076401262,42.1198967663506,62.9391209653925,56.7870265113599,61.4324398737398,41.128728092609,58.1866706189463,37.7068090432955,39.1444069139853,37.9230313983096,38.9261174776553,36.9228184063409,33.0252513486999,44.7083371373859,760117526.442406,6294.92754197516,1136409168.54298,42533562.5310863
2002-01-01,80.9764,130.1026,40.6073,70.8318,78.2783,,6.81815161146125,,6.96138272811762,,,,,73.94,75.27,80.78,68.86,51.99,,,,,,,,,616039686.939959,1999121659.54073,2190480344.47554,2222077130.1636,197307.049347718,6.97,9.1463,5.75202,7.896,,58.6604,76.0968756597093,152.786692833471,49.8587400628697,50.7121271943952,55.1929293949178,52.8632704668966,42.1388981482792,62.8991382373376,57.1360006811925,61.6864459656718,41.4372202520891,58.5931897857719,38.4010715382346,40.026818415666,41.5310702449366,38.7198098636731,37.2412314758232,32.7083770033991,46.4631855764738,781166373.895409,6864.17207736525,1222574763.33897,30888831.3376593
2002-02-01,79.3134,129.0454,42.2608,69.5688,76.9165,,7.02314081516891,,7.20780591385483,,,,,73.37,74.76,80.05,68.63,52.2,,,,,,,,,622909641.809409,2005753399.37579,2214661114.03249,2240201869.38879,200458.557798937,7.91,9.1303,5.68973,7.90136,,57.9653,77.1279913799288,152.587506194641,50.4878708008846,50.630357177649,55.466300328245,52.9990286741243,42.2636472310252,62.98314939638,57.539066243336,62.1386550972671,41.6895947088772,59.0233416962852,37.7890625366056,37.1839651586258,36.4976613911218,38.3622045498526,37.8840120879855,33.7719841085233,46.6247495411095,800654841.532185,6573.85078587658,1162500490.54497,26311985.0507266
2002-03-01,80.2171,126.7114,43.169,68.1292,78.253,,6.25254812781884,,6.59117738812042,,,,,74.87,75.81,81.89,68.86,54.91,,,,,,,,,645370069.104927,2032379210.03874,2242155245.1994,2264330160.1765,219272.962138512,7.23,9.016,5.66079,7.8908,,55.5649,79.2805841141733,152.724721836275,52.0009981119598,50.9138496319625,55.6522495247623,53.094332816051,42.4619279910577,62.9643326882598,57.8511642797589,62.4244695980019,42.0246066572903,59.2826609119356,38.0967057224004,37.4250174027139,37.0148372782062,38.1802757746445,38.3481711048121,34.4285565269905,46.7772280689712,808146609.535002,7078.25303860774,1243455118.43331,28487058.0638119
2002-04-01,81.6384,128.8638,44.5812,70.4378,79.065,,5.9096874895168,,5.98259632074749,,,,,75.17,76.29,82.48,69.08,57.18,,,,,,,,,640082449.858472,2026045733.41029,2248700995.06644,2279486107.15669,204276.842866835,5.76,9.372,5.9709,8.44511,,56.0843,79.0167635916011,152.780305387646,51.6641603538695,51.2327570850384,55.8573135603665,53.2035720574882,42.5966693566712,63.038805587823,58.16762381549,62.7380622576562,42.3167872839014,59.6185828727688,38.6852705350798,38.0702716294594,38.6746506764823,38.0816760944335,38.784738144348,35.0692018629238,47.0178282625591,828128904.012787,7233.24890597344,1257089689.28553,53790765.615418
2002-05-01,81.0192,129.2751,46.3654,70.8847,77.7853,,6.34171704717171,,6.60510532085865,,,,,75.03,75.94,81.76,69.17,58.82,,,,,,,,,644286596.965567,2065098905.67262,2261617338.03016,2291848597.07415,210551.930027465,6.61,9.6562,6.32037,9.06331,,59.3188,79.1065902406398,152.812394416594,51.7753461037792,51.5554583926037,56.0304121765114,53.2709929304736,42.7225373890259,63.0330756803503,58.4594972932292,63.060860494546,42.589794299763,59.8771035698837,39.3722530476221,38.5380919951411,39.9082866888211,38.0786016876572,39.9004824055524,36.4041778047189,47.2679251800635,836554852.460713,6811.20301294767,1212779656.22683,32989756.8542351
2002-06-01,81.2218,128.3243,46.8479,70.6649,78.2955,,5.73982628794216,,6.06992558738001,,,,,75.36,76.0,81.79,69.33,57.24,,,,,,,,,654081359.83004,2068643099.4071,2275254817.79752,2304502971.20012,214311.029898578,7.3,9.9568,6.5467,9.9329,,61.6367,79.558590373671,153.248358262381,51.8812221678471,51.8872293415914,56.2059800898794,53.3306371084735,42.8140977710178,63.0606067686639,58.7651288680504,63.3967708348089,42.89145794849,60.1319708258802,40.050787437394,39.7142456545953,42.6023268110028,38.14691796669,40.2893051604796,36.8106796749647,47.5040759221823,849936288.78083,6306.41553312124,1111803768.50394,26829251.8407738
2002-07-01,81.4308,128.3662,47.77,71.7122,78.6453,,7.02038570800796,,6.52509296670088,,,,,74.92,76.28,82.53,69.01,56.75,,,,,,,,,662032685.366556,2090910910.97247,2291977349.02702,2321590621.60543,215199.461399596,7.38,9.7861,6.17806,9.57472,,63.1505,80.0519917958302,154.190689258429,51.9022083914148,52.1592765175874,56.4023657293178,53.4411118161528,42.9421828258819,63.1442646370598,59.0491220534418,63.7140374193641,43.1810235681964,60.3494285975208,40.4777699435408,40.6158743467319,43.9883534690114,38.5505384115657,40.5147407958524,36.8785909218073,47.7024426605683,842245005.347541,6126.17925653968,1049960043.78852,25692215.8206934
2002-08-01,82.3741,129.2755,47.9398,72.7794,79.2406,,6.00331981635735,,6.45792090775656,,,,,75.05,76.34,82.4,69.19,56.88,,,,,,,,,667315002.238428,2089506149.74828,2297250562.82753,2323311621.61605,220104.445780491,6.68,9.9109,6.35437,9.76818,,62.8038,80.0727864394442,154.958155831255,51.6580780630544,52.3768764160404,56.6237335143967,53.5523092921279,43.0980693583615,63.2041893340359,59.36828581778,64.0275946106172,43.5288401656581,60.615547054466,40.7069401934023,40.7388965968846,43.4610000150179,38.7562365404134,40.7912069614311,37.2316175950595,47.8959028933288,854565287.257095,6352.54130521197,1082212526.55374,26382682.2452325
2002-09-01,82.3369,127.7498,48.6536,73.9596,78.8823,,5.44659775855463,,6.1618371262741,,,,,75.08,76.32,82.41,69.3,56.85,,,,,,,,,672500725.287931,2076581855.87511,2293139087.16726,2323526359.74966,220831.362919398,7.34,10.2299,6.44934,10.07441,,63.9382,80.3551039454096,155.528280472636,51.7840809180511,52.5739687971807,56.8210813359814,53.62303375845,43.2293300730405,63.2127992648431,59.695547963923,64.3125552996807,44.3636264586086,60.847641271231,40.8005097126229,40.3856154249911,42.2718123421961,38.7569125786921,41.1635954833442,37.6532645670499,48.1678557435067,848507523.683428,6116.07451399954,1038261195.26101,20599962.5472769
2002-10-01,83.261,134.2887,48.5712,74.0249,79.4638,,5.35248657808024,,5.85143203432683,,,,,75.43,76.62,82.57,69.61,57.57,,,,,,,,,672349871.142341,2077074866.0485,2302027346.41837,2333236608.36416,223865.704492787,7.66,10.1552,6.48481,10.01506,,63.7873,80.036716687811,155.667758407891,51.3782149993281,52.7749693831872,56.9952922450278,53.7475675599087,43.4183987403852,63.2747132126726,59.9012896524008,64.5956455021915,44.6566221410413,60.9880755967194,41.1117775404495,40.2348517427903,41.5913846372882,38.9261110609662,41.6623433352086,38.3073361768865,48.3515506554384,856905636.043856,6242.68387490999,1069432663.61306,18202817.2792321
2002-11-01,83.2951,127.2047,47.4441,74.9507,80.2107,,5.30756481626197,,5.77400689868271,,,,,74.69,75.98,81.55,69.49,56.72,,,,,,,,,679959815.171275,2150027110.75737,2414105462.84551,2442019887.5548,228133.033796478,7.3,10.1465,6.47722,10.07243,,64.4905,78.7280583229423,155.689487959576,50.536953060303,52.9923707554348,57.1414621153105,53.8114320794892,43.5417060456278,63.2805622027896,60.1467308192523,64.8719675873638,44.9770216583557,61.1629876625433,41.5887315090466,41.4180052306073,44.5583721202685,38.8761979927734,41.9560302930873,38.635403852621,48.547095819903,868134240.795933,6303.72921084198,1094492630.03246,39562550.3413519
2002-12-01,82.4625,130.6539,49.2023,74.3,78.3943,,5.76621225920962,,5.73386512297175,,,,,74.56,75.97,81.53,69.52,55.39,,,,,,,,,692171787.418065,2118242389.60822,2350238596.07425,2385975759.64118,229854.623080891,6.88,10.1465,6.42223,10.64469,,64.9237,81.1309595144639,156.172156564859,51.9100952235601,53.1986819379816,57.2899056571699,53.8804660899207,43.6498364314712,63.312949953245,60.3726902998406,65.1131741225182,45.2972222975847,61.3251131864468,41.9178216775846,42.4923482304316,46.3432263326128,38.8458030339108,41.9168918678785,38.4852514238595,48.6285134667827,872745286.441794,6035.76263954235,1060272714.36827,20626521.7573389
2003-01-01,80.8073,130.6151,48.2091,74.5726,76.4872,,5.36750766768448,,5.4404306368326,,,,,75.56,77.01,83.13,69.88,56.09,,,,,,,,,700071201.403994,2170564383.08729,2390904858.17087,2432312517.88652,235336.875380747,8.27,11.0324,7.40682,11.91168,,68.5776,82.0834627581486,156.391255449873,52.5428517295133,53.3516503849041,57.451271070557,53.9305732915501,43.744613359284,63.3539291590177,60.6473904729545,65.3430699539476,45.608305377825,61.5994736527441,42.0021883246204,41.6487275289248,45.2327192698066,39.0289759233481,42.2238077597414,39.1616220995175,48.6191645368734,864373696.140818,5808.53797665779,975634327.995895,17418837.6794435
2003-02-01,82.6077,131.9966,48.3383,76.4472,78.7742,,5.00374790555681,,5.17125516567477,,,,,75.83,77.72,84.23,70.2,53.34,,,,,,,,,702588944.642622,2183511447.73058,2390543359.93409,2420263016.12472,239514.610498571,9.04,11.0324,7.40682,11.91168,,71.2386,82.6473904515364,157.611683857324,52.3641025053146,53.4363862387874,57.6320377229167,54.032730130875,43.8982417001072,63.3823616606928,60.8767922943538,65.580956951088,46.0019664442797,61.7959326073206,42.0232163872988,40.9795908896243,45.143699563223,39.4378082177437,42.2414369972988,39.297305472109,48.5932393408874,868651463.270696,5790.23244178743,966995870.526807,18675796.5733724
2003-03-01,82.0697,133.0546,48.2879,73.2924,77.8945,,5.12265231131789,,5.42675397961432,,,,,75.82,77.52,83.91,70.1,54.08,,,,,,,,,717643991.984562,2152895026.79204,2376609522.11971,2405546044.02856,240904.73579431,9.17,10.7889,7.33289,11.7599,,71.2197,81.1385510004287,157.262117448458,51.6951185776624,53.7707074556957,57.834813302342,54.2004682415213,44.1116379147926,63.5036652374442,61.1376782823689,65.8449545880085,46.335935806551,61.9448600698286,42.5533690624102,42.3307140092049,47.3767388082689,39.8378009213334,42.3901310793411,39.5050389531544,48.6096908758391,875913395.096021,5726.45561916096,952670267.47625,14722374.8190498
2003-04-01,82.2504,131.7147,47.7795,74.203,78.2506,,5.08059865273315,,5.42894166533984,,,,,76.22,77.56,83.76,70.42,56.02,,,,,,,,,714293894.435233,2165451986.23798,2383153024.16272,2417549579.80989,246884.437141668,7.86,10.3,7.16818,11.46287,,69.1805,80.4107575244303,156.894395886911,51.2214409389167,53.9132167530679,58.0313569629496,54.3023282552264,44.2666620465712,63.5583838850398,61.4314294335663,66.0334021115225,46.6665063472457,62.3652729680462,42.5666867886521,42.0807119332757,45.673340555241,40.2561135780173,42.4878543050714,39.7483008566194,48.6610758644754,883320139.995644,6337.31468204615,1023011801.73929,58575044.7292691
2003-05-01,82.5034,132.5665,47.8581,72.7187,78.7465,,4.81080819842944,,5.00414241542952,,,,,76.01,77.79,83.87,70.65,52.14,,,,,,,,,724513320.303215,2193577892.40162,2408236623.44852,2442919402.54798,248170.879229763,5.25,10.3377,7.5337,12.23053,,68.8524,82.4138534262727,156.99097531227,52.5161100176629,54.0165950252255,58.245587358242,54.4389241777506,44.4318045239159,63.6657384179029,61.7146593421746,66.2518019712321,46.9529134347471,62.7081140715916,42.3075334184603,42.0691172255,45.3601141541576,40.3793247326174,42.4009390296119,39.3631014724858,48.7840105055193,908540185.603782,6588.05429480654,1071926020.90028,19995429.4504351
2003-06-01,83.0161,133.6674,47.5144,73.3992,79.2828,,5.42367918453463,,5.52319471730102,,,,,76.57,78.12,84.6,70.6,53.5,,,,,,,,,725865437.814414,2146855701.39692,2367662384.26253,2403629078.07396,242145.007235525,5.2,10.437,7.66692,11.92219,,70.6987,82.173384815385,157.190727524661,52.2223963025178,54.1644752122458,58.3945016899295,54.4962515526619,44.5733573938126,63.6371144839898,61.950783632672,66.4857445598961,47.212814420594,62.9215527586128,42.4519302836381,42.3349145416135,45.7546824234747,40.4586104149669,42.5640328395231,39.4769895124628,48.9512051833404,924443737.897413,7020.03108779303,1122605851.67843,31140812.6969446
2003-07-01,82.7845,134.5862,47.1054,74.2873,78.7307,,4.57448270143777,,4.86618916944238,,,,,76.98,78.2,84.61,70.74,60.85,,,,,,,,,733946805.602493,2207611036.22789,2432066302.33275,2475081955.68578,248229.218687314,4.57,10.5243,7.46773,11.89562,,69.5314,82.4352669493566,157.099944506593,52.4836451524978,54.3359770199296,58.5747613351366,54.5845263931292,44.7091821848377,63.6764479755604,62.2192611719482,66.6835812428675,47.4996160982201,63.205793463497,42.6152168260007,42.5236552664462,45.8749263950237,40.3575407729173,42.7981838754292,39.632129994319,49.1263825064783,949122906.210782,7508.83754717373,1182770139.95134,26664062.0539279
2003-08-01,82.5725,134.6208,46.8768,73.2561,78.3622,,4.97482492923917,,5.36805192241411,,,,,76.19,77.64,83.65,70.7,56.63,,,,,,,,,741733376.181889,2210043374.45037,2444268905.93478,2491622066.85073,253384.877554801,4.45,11.0475,7.96845,12.13016,,70.8244,82.0051341906907,157.343873872117,52.063322268219,54.5041811336708,58.8178660496245,54.7125232918722,44.8515561279512,63.7869441048369,62.5567124641716,66.9324244395312,48.2844456324841,63.416557405042,42.6122636169646,42.1365583006113,44.5659210319925,40.2306500521588,43.0499326873868,39.9366815268293,49.3238909630763,950645260.43966,7785.36480046591,1218044684.11599,24429004.6595665
2003-09-01,82.389,134.3219,46.8271,72.1644,78.5222,,4.73107245798261,,4.94597419145734,,,,,76.44,77.99,84.1,70.86,55.79,,,,,,,,,743721358.956579,2228239363.0195,2476583009.27195,2524189483.98977,249358.435570753,4.73,11.0133,8.16163,12.80847,,72.537,82.2790561662275,157.677668217799,52.3064220939297,54.68987906078,58.9252547659415,54.8150031267008,44.9638176298557,63.8774152586187,62.694655987146,67.1449068738608,48.2996381013267,63.5887094032175,42.9287355308891,42.5449376055534,44.7525248624897,40.6052671846012,43.2785959347987,40.1915681493732,49.5118574104617,986409843.164442,8194.70437145539,1268297771.2459,27113622.4542324
2003-10-01,82.9632,136.9745,46.7909,74.0713,78.7356,,4.73625303269449,,5.19318908403294,,,,,76.41,77.94,83.63,71.23,56.83,,,,,,,,,754204834.21762,2221406486.2495,2463324025.59807,2507138229.38363,258990.172346719,5.11,11.0525,8.3915,12.84743,,75.7939,83.1177091757844,158.750440176092,52.356086511239,54.8472442719809,59.0882026022831,54.9092268549964,45.0918835416725,63.9317276119191,62.9099885710489,67.3901646079663,48.586848089975,63.7767070300132,43.0910642614825,42.7356055663431,44.7134348801173,41.0433846378592,43.3587335261958,40.2214362199855,49.713914251013,1002876916.75357,8337.79672754326,1306380082.19985,33495456.176001
2003-11-01,82.4312,136.3818,47.4425,71.9306,78.1181,,4.456254951689,,4.65811967618549,,,,,76.69,78.33,84.06,71.77,55.86,,,,,,,,,767023013.094797,2191160594.24511,2458324762.54728,2498644677.39857,261310.470799881,4.99,11.3985,8.76875,13.65426,,74.8285,87.6931569163363,159.741575475361,54.8646417591916,55.0805519373771,59.2826364951322,55.0862609846647,45.3568586763472,64.0322747054428,63.1215399439476,67.5850901634016,48.9160959217823,63.9424152248943,43.4676056602509,43.433898990281,45.6094074883559,41.753320998766,43.6753443853125,40.5673939088459,49.9223077070914,1006611134.37505,8628.28845382713,1348305344.15188,35989502.6294494
2003-12-01,83.8516,136.9149,47.327,74.2121,79.6681,,4.22730420577774,,4.20157700260392,,,,,77.8,79.49,85.79,72.14,56.68,,,,,,,,,777475658.013426,2267658832.48504,2528319352.19398,2570391267.49783,265682.564561106,6.06,11.2372,8.70355,14.16449,,77.1563,89.0617984994408,160.52034420723,55.4663364527947,55.2658252141386,59.4782157501496,55.2520596623553,45.6337528849356,64.1033379451767,63.3414416517786,67.7843487057478,49.2324391186052,64.1392677659369,43.6626734164051,43.9421255324402,45.2655604030379,42.0433543676526,43.7848454118854,40.6763426658923,49.9514591677819,1021605427.83166,8629.21001814003,1350962708.89413,24134182.163839
2004-01-01,84.1058,135.6554,56.6144,80.1987,78.4266,,4.67325957447441,,4.95401000401353,,,,,76.43,78.06,83.26,71.93,53.78,,,,,,,,,790567381.897131,2307483676.37486,2543521251.83117,2592066883.25548,266642.691196885,4.95,11.0214,8.29052,13.68197,,75.4644,90.1325064567073,161.646588278363,55.7914645796427,55.5825974000943,59.6407065431569,55.4120331981864,45.8841302008865,64.1750424066924,63.5181209336508,67.9421916266045,49.5210053734535,64.2630985851975,44.3483400444392,44.5877100400345,46.2249953896569,43.2313860597893,44.0867641314943,40.8593971256771,50.880164262648,1024184093.50797,9112.51608424297,1426625077.66826,42276893.9183382
2004-02-01,84.2273,135.0704,57.1766,77.2672,79.119,,4.51336097738426,,4.6727714676022,,,,,77.46,78.79,84.64,71.93,58.68,,,,,,,,,799399805.995235,2274257901.37972,2531276437.75681,2585933608.32814,271611.59093102,5.57,11.0606,8.24678,13.74058,,75.8635,90.6458087760606,162.434993935738,55.7327867967257,55.843778325023,59.8203385964139,55.5798771349097,46.1574271282437,64.2340134414525,63.6762949516673,68.1166626632501,49.8237315366906,64.3829604926918,45.0331220619424,45.151283992962,48.8686788214634,43.9894941373116,44.5541966825488,41.2459082256268,51.6302450521923,1037839757.31176,9831.35770273661,1536638473.33211,55477358.3497838
2004-03-01,85.9846,135.6996,58.6778,79.762,80.6816,,4.43371411175217,,4.58438346344294,,,,,78.05,79.29,85.42,72.09,59.62,,,,,,,,,799812505.339058,2295170605.62252,2537251834.80538,2607295604.74486,270309.849490039,6.28,11.1748,8.52,13.73606,,74.8333,91.6020796779238,163.783647919764,56.0354316091205,56.02811217078,60.0143847732331,55.7297050979598,46.3965458967718,64.2914250503394,63.9393493580358,68.5005630744641,50.1412334145916,64.4357321016657,45.0436737507294,44.9831670436555,45.9279480920663,44.8141347708085,44.8303793717193,41.4631063957243,51.994513185179,1055692373.47065,10286.1749032921,1606693842.01217,95822169.8556257
2004-04-01,85.8502,137.1463,58.0079,79.6215,80.3494,,4.36800418225144,,4.50375010558569,,,,,77.69,79.03,84.75,72.28,58.57,,,,,,,,,812510794.19134,2308665057.97496,2554863550.68409,2603386360.13851,276124.188332765,5.98,11.4093,8.30129,13.67747,,76.2808,91.4689258281529,165.452797101781,55.2762091862327,56.1773082853116,60.2105003573148,55.8800286403508,46.6471685913015,64.3453975701425,64.1953928243843,68.8062921741183,50.4829850290261,64.6682317697742,45.0524286439281,44.2453222466452,43.9873334697015,44.6459181025536,45.2475134744639,41.8522964897842,52.6478741961082,1060768678.92787,9755.66588960987,1534706673.64658,42383869.0946266
2004-05-01,85.5001,136.1868,57.2937,78.5078,80.1342,,4.29470509687697,,4.54922747787328,,,,,77.71,78.81,84.39,72.35,60.65,,,,,,,,,831189314.181999,2298861267.20651,2557649519.11199,2604390898.40997,279229.132090879,6.59,11.4147,8.37531,13.96823,,77.7161,91.4309208375541,166.595260693589,54.891342975498,56.3720606549164,60.411268568616,56.0500885786065,46.9067546372957,64.4462825534378,64.40637056569,69.0499705225774,50.8085888660262,64.7955627839341,45.1701834066565,44.1387793840904,43.7428256648532,44.5901646332049,45.7634568096402,42.3580467432333,52.7897219804842,1064235115.89615,9984.37511946365,1547494996.12515,34292596.913123
2004-06-01,86.0202,136.9672,57.691,79.5176,80.6957,,4.84099002822361,,4.9053096578527,,,,,77.79,79.02,84.44,72.75,60.35,,,,,,,,,845245485.359132,2330993697.70439,2600751303.85778,2660174532.5294,281166.560524258,6.57,11.5258,8.59237,14.01768,,77.6204,91.8895310094613,166.378722662183,55.1585113575466,56.5898146669353,60.6313232659989,56.2824601847152,47.2011817031605,64.5953745356824,64.6155672841371,69.2308745338086,51.1009931436199,65.0069095027366,45.313171138941,43.9363979168643,42.7546997957022,44.7861800148866,46.2078117799946,42.9622748172302,52.9617233046661,1063785804.7617,10343.5301294218,1600756969.72662,30509535.3003419
2004-07-01,85.5884,134.6811,58.2062,78.2138,80.8652,,4.14985697341032,,4.44850396547643,,,,,77.97,79.3,84.5,73.18,60.57,,,,,,,,,842400308.364635,2320390895.262,2587209649.74945,2642525356.16847,287884.242130189,6.81,11.4079,8.58445,13.73169,,78.3796,92.1081955399788,167.628477827079,54.9542450859867,56.8042146348442,60.8142908302283,56.4970618714729,47.503049766528,64.7222920445596,64.7708674534906,69.4203344322005,51.4507648170704,65.007084963681,45.6068740209605,44.1734370322709,42.0806481735248,45.2053679728793,46.5924359314876,43.3763711990966,53.2135361440959,1072311844.85437,10307.2254881809,1614151217.91165,33341105.5573189
2004-08-01,85.5748,134.3282,58.8005,76.7257,81.0495,,4.25938687995236,,4.49561713702407,,,,,78.42,79.39,84.62,73.33,62.66,,,,,,,,,848357323.402814,2337406016.20138,2589257064.56089,2652546713.00098,289267.494943408,7.21,11.3807,8.63158,13.83097,,77.1329,93.5362475059168,167.505160733647,55.6928935991064,57.1404118804359,61.028278595568,56.6981541898662,47.798320199995,64.8323971115199,64.9830326469522,69.5876245150326,51.7730111296688,65.2086857387776,46.3639233870123,45.6750999325534,44.2076005522675,46.0472022637402,46.918104588762,43.8032963056184,53.3764830237974,1079727920.63274,10566.3976544107,1623765062.17558,33264051.7876005
2004-09-01,85.6711,137.2878,58.9459,78.4151,80.4105,,4.59354524002195,,4.71472695349605,,,,,78.26,79.25,84.26,73.48,62.01,,,,,,,,,855280056.531034,2376676760.04842,2576269152.65839,2657775393.23888,293008.682347964,7.36,11.3884,8.98488,14.13984,,77.4044,94.0411645730047,168.52851304386,55.8995149684009,57.4551887758782,61.2161962496163,56.8912336621133,48.060359601372,64.9596763608987,65.1830494177512,69.7815322000914,52.0577221881014,65.4002589744348,46.9430118114057,46.6624581507813,46.2430605958318,46.2981355625913,47.1864283241653,44.1479444295665,53.5271784775582,1068380073.44895,11274.5068077342,1732865817.16445,46470753.0022828
2004-10-01,85.9962,139.0998,59.3019,78.7648,80.4041,,3.62749065498888,,4.57532772911264,,,,,78.16,79.29,84.15,73.74,61.15,,,,,,,,,871385170.575846,2409105066.4589,2623202756.9555,2711671800.2689,297241.83235374,7.76,11.539,9.46671,14.69376,,77.3682,96.8188199138983,169.161651286141,57.2847751691394,57.7885907764702,61.421454301102,57.0879488030697,48.3300104863277,65.0781335368755,65.3883693387052,69.9337401297765,52.3529223851178,65.6364212538185,47.6651408310096,48.2564704641042,50.290167740528,46.5305685531489,47.3452181006412,44.2938795259743,53.7563566339916,1064343237.05183,11836.5847338629,1793378236.05378,43407599.2154211
2004-11-01,86.0394,136.9693,59.2284,79.712,80.5132,,4.21258048426964,,4.39986882917613,,,,,79.48,80.52,86.0,74.06,62.66,,,,,,,,,868585975.546472,2442662761.1612,2627198586.97355,2721666378.66583,297123.85443756,8.2,11.2373,9.46462,14.93212,,78.5995,95.5598526571556,170.124734028044,56.1673268658002,58.0635504182034,61.6063061535095,57.2310609311818,48.5213928026954,65.1830267915556,65.6094411094092,70.1123981836055,52.6581049731971,65.851681724606,48.0877687251654,49.1604234572435,52.6053705023057,46.9436631353596,47.562905702071,44.3667986590655,53.9256200223832,1074096697.99063,12087.0425591365,1799229243.67459,45041526.9669077
2004-12-01,86.2838,132.5017,60.1636,79.6217,81.6322,,4.25732963862035,,4.35826770156487,,,,,79.24,80.16,85.31,74.15,63.92,,,,,,,,,861382940.054016,2422397541.96855,2636969013.94449,2731867890.68357,298664.339472775,8.5,11.1495,9.29512,15.16332,,78.2486,94.9341526876546,170.494292898053,55.7152376047556,58.0807519028531,61.7914250675474,57.3688284243122,48.7941017396166,65.2132935951333,65.8246140290198,70.2809124596349,52.9713810379736,66.0839597572085,47.8213472513428,48.2513482956742,48.3982137285681,47.3549096149315,47.7566210251216,44.5740320580838,54.0927141708018,1084198859.73514,12657.0623823003,1882041698.81971,52259942.2357942
2005-01-01,86.5008,136.0757,61.1989,82.0079,81.0125,,4.3529503017518,,4.61994331444381,,,,,79.48,80.26,85.55,74.12,65.32,,,,,,,,,884813066.851583,2433242850.04288,2645243981.52328,2757786135.39033,303684.233903975,8.6,11.2141,9.05314,14.61085,,78.1923,95.456693305123,171.534867941767,55.6577181731395,58.0777936029931,61.9701803530456,57.5003318029777,48.8792282470966,65.3622136826493,66.0771344453289,70.4063351928829,53.4260909965948,66.3476764505511,47.2851848282915,46.0793010426457,43.5530346971457,47.415630206627,47.8519651383621,44.7622183161528,54.2420157681766,1099548067.37714,12673.9942489681,1905034111.18281,48453990.946619
2005-02-01,86.8745,136.0937,62.1365,80.0406,81.9132,,4.58529973233231,,4.79335054899289,,,,,78.93,79.78,84.55,74.2,64.21,,,,,,,,,898431064.551193,2432440315.06009,2660225056.09792,2766696053.37191,305290.107052643,9.15,11.0965,9.0179,14.72173,,76.9929,96.7466140359652,172.29838156626,56.1087766890964,58.2145634988023,62.1347699791477,57.6338282278561,49.0097735670258,65.5030517412424,66.2424020214926,70.5255659728271,53.6325261588634,66.5444194354939,47.502925417079,46.5291070144286,46.3246641738124,47.551822878265,47.8244939695691,44.7115906681524,54.3626354021423,1085768198.91265,13676.1307854132,2032094936.51415,49704348.2183597
2005-03-01,86.6538,134.8411,61.1308,81.3845,81.0994,,4.62702435124614,,4.80509233452966,,,,,78.63,79.49,84.01,74.2,63.32,,,,,,,,,893220400.262698,2446733139.79037,2669255252.25555,2773669256.77095,314439.519944201,9.41,11.1783,9.24513,14.4949,,77.3508,98.3546286467609,173.790085214013,56.7044867683115,58.4819260931711,62.2925847081929,57.7713378332191,49.1725406293192,65.6069062257565,66.4348967187356,70.603352232736,53.926055116279,66.747297074667,47.9073815654132,47.5143767354389,47.6258821842471,47.7002886776921,47.9869244421434,44.8831314490554,54.5339525668037,1106668256.35856,12430.1759742701,1872567128.96825,42069143.0176578
2005-04-01,86.9465,137.4695,61.6407,80.3849,81.4951,,4.39826748591146,,4.61990407249047,,,,,78.91,79.75,84.87,73.79,64.3,,,,,,,,,904332051.373532,2475297119.56158,2675952192.81095,2794068085.27757,309984.070500764,9.63,11.0832,8.8291,14.32393,,76.5199,98.7843598697776,173.519870771542,57.0029777314221,58.7668603852771,62.4152902075331,57.9211481094009,49.3456621956647,65.7332852946705,66.5575090493281,70.6784427628898,54.196144582419,66.9088397740007,48.6335257460748,49.1638148063451,52.0088434127005,47.6028401014227,48.0586015562054,44.9500376192955,54.7854513471069,1119143397.67371,12210.5634393706,1797130603.01343,43403951.9083128
2005-05-01,87.7338,140.0753,62.0425,81.0102,81.6276,,4.47237977243639,,4.6075274037672,,,,,79.41,80.26,85.77,73.86,64.12,,,,,,,,,907278840.665723,2468043006.5936,2679587097.93727,2798183292.05725,311078.978901238,9.75,10.916,8.70638,13.48126,,75.2872,98.8100944910445,173.377506200484,56.993086102819,59.0030686533496,62.6004232229877,58.063846428465,49.5292503127939,65.8764761861475,66.7454612860157,70.7599900284698,54.4786948405404,67.134987224465,48.9936550606589,50.4658705212466,55.2296647252377,47.6927262290626,48.040501402246,44.6554879193018,54.9420272166934,1129257335.21757,12956.0653769585,1926592429.11702,39360889.6030082
2005-06-01,86.6567,139.2859,63.2093,81.3715,80.3626,,4.26670956400852,,4.3750248226828,,,,,78.76,79.53,84.38,73.88,65.44,,,,,,,,,923936168.043325,2500620281.71296,2707354241.64115,2834683481.37674,317170.632061223,9.63,10.7752,8.79612,13.02291,,72.9589,100.064338693392,173.745218484272,57.4761566367151,59.0921609247111,62.7871109138324,58.2621745902807,49.7357152855652,66.0210074098017,66.9343918540188,70.8858930785184,54.8004053911493,67.3444401886216,48.7077126401267,49.4113950055098,51.9386040303964,48.012447319722,48.3311925545786,45.0280854391246,55.1845032644394,1156639524.89431,13603.2886826703,2032895634.52655,45785761.3067157
2005-07-01,85.3777,128.4327,63.178,79.8732,80.7577,,4.95535550874561,,4.68633890673462,,,,,79.5,80.01,85.39,73.83,67.27,,,,,,,,,937651427.5704,2555140445.3071,2759464041.03698,2890333159.2978,320964.318463281,9.61,10.6057,8.64715,12.86896,,71.149,100.602605053512,174.293073201002,57.653764292309,59.3495309834873,62.96826182075,58.3908893286109,49.8776159367909,66.1352912425831,67.1716478390357,71.0646666492533,55.0668535265215,67.5844288390976,49.1861957514411,50.2967637431609,52.755603716932,48.4909445929616,48.5639659967182,45.326035866227,55.2680825553074,1167222054.1827,14652.3788403229,2139939286.62631,47175583.8151577
2005-08-01,87.6,140.0815,62.2163,80.192,81.9508,,4.10458340724838,,4.50231293950461,,,,,80.06,80.99,86.93,74.06,63.17,,,,,,,,,942558564.8325,2592892086.61094,2787506607.95815,2919786716.60309,319111.492473047,9.6,10.7995,9.09815,13.27043,,71.9238,102.551079569665,175.493996846055,58.1121204071947,59.403238572608,63.115497984779,58.4997963936789,50.0412823980494,66.19284870538,67.3460610114219,71.2244398787587,55.3443195786861,67.7318111174026,49.0729778699283,49.8066936324383,50.9663921588563,48.5003304938362,48.7575387883996,45.5730519986535,55.371439238582,1196584734.6982,14642.0193985148,2157738630.0257,78109493.0173967
2005-09-01,88.2921,137.2917,62.5685,81.0316,83.4284,,4.43748460517211,,4.54197811204539,,,,,80.79,81.72,88.02,74.31,64.85,,,,,,,,,948813924.009038,2627265325.21665,2840866275.21037,2976417945.01139,325914.888775575,9.21,10.7907,9.29112,13.02977,,72.7939,103.335284810183,176.947839132063,58.3953431230774,59.4646736736273,63.2720385808113,58.6179888319207,50.2007812921197,66.2758422285615,67.5451248086548,71.4355323827931,55.6392507456309,67.8838965630999,48.8404596807384,48.6371956089553,47.9872692355403,48.4092102509097,49.0035175924672,45.8483377298843,55.6067054876051,1224444950.23296,16323.2560318656,2376724759.69227,64851584.7445529
2005-10-01,88.5378,134.7527,62.999,81.0238,84.1175,,4.58725207502034,,4.60171609184009,,,,,80.99,81.54,87.85,74.21,65.92,,,,,,,,,964088703.984761,2681220869.70462,2890058353.86994,3029115864.45721,329410.796713974,8.91,10.7857,9.14897,12.91695,,72.0896,103.576466396429,178.017502836595,58.2714625868594,59.5491169809173,63.4484406542596,58.7476438092256,50.3236458064969,66.4094541890275,67.7681735220377,71.6912598610136,55.935662242671,68.0682721791426,48.6649028089799,47.7567294922456,46.5539175817563,48.1763285104249,49.3167261492315,46.3223461409654,55.7425531499391,1233136810.14271,15959.2366424417,2326958720.28315,63266380.5486283
2005-11-01,89.8427,139.0741,63.5339,83.6537,84.6975,,4.86152741273178,,5.06926915606734,,,,,81.02,81.62,88.05,74.14,65.14,,,,,,,,,965941439.841705,2703144567.49943,2915697650.22442,3050937360.90731,330094.699646117,8.71,10.5793,9.05842,12.46876,,69.5325,103.142153043269,178.273889399176,57.9484250852361,59.7472001576386,63.6224392514394,58.8627573835088,50.4464170463003,66.540576264022,67.9929079157253,71.896054465974,56.2288379774684,68.2597414138951,48.8833321586026,46.9447645479764,45.7841181175536,47.8740896772501,50.1175095860474,47.1663617067505,55.9255143403499,1245569576.60283,16810.8692653058,2468469536.3184,54531882.1730026
2005-12-01,90.943,140.5074,62.3681,84.579,85.6224,,4.48541036198489,,4.57862669422426,,,,,81.53,81.8,87.92,74.61,68.04,,,,,,,,,975025544.061937,2764467853.05381,2948373898.00144,3084384850.92039,334698.340137175,8.22,10.6344,9.11028,12.53902,,68.9022,104.509361451808,179.547934154155,58.3472012246657,59.9918405195453,63.8044174847342,58.9822313025533,50.5592750996543,66.6604619716907,68.206240808573,72.0755526317854,56.5236040723195,68.4977475943352,49.4421509364818,48.0305213148622,47.6662780540844,47.7862280222823,50.4329153603002,47.6192962446778,56.0639456295931,1263666892.28143,17446.903998538,2499780478.37206,50580901.8743331
2006-01-01,91.1862,139.364,67.7189,84.2918,86.2826,,4.45820224591618,,4.55419232755137,,,,,82.51,82.78,89.48,75.02,69.46,,,,,,,,,994343256.802019,2802779336.14785,2966661987.01991,3107845901.40159,340183.152707445,7.88,10.4433,9.13277,12.67608,,69.267,107.378768567048,179.945514807953,59.7900721218949,60.3234297150984,63.89167249684,59.0882962834995,50.6187089901334,66.78834892104,68.3282850337978,72.2674106079459,56.8200321702412,68.4646797636276,50.4227009993514,49.4715441786032,52.0544656699026,47.6494687190122,50.8188979375217,48.3087371498693,55.9074362870228,1289218061.83817,18466.5155477181,2642685187.93324,68160387.2199813
2006-02-01,90.5973,137.3675,69.5999,84.4437,85.4964,,4.21760568992394,,4.32287184064004,,,,,82.37,82.73,89.05,75.41,68.14,,,,,,,,,1005109311.39566,2856972687.81657,3039841100.24297,3189380559.17282,344395.621388956,7.61,10.456,9.18884,12.45623,,68.194,107.244663639462,179.924348221569,59.6736591310669,60.3776611780651,64.0365624709166,59.2001277369942,50.7899160715881,66.8427322662101,68.4720060161177,72.4122847358603,57.1111673185509,68.548816886988,50.3305376520297,49.5739992346723,54.1271565361947,47.5389745730998,50.6630280714944,48.188238018527,55.8256567511242,1330060454.82767,18764.9678075932,2696357635.38969,62466608.8975862
2006-03-01,91.4457,138.5458,69.3423,86.6405,85.7818,,4.19196623315687,,4.31655656761844,,,,,82.19,82.79,88.68,75.86,66.45,,,,,,,,,1035606573.77125,2952619866.4107,3157476964.43095,3307029271.1638,354852.23276997,7.37,10.8935,9.34183,13.19748,,69.991,106.428606600687,179.879078794996,59.3244717987037,60.4713009690765,64.2731446234727,59.3631610947522,50.9878070923608,66.9690297039299,68.7842275910436,72.751838529413,57.4089615584613,68.808483610314,49.9062842128783,48.2509984621961,49.9652573205523,47.3247776544338,50.8194371743253,48.4209583613063,55.9350581389331,1298099496.31413,18991.682753027,2721789426.83548,75367345.0507756
2006-04-01,91.5629,137.5654,70.2005,87.4234,85.8965,,4.42832075494766,,4.45488119153834,,,,,83.11,83.55,89.65,76.54,68.66,,,,,,,,,1056966689.0057,3045266381.29235,3234276582.26675,3415343615.66088,361141.909277197,7.17,11.0903,9.89676,13.96823,,73.0023,107.086497720158,180.289643627469,59.520390704367,60.6627530641184,64.5029073935293,59.5034688986759,51.1369705879568,67.0956637259174,69.1259277859612,73.0202468359456,57.7008566158176,69.2835549462447,49.9804760758377,47.7511725744961,48.7398322113488,47.214313179837,51.1192447925349,48.9035243175074,56.0026186435072,1325659654.52627,20643.568882118,2901673840.83793,61975960.4589939
2006-05-01,92.472,136.9577,71.1673,88.0524,87.1247,,4.13995415190683,,4.40320740151916,,,,,83.33,83.74,89.69,76.8,70.15,,,,,,,,,1065446993.18949,3042842772.16874,3247112518.15843,3422675344.66146,362456.423670911,7.02,11.2966,10.2705,14.5003,,75.7577,107.923312567187,181.048094734662,59.5796779919743,60.8110967059938,64.6497948976198,59.5555110504609,51.253592583924,67.1512860205141,69.32086295655,73.3134255709428,58.0010291168273,69.3124002847978,50.0919690352662,48.6212234544919,50.4806363043024,47.5096605902304,51.007759289562,48.5731301306428,56.1622043416976,1336418019.97109,18541.7804947998,2679180432.84678,85718607.2465245
2006-06-01,92.5475,134.1208,72.1133,88.3775,87.5924,,4.44768180361955,,4.54563763201958,,,,,83.71,84.18,90.45,76.79,69.49,,,,,,,,,1091488953.77463,3062074838.63296,3297355504.24321,3481562036.4617,373533.616370175,7.02,11.2723,10.12602,14.39811,,77.1863,106.449526409833,182.106978234774,58.2558098132698,61.0019179743159,64.8662499756906,59.750637193991,51.4623259092389,67.2631003641336,69.5805563436202,73.6376096767412,58.2896348524546,69.521667531317,50.1382655885859,48.5050830704016,50.1416377079384,47.5788170046022,51.2104777561512,48.837820494645,56.3227525126243,1367176381.18971,19268.0678341808,2753288557.44015,79476739.9936068
2006-07-01,92.5188,133.5262,72.4198,88.8033,87.6282,,4.78284915906932,,4.60940286646124,,,,,83.69,84.06,90.17,76.96,70.66,,,,,,,,,1107531383.59889,3038339356.21625,3259098127.79107,3419667340.30529,374553.213405786,7.03,10.9181,9.66634,13.9315,,74.5359,108.431922164653,183.03498320831,59.0104047345938,61.1766138664349,65.0721617153283,59.9181857920606,51.6943841620611,67.3725174268047,69.8255305511647,73.8598705726187,58.5474364693177,69.7569374172916,50.2362052065435,48.4224158023967,49.0891700918478,47.693022345805,51.4182832041332,49.0368360005922,56.5309304538454,1386697855.61117,20255.0773287324,2896870447.03447,70904383.3686058
2006-08-01,92.955,136.1972,72.9762,91.9039,86.5595,,4.12928313121684,,4.25984218588668,,,,,83.83,84.03,89.77,77.34,72.46,,,,,,,,,1090940889.02272,3038987452.0938,3293362755.29127,3435939875.34015,378465.551201882,7.03,10.9037,9.83383,13.95783,,73.7198,110.565155896185,184.73639197735,59.3634470945746,61.4599218838143,65.2496813240011,60.0883117835197,51.9025563528552,67.4958707444401,70.0134412309003,74.0710466043514,58.7490565467117,69.9214959856232,50.9060826007735,49.9846030185898,52.2178790090565,48.062999178565,51.6060776532449,49.1722596328454,56.8487794286538,1535695806.53986,21480.3141522545,3053118271.02428,71736349.5431286
2006-09-01,92.6379,136.6849,73.0196,91.2904,86.4257,,4.17774906376796,,4.27774060267645,,,,,84.11,84.22,89.96,77.58,74.47,,,,,,,,,1100502891.89023,3049883507.66339,3314225878.34884,3470084316.70865,382834.198214143,7.06,10.9935,9.8482,13.92217,,73.299,108.58548314656,184.999712021849,58.5695397495846,61.8936068067229,65.4769906895921,60.3299946580965,52.257578695258,67.6459605247406,70.2214834095555,74.2184168838952,58.9158835352681,70.1753392214724,51.8626374235987,52.1214357231144,56.3345961151187,48.8311350608363,51.6812753920751,49.227036453644,56.9799343956504,1589636948.89258,21967.2408691916,3153779356.43129,77700099.442753
2006-10-01,92.6501,135.839,73.1014,90.5975,86.6443,,4.02744328750076,,4.15819697726581,,,,,84.22,84.15,89.69,77.76,75.03,,,,,,,,,1100340556.57681,3036894648.05508,3267180219.15473,3436205137.34858,383056.853420158,7.05,10.764,9.59277,13.7424,,72.158,108.262535875772,185.985281054494,58.3104689596335,62.1017256018383,65.658313328589,60.5204275299168,52.4676193151783,67.8235057087614,70.3956213623444,74.3735733118547,59.2162962355622,70.3632910539304,52.1340245550909,53.2012020642135,58.9592262874408,49.2329210397255,51.5312835822514,48.9849360868936,57.1206317998158,1651921595.69409,23273.8748503797,3331574963.69426,96644636.6381982
2006-11-01,92.8355,136.0424,73.7801,90.4381,87.1884,,4.05057578837759,,4.34733423013425,,,,,84.28,84.09,89.37,77.99,76.05,,,,,,,,,1121529431.18322,3050549061.29275,3330214663.64082,3505152668.45568,399604.140280012,7.04,10.9975,9.63084,14.57389,,72.3953,108.384661807029,186.769031852389,58.2273756102725,62.1773100033982,65.8834109938329,60.7638035439026,52.8514935305154,67.965446492075,70.5964552088549,74.5330563576768,59.502334477944,70.5278650888824,51.8097859794381,51.3573915646469,55.0320945998973,49.3533212200932,52.0350003434165,49.432709808677,57.259025041251,1725343380.35658,25056.1084316003,3561862757.68235,100063676.099609
2006-12-01,91.9211,128.7475,73.9089,90.395,86.4963,,4.65559118710384,,4.65710208577803,,,,,84.03,84.33,89.7,78.18,71.5,,,,,,,,,1114490238.49432,3109693334.40848,3405984128.15308,3582978794.92488,397407.669523722,7.04,10.8116,9.2796,14.23347,,72.7836,110.419562045511,187.603312250075,59.1158776581578,62.4194119507971,66.1256006139026,61.0009498353748,53.1269840131112,68.1296842281005,70.8122237274874,74.7618611339773,59.7870239953738,70.7258324185506,52.0920371208042,51.9162822067564,55.2368395599867,49.5546104276851,52.2271635382691,49.6584195373394,57.455103825733,1783171151.2952,26019.1574309886,3721026282.44885,88102107.0014008
2007-01-01,92.0213,135.8783,75.2062,89.3447,86.2195,,4.09032889254705,,4.11240800144243,94.2724829250766,59.0399773871949,,,83.32,83.82,88.06,78.78,69.64,,,,,,,,,1116136138.82116,3110088327.76765,3362871581.97513,3541488772.19318,392722.165662804,7.04,11.0382,9.34969,14.34745,,72.139,108.596941807173,187.280054004135,58.1942908971773,62.709041860003,66.3750150253901,61.3479750294761,53.7117433406512,68.2220016735626,71.0252689895375,74.985742370119,60.0393842448765,70.8886428570674,52.513279122686,52.2009630837694,55.7679242836485,49.8306015200898,52.5218243549405,49.9415359943104,57.7358089709168,1796987819.82169,27319.280892256,3895195825.61568,102964312.060738
2007-02-01,92.717,136.4877,74.3767,90.9216,86.22,,4.3647323779137,,4.48432986922889,94.7657840802093,59.5314699876761,,,83.67,84.02,88.52,78.73,71.44,,,,,,,,,1121309201.00895,3155071644.22921,3392163816.41259,3569399981.74221,397011.428829898,7.04,11.1682,9.52759,14.74984,,72.7045,109.541615458099,189.390592099079,57.9859549299652,62.8564221810952,66.5737945523433,61.5029589034021,53.8886016546823,68.3584992701905,71.2338687199437,75.1590661670152,60.3215726127368,71.1046442664586,52.5742039116907,52.5457587617708,57.3253730891067,50.0764652798736,52.5959258898666,50.0600071512412,57.922223226172,1841252373.24344,27035.9514074064,3890384117.06873,122853493.401252
2007-03-01,93.6884,137.2554,75.6065,91.1969,87.7333,,4.29952003142019,,4.45741765096919,95.1376047359908,59.951538437283,,,84.29,84.43,89.01,78.99,74.09,,,,,,,,,1146608220.84335,3181480648.45879,3461958158.41012,3639965408.36651,410730.303606897,7.04,11.0322,9.57738,14.75446,,74.4622,108.965615845898,190.218506295469,57.4716804997738,63.0073729822495,66.7432406178028,61.6427690335214,54.0397224980627,68.4844851285391,71.4282935005008,75.3525645694052,60.6132063626409,71.2602589478326,52.5717970354075,52.4633511560344,56.6205315038933,49.9614406927946,52.5531461713867,50.0559305823737,58.0100818603354,1867588400.18268,28309.8635292942,4085448617.86834,103933837.038634
2007-04-01,93.435,137.3552,74.7186,90.9432,87.5139,,4.33465005782259,,4.4275243203477,94.061249618762,59.1987485245175,,,84.14,84.17,88.03,79.46,74.47,,,,,,,,,1141373650.8348,3168431555.8945,3403710903.60191,3591606123.77179,404415.126091672,7.01,10.9278,9.88671,14.91426,,74.6272,109.584159973288,191.300758966041,57.4498989141482,63.0946426263789,66.9020478131741,61.8001790168506,54.1934440165822,68.6417496508434,71.5999816378895,75.5223805356559,60.8998695618327,71.4038151233024,52.4724612506697,52.3747437249912,55.5622507760468,50.4217540400993,52.2991033780596,49.6469060100843,58.1061613341197,1912348060.53891,29025.3603755792,4198302273.65957,101452108.89799
2007-05-01,93.4531,135.0508,76.0088,90.5087,87.9899,,4.19272312488684,,4.29328569641689,97.6100205715962,61.513379639134,,,84.25,84.39,88.67,79.53,73.75,,,,,,,,,1150669954.75394,3212546709.15029,3463014270.04856,3665698050.81636,412434.411335123,7.24,10.7445,10.05008,14.4535,,74.1507,109.942666527694,191.802727764291,57.2770173826847,63.2317702558963,67.0782462528656,61.9275934081696,54.3586643796232,68.786085216753,71.7889295510406,75.6750707945023,61.1786859696962,71.5680915477419,52.4446576487435,51.66072801171,52.4122948902139,51.1222316203273,52.9479906854975,50.4469116455193,58.2772935315298,1984507198.58231,30877.1363577857,4475608591.90269,116349698.038292
2007-06-01,93.4292,137.9087,75.717,88.7315,87.8183,,4.53994211465594,,4.60933848010654,95.4721180407001,60.4876360139355,,,84.95,84.74,89.24,79.51,75.82,,,,,,,,,1171557174.57255,3248452479.28621,3482057295.62011,3682148023.69456,415010.218036674,7.2,10.7946,10.13764,14.58351,,73.9197,111.140435740469,192.203029985356,57.5323798741505,63.434072136719,67.2915592467567,62.1842490311845,54.7209958930872,68.8851099555151,71.9848188095457,75.8223011431641,61.5139569746427,71.7639928823736,52.6103903295219,51.7806722340392,52.1151355372645,51.5192689316424,53.1882725839622,50.7079479421122,58.459985269582,1996005727.42857,31292.6874059459,4546809194.19324,122142393.876591
2007-07-01,93.4084,136.8831,76.3685,90.5603,87.421,,4.25529429863935,,4.92274844200229,93.5252070077331,59.6389410277138,,,83.76,84.39,88.49,79.61,69.13,,,,,,,,,1181291314.94,3273613772.38196,3473270886.93253,3684828672.05207,414155.032487038,7.19,10.9273,10.245,14.96275,,74.2397,113.179209288931,192.737650027881,58.3577757512918,63.6957622997541,67.526661692757,62.4768940888677,55.1665775670935,69.0380126074903,72.1635179903258,76.0067301687729,61.7782040439486,71.8944368054679,52.9699340740766,52.3920103409591,53.2367390282991,51.5668307781559,53.3779567135158,50.9033905201994,58.5736796836169,2028525367.09303,30687.0340766297,4498620076.65599,149188557.31772
2007-08-01,92.9225,125.5128,76.8222,93.5121,87.5558,,4.12254454592408,,4.2123708911233,98.1521636586357,61.7320489182397,,,84.61,84.81,89.33,79.55,74.11,,,,,,,,,1206124892.15056,3377072976.12499,3652892273.40868,3858767744.45714,427019.209839981,7.2,11.0378,10.44055,15.04673,,75.8685,112.77298885056,192.669142136367,57.937900737074,63.9363591184791,67.7766776488637,62.7319271968837,55.55104314556,69.1461365931166,72.4223692568098,76.2478039354942,62.1257058073566,72.1285288265613,53.2311485735824,53.0417211941759,54.3874296078044,51.7202048714525,53.4671424984199,51.0292284788387,58.6466055066832,1996343229.76225,30685.0819168629,4488974735.43868,148486577.476007
2007-09-01,93.4833,135.3491,77.8449,95.0954,86.3533,,4.10446958053981,,4.19004621585374,94.3023437951712,60.5245293433396,,,84.5,84.65,89.11,79.66,74.58,,,,,,,,,1226310999.26137,3393444801.88775,3644618465.19577,3870620265.83499,430061.6077193,7.21,10.9315,10.87794,15.55553,,76.2822,115.907516165378,194.097758162761,59.4706416939642,64.2487543796599,67.9960865125833,62.9613553468931,55.948341513588,69.2423105391733,72.624198178828,76.4585255318209,62.3567856836199,72.2656368163372,53.8016049109879,53.9260685680748,56.0606697861991,52.0660081650094,53.6782576420101,51.2944561190655,58.7655362381145,2054770926.53094,30232.1175566487,4467970821.66173,117220060.255485
2007-10-01,93.1505,132.5247,78.4193,96.0854,86.1435,,4.51491539724913,,4.35044403537411,96.7683532635608,62.0376761790186,,,85.08,85.44,90.04,80.14,71.97,,,,,,,,,1213492565.61095,3397762768.67014,3648551221.55882,3892191409.56488,433801.923367296,7.2,10.7023,11.26674,15.47981,,75.675,119.230310303371,195.798083575887,61.0285851678908,64.4391300148432,68.2455088254719,63.2644772758807,56.4573599501694,69.3680087670375,72.824337493977,76.6434194003195,62.6510542446788,72.5173554688843,53.7607600552148,53.5548933924885,55.3271151400257,52.1961220164509,53.9380615835755,51.6725129241364,58.9374862650794,2095104234.04912,31763.4216010474,4608308968.16984,147232996.84151
2007-11-01,92.5148,130.1782,78.5904,97.0306,85.1961,,4.39677657462259,,4.47934153579213,96.6047914245496,62.3521225683093,,,84.85,84.92,88.96,80.23,73.99,,,,,,,,,1216434709.88765,3450047054.97467,3711848242.01255,3970061036.12097,436506.284823192,7.44,10.8968,10.8968,15.99759,,77.043,121.80798415754,198.390135617961,61.7277426109098,64.6172664508991,68.4679663648144,63.5484513218544,56.9621832387302,69.4953614796234,72.9761251410553,76.8283656392157,62.9353329990808,72.5214950540391,53.9097361960514,53.855701270368,56.8713758531654,52.2558673318165,53.8290765836374,51.2325949443874,59.1200376259634,2111629754.48074,29992.7976578943,4379124850.81114,138872346.261224
2007-12-01,93.0985,131.193,79.3117,98.0564,84.9662,,4.41054474243975,,4.44691103384351,94.611953347986,61.2448521335437,,,84.15,84.13,87.5,80.17,73.67,,,,,,,,,1236625508.3275,3457796807.94397,3709568275.0947,3969851149.71091,438570.241804084,7.44,10.9157,11.06284,15.94893,,76.381,122.745080643193,199.57050851839,61.9333597791458,64.7836734697051,68.6840555725005,63.7751389727492,57.1313348996513,69.6911061868903,73.1609633362105,77.0034041768471,63.2216587605177,72.6991041387457,53.8366111109637,53.634160194417,55.4093157711081,52.4232247942412,53.9305621673298,51.3419834684188,59.3256611923088,2109596754.11733,29082.1355705293,4279230122.5653,89532496.3730526
2008-01-01,92.8997,129.9793,79.1474,97.1335,86.1475,,4.41943790301983,,4.42970110207444,96.4782153987667,62.6457092891779,88.3283128139326,57.1860889762882,85.22,85.27,89.97,79.64,75.06,,,,,,,,,1234756742.97283,3503710051.73608,3778744391.39735,4074564125.40441,439939.830399933,7.42,10.8262,10.77131,16.03902,,77.3896,123.590737402649,201.60540371333,61.7585971264429,65.0349166809417,68.9204541610941,63.9827879189132,57.3938572711551,69.8036735755301,73.468467812328,77.3088395821263,63.5420986112694,72.9618155965751,54.182405339361,54.0119370612833,56.1503159947732,52.6238566920244,54.1597100446248,51.5979617327769,59.3852761899112,2139342457.98222,28989.1640005892,4246830776.4223,141288183.18751
2008-02-01,94.8661,129.8039,82.2577,99.7824,87.0671,,4.48548787832063,,4.52780476519643,96.7808845475625,63.0258877014811,89.0347328441116,57.8403277397729,85.83,85.79,90.63,79.96,76.47,,,,,,,,,1241801978.62405,3516397675.16025,3790077291.15739,4101145650.55853,444136.056159692,7.43,10.7243,10.95659,16.27734,,76.6229,125.715760280206,202.873374663639,62.3410543866332,65.1769445747391,69.1627839587641,64.2114347465829,57.7326912666071,69.9544331766611,73.6934061787263,77.6118127463604,63.7682058780847,73.15553420072,54.1696961460327,53.5595785829521,55.3021109451342,52.6670549224359,54.5918822291595,51.9874046432981,60.1988564699729,2191635294.88222,29595.1564960557,4350577032.92362,123736518.854264
2008-03-01,92.7273,128.5687,78.7638,97.0857,85.8737,,4.37683878287705,,4.4512424506529,92.795836200891,60.9700754175689,87.7742771159027,57.2433364531052,85.52,85.38,89.81,80.11,76.25,,,,,,,,,1231463181.21546,3519644553.6852,3798194125.81128,4105657472.0407,447916.289578719,7.43,10.6482,10.35921,16.82416,,78.4865,127.91800607824,205.864448879056,62.3837017353773,65.6621427763952,69.4571998558594,64.5410606275304,58.1822366143198,70.1567403871297,73.9473128534041,77.8616899700338,64.0580916832432,73.4083453650011,55.0343004306626,54.7745415174238,57.1620337606311,53.2769016131318,55.1086797300675,52.4394269833791,61.0402229750274,2204499715.57462,30459.5338991097,4456111748.77048,120844240.51477
2008-04-01,92.759,125.5685,79.3103,97.0122,86.5404,,4.38285086121491,,4.48342311961355,97.8268398857397,64.335107263492,87.4172817854073,57.5362350585615,85.87,86.34,91.04,80.8,73.43,,,,,,,,,1247807249.93977,3575325691.06851,3865362092.31164,4183818595.9518,449519.894253394,7.44,10.5095,10.43436,16.36119,,77.3335,128.913097093272,207.391320073797,62.2217621106436,65.9511160055154,69.781461450492,64.9001630829203,58.7644206871896,70.3001103171465,74.2329859377364,78.1379396052475,64.3534487715627,73.6838571824779,55.2910460313255,55.2491971388404,57.1997255229579,53.9431835736186,55.110398177757,52.2565561852456,61.3521743005693,2190129912.51726,30234.3577820411,4366904835.11767,176520490.011333
2008-05-01,92.8725,126.746,79.6234,98.6221,86.0548,,4.61189654111548,,4.70453881565959,96.0372176733888,63.4986980532854,90.5965135408843,59.8992009309409,86.23,86.52,91.19,81.25,75.88,,,,,,,,,1255918578.55253,3658876696.01013,3928243988.57894,4246270838.75826,456643.987984595,7.44,10.3306,10.39713,16.05065,,76.5854,132.578831106185,209.753382214265,62.9963880819615,66.356576943655,70.1389935236452,65.3043212703299,59.3898461724875,70.516809791057,74.5339352467369,78.4508677264177,64.6298488231175,73.9760186732209,55.7445289774942,55.548971775577,57.2210832399924,54.4016775574124,55.8429383253704,53.2128839765117,61.5512595958737,2183157704.54036,31226.951563744,4508942014.79792,123654840.138878
2008-06-01,93.91,128.1809,78.754,100.1034,86.7616,,4.28858240902781,,4.34321424012435,96.0326758103688,64.0189821504599,87.5269219787522,58.2653690034862,86.62,86.87,91.59,81.4,74.66,,,,,,,,,1245106546.10963,3646880455.38405,3923024848.46212,4247820009.38378,456032.278548965,7.56,10.3069,10.16157,16.24574,,75.4636,136.42544775701,212.299500292512,63.7080316446433,66.7539483433135,70.5012139652963,65.7170921852056,59.9290835478436,70.7860570621189,74.8586815853546,78.7155417051073,64.9303003251891,74.3740584096391,56.2632601648798,56.3437150544241,58.6913782896666,54.8828160373083,56.2522562504487,53.7012547639795,61.6846449568225,2171750130.6917,29462.4746668865,4265883976.69911,123879996.372463
2008-07-01,92.1847,127.9838,78.13,99.2355,84.7811,,4.57737736608141,,4.4412893256719,95.1086569694715,63.9217424001291,85.9819083810939,57.5801965713826,86.74,86.59,91.54,80.88,79.18,,,,,,,,,1254274175.18261,3694295943.59488,3991702953.56606,4345334229.19847,469837.381327982,7.93,10.0353,9.78763,15.65306,,75.1218,139.870741058094,216.85817035659,63.8655097000173,67.1283338052393,70.8171151607049,66.0554658590724,60.3576336156582,71.0473352092643,75.1532125800883,78.9831707747011,65.2421360759476,74.6854270758905,56.7733586680607,56.8465542422593,58.4351806918175,55.5600931013912,56.7580641283495,54.1412465123529,62.2255664498599,2199961121.9373,27367.3526805283,3995752631.26412,125229163.658024
2008-08-01,92.1762,127.3678,79.4194,95.1108,85.202,,4.66999412872733,,4.71004198525453,94.0162317686937,62.5307088328713,87.4465164345985,58.9369962413667,85.68,85.93,90.17,81.13,74.36,,,,,,,,,1269830017.29878,3677884349.65808,3972812068.60531,4345496956.58505,480186.446247606,8.18,10.2847,9.71359,15.12468,,71.9181,136.251990713567,215.846686981678,62.4045273987408,67.5044601172202,71.1861549360292,66.5146862808135,60.8780522633798,71.4129472211181,75.4597565674188,79.2206089178325,65.6019513307805,75.0178058699436,57.2230364284866,57.0715972973182,57.7751251600384,56.2409299536489,57.357657345701,54.6391312140351,63.1290144383531,2234459622.3041,26452.8288237938,3877709904.85112,87207144.1315894
2008-09-01,91.4212,125.3649,77.764,93.667,85.3872,,4.65989835616081,,4.75191232498686,95.9796700648043,64.9857052847136,86.7107113472903,58.6810461907493,85.16,85.57,89.27,81.27,72.52,,,,,,,,,1266644863.25596,3720188324.05817,4000718765.31664,4372497608.28633,478113.231051418,8.17,10.9814,10.32965,15.42667,,73.583,128.67996909415,215.722222627197,59.3684547106318,67.8013775923555,71.5162981496733,66.8457274259157,61.251571749567,71.7425484140446,75.7789363707233,79.4012706462911,66.049352639662,75.3502483857571,57.4024797185582,56.4837502903233,55.8651998729748,56.535367586442,57.9205138085256,55.039135682448,64.0268122447182,2251728561.54883,24861.4455220755,3673871166.51579,115748173.542372
2008-10-01,91.5293,128.6885,78.0628,95.524,84.5385,,4.51791413226772,,4.70822987190857,98.2103659721804,66.6369901143143,88.1399875668159,59.9665474532753,84.07,84.95,88.58,80.78,68.65,,,,,,,,,1316070685.06837,3803411092.37806,4043035475.85107,4388669418.75818,496722.209418761,7.74,12.7125,10.44573,16.16267,,83.4572,114.175637614898,211.048829486737,54.1978471026208,68.1803098915111,71.7478459451929,67.0166702135662,61.3652543454897,72.0037070810832,76.0783469154157,79.7923575738014,66.3416012311219,75.639358262452,58.1407697723851,57.6601310342957,58.3576663372807,57.0275843445904,58.4464748204913,55.690561797523,64.3609886722458,2259226004.00842,20656.1223518859,3031735773.91259,138138128.675962
2008-11-01,89.9939,128.6862,78.2046,93.0875,82.5324,,4.65623164037266,,4.73801329609573,95.101858157543,65.2045549394482,86.3824838695209,59.164365893247,83.33,84.66,87.89,81.1,62.95,,,,,,,,,1341020457.49335,3828624615.77387,4110938972.9027,4433339145.06268,511116.573127128,7.43,13.3225,10.72754,16.8956,,84.0919,103.439664359977,207.114747634886,50.1459739808728,68.6527874534094,72.1521260850741,67.4837014238912,62.005053249166,72.3566143442868,76.3976757390866,80.0886827934317,66.622901915905,75.9264617462566,58.863415879802,59.0972060200221,60.9522385482498,58.112140134384,58.6537646192993,55.5441217839721,64.8636831081231,2304381077.64062,20690.9984146192,2987841166.11783,80546123.7165697
2008-12-01,88.9852,127.3156,76.8228,92.6086,81.337,,4.56793830866734,,4.4825437640385,95.1593292275707,65.6025664680879,85.5537318065502,58.868069571329,80.65,81.89,82.31,81.39,61.52,,,,,,,,,1360427962.63642,3863242131.52738,4232513433.40387,4552335870.94901,513956.915596646,8.02,13.8325,11.28635,19.55916,,87.3242,100.28327106286,203.757754336698,49.3723882836973,69.0265307118367,72.4865551675173,67.9491104150683,62.5698420441663,72.622682721457,76.5971363676423,80.2321350454941,66.9027292967574,76.1712558336756,59.1073452137647,59.8589102330549,61.3660573995275,58.8785172323973,58.614600170635,55.4569926032863,65.1012820895289,2404509765.39652,22072.1816244596,3174065425.40289,87186192.8856211
2009-01-01,84.3249,125.1152,76.6646,92.6031,74.9272,,4.62653006389631,,4.65302769473224,94.5076795852541,65.1804930007474,88.1696674136361,60.6624539484231,78.42,80.51,79.06,81.86,55.78,,,,,,,,,1378944503.83515,3919604574.15289,4319657949.99401,4638302925.52441,529041.871405234,7.59,14.3097,11.53634,18.33788,,89.2199,100.001848925856,203.495423909661,49.317789438905,69.1286408309947,72.7314997097947,68.353837416985,62.9369691393263,72.987345691055,76.7074953934379,80.335068743538,67.134548912252,76.1780413551152,58.847427667554,59.782693533098,60.1737761778884,59.5377353373257,58.2265969233284,54.5471118564703,65.7078887619728,2481015053.5433,19930.1190172663,2926754042.62329,85249313.1421403
2009-02-01,83.9624,124.4697,76.9966,89.4945,74.8703,,4.18447072796633,,4.19878240446398,94.7040218833036,65.4529172712406,86.1965520319835,59.4459284719025,78.52,80.69,78.91,82.47,55.76,,,,,,,,,1407561866.25925,3942296897.34294,4403615727.9328,4698664868.83886,533769.526897472,7.12,15.0698,11.89505,19.14467,,91.9823,98.7090434213753,202.547419423556,48.8037748826697,69.197077410234,73.0044603589779,68.7055125820689,63.2176065896755,73.457634551725,76.8774371099668,80.6378049134995,67.5064562072289,76.2430028187242,58.5547534254219,59.3951476654893,58.0142615423276,60.2319004236697,58.1186194149766,54.4783500222157,65.9178150368671,2459362963.16745,18156.2469913761,2707067661.41948,75700083.885807
2009-03-01,83.2384,123.8338,77.5827,89.8546,73.9744,,4.49607437046586,,4.3686074060426,93.8352360382784,65.3949794973038,85.1309333059958,58.8946167681306,78.64,80.88,79.66,82.27,55.17,,,,,,,,,1402599987.65285,3960917544.33414,4398888487.44514,4689284891.61361,533533.241325523,7.03,14.1517,11.22881,18.76657,,92.2631,96.7958701816571,201.116587136573,48.2993622576444,69.6114584916017,73.32521134671,69.1273484726963,63.6267553355953,73.885383827211,77.0963175095162,80.9330622543098,67.7795341049346,76.3696485315468,59.0628199156141,60.5579079879877,59.5439203794823,61.1322272368636,58.0933579336142,54.4923867942284,66.0172217081788,2573782905.69481,19271.4891630252,2801220141.76362,96696377.6948288
2009-04-01,83.2667,124.4313,77.9861,89.0701,74.367,,4.27659560577903,,4.31510711127655,95.6224367335459,66.7059091392143,87.0097958227735,60.8194204256324,78.22,79.99,78.75,80.93,57.1,,,,,,,,,1413247520.18802,3984180595.17858,4418442920.13137,4710662275.52311,541653.752134894,6.05,13.8443,11.6407,18.35754,,85.1528,99.702659684014,199.428458270314,50.3268524984777,69.9872010514034,73.7136621346821,69.5456711541298,64.0249166790213,74.314357229199,77.4374219104829,81.012121003088,68.0380850632535,76.9410087498487,59.6926134220608,61.8332971234922,61.7194545810699,61.6722934514167,58.1772220125807,54.4588237280048,66.1805541894915,2639262305.25652,21796.0021254877,3134837328.63621,130760854.231957
2009-05-01,83.0481,123.6472,77.6081,91.5649,73.1405,,4.52657783815292,,4.4130816634808,93.7396745338794,65.6923633695633,86.1933022664191,60.3877106503427,75.48,77.09,76.21,78.48,54.15,,,,,,,,,1427953055.38918,3947657059.22313,4352415367.70151,4654489493.9908,542049.892897559,5.29,13.1667,12.0079,18.60586,,85.735,104.028434276588,199.059644015611,52.2449298343037,70.3144984298463,73.8783324511092,69.9062055921855,64.3366364154113,74.7208020024132,77.4205043230085,81.1208305417417,68.3198453948988,76.7095296821219,60.3433204956533,63.0637756680505,64.8238942103281,61.802586383369,58.5658619428747,54.8566108396262,66.3400066918944,2680430082.83063,23776.8886206009,3404121736.04983,110899048.037544
2009-06-01,82.8566,121.4831,77.7978,90.6559,73.4492,,4.06610943564789,,4.06139742472531,93.4704115227984,65.8676959738086,85.3256188787088,60.0849906390549,77.97,79.78,78.14,81.66,56.64,,,,,,,,,1418855625.77173,3974094094.24434,4426417078.9331,4729504758.93861,542747.37661531,4.98,13.1722,11.34456,18.47796,,87.8258,106.790706967703,200.056158584411,53.0991928224971,70.579853904641,74.1110457504519,70.2423448081648,64.6506883747332,75.0906518905215,77.5547186349974,81.2662766474281,68.5691248145178,76.8051883842941,60.6785861705035,63.8684313575373,66.8102358438468,62.1013358924391,58.7139885182646,54.964152683067,66.4354123369889,2702234300.68015,24397.9764636726,3495573167.39613,105845629.858858
2009-07-01,84.726,123.4804,78.9023,90.6503,76.1858,,4.77706593184755,,4.96165183577099,96.0987796998136,68.0546085908193,86.4381077060278,61.0400897081661,78.92,80.77,79.19,82.58,57.21,,,,,,,,,1442005372.52293,4018407615.39723,4458640524.13403,4758930811.24673,548316.188677126,4.59,13.2125,12.22817,18.72872,,88.0485,105.745503731276,199.219654848067,52.8236259631298,70.7702417918669,74.3662921530486,70.5691031176156,64.929345909905,75.4717714176819,77.7451227130434,81.4380998809452,68.8378735894269,76.9916848195873,60.6594380317227,63.6184654148744,66.2006377033333,61.6906737041825,58.8352565482401,54.9869787524245,66.5503056335421,2732775308.23728,26903.5689324979,3817871334.6877,120112975.321954
2009-08-01,84.6882,121.5041,79.0984,89.6902,76.3246,,4.1908367606289,,4.28959834709442,92.6215582290592,64.8791183592205,85.5255246774207,60.5735503679832,79.72,81.32,80.12,82.76,59.14,,,,,,,,,1442544651.52099,3940911815.25947,4433251590.28045,4741296264.34245,548599.190292723,4.49,13.314,12.10256,19.10426,,86.3059,110.275380905345,199.95688735442,54.6918335464435,70.9578865713062,74.5777096084114,70.8633298827313,65.2245806432383,75.7487056200326,77.8950098202318,81.5966067882041,68.8768815286392,77.1641659519411,60.8152985274684,63.6125877164968,66.9048360006601,61.291651090429,59.10699408935,55.1068050649699,67.1670966139908,2772311404.95159,28365.802291849,4015964174.11036,144381089.174164
2009-09-01,85.9215,123.3027,79.3993,90.7043,77.8269,,4.44070261786294,,4.52398086893786,94.9495237407202,67.4649169768664,86.0323642674288,61.0599160379598,79.47,81.08,80.39,82.08,58.7,,,,,,,,,1437477972.23971,3983308022.42183,4450253440.00807,4770033923.9405,546995.215480409,4.48,13.4928,12.58069,19.72512,,89.6782,111.646653340346,200.563980458911,55.3509511171344,71.1630786938223,74.8002783554147,71.1483724926783,65.5954683804446,75.9790890495533,78.0703313090948,81.7650829922353,68.8548861168464,77.3386582738777,60.9694665467673,63.8591896927366,67.8937365170204,61.1162948245325,59.1305798332586,54.9951377956128,67.4193196426521,2807350561.41474,29289.0544238424,4194853989.42119,158787510.823521
2009-10-01,86.3606,123.4947,80.0651,87.7693,79.3169,,4.4972372657123,,4.49680663819169,94.7777702984059,67.2480029833171,87.1415260767094,61.9555791189106,80.32,81.81,82.16,81.55,60.1,,,,,,,,,1494484998.6322,3989574400.40118,4505600343.65442,4870400152.98571,555389.613031385,4.51,13.1479,12.20112,19.39447,,89.4284,113.238887223993,201.620421993402,56.2509054955776,71.2798427949084,75.0608566008729,71.396556842406,65.9276266813326,76.1878487644807,78.3534881307573,81.938724159439,69.1371140545373,77.7741118927658,60.6013683583418,62.7513009539369,65.4997663920755,60.8846229408657,59.2790223569581,55.1970829115469,67.5844957521279,2829630040.71847,28916.1480201199,4167494273.81221,148602729.862304
2009-11-01,87.6744,122.7498,79.0069,87.4311,81.5715,,4.28069401621103,,4.34849033558759,93.9256619747792,66.8845757983502,87.2129285538718,62.0250902489215,81.18,82.45,83.94,80.78,61.51,,,,,,,,,1485521647.96269,4001538443.98951,4536483382.04281,4909122964.12049,554535.800485865,4.51,12.9157,12.21916,19.36451,,88.6404,116.084847052944,203.147258107297,57.3643494794601,71.3249665190134,75.2566972850607,71.5929518221687,66.1457145611642,76.4237798999941,78.4942915091247,82.0568153467858,69.4150855723335,77.811718661343,60.3288807179878,61.7814455673622,63.2111955695399,60.9063254011188,59.4071845150409,55.3115820459711,67.7554268170062,2874516428.17468,31148.8266899751,4439753208.59731,144923688.865075
2009-12-01,88.0643,123.208,78.6038,88.3921,82.0138,,5.08661627199875,,5.10502127821051,95.860754526568,68.4383660549357,87.6367524757624,62.4359191652797,81.7,82.9,85.42,79.97,62.6,,,,,,,,,1483981991.47192,4024919018.25111,4508412423.1339,4880379052.20934,565089.701556174,4.5,13.0659,12.47336,18.74565,,85.7394,117.35745005267,204.809676639319,57.5755119150447,71.4844661151059,75.5022645171114,71.7491647480874,66.1963363698382,76.5635283212256,78.8383438258112,82.3242144533092,69.6954589022221,78.276531960112,60.0934919142493,60.8840620105022,60.7445861720127,60.9063031194488,59.5339497658038,55.5826576741802,67.8965231539239,2827022784.40968,31561.8029319281,4507053214.75666,183435659.711925
2010-01-01,87.8846,125.1312,78.5222,96.7707,78.8401,,4.52328823508163,,4.64546330859995,94.3192367943854,67.9019939585787,87.3532297653743,62.7426829648732,80.7,81.83,83.47,79.8,65.12,,,,,,,,,1508774961.08597,4018200513.3065,4474552439.12463,4857302601.15236,575507.621818033,4.49,13.0098,12.22154,18.08362,,83.888,117.603513712722,205.314537970419,57.6245857870059,72.1895387322821,75.9776622746151,72.2376244273522,66.6304777100214,77.0100695613374,79.3001363396669,82.6459300575686,69.9737216055273,78.8793156827926,61.4035217445361,62.8179006945285,65.4168005637533,61.1721475336437,60.4581529963188,56.0965865491608,69.5550570659929,2828466242.92082,31018.8214645423,4438386910.3898,167935639.579522
2010-02-01,87.4911,126.141,77.9932,89.4014,80.5286,,4.55081310865745,,4.65191108254861,93.5343498474555,67.7184263435858,87.3743735845332,63.1721077074507,81.01,82.11,84.63,79.08,65.25,,,,,,,,,1504131850.54061,4050708559.09238,4485848772.31313,4890964842.81785,577279.469396156,4.49,12.7769,12.08669,17.43536,,83.3782,117.538386041355,205.661645075633,57.4195611530143,72.4973834063202,76.2064985821375,72.4826087614013,66.9964397392568,77.1924116262412,79.5094466557321,82.9116643257328,70.2634861476706,79.1344740695033,62.0816701704274,63.6572984420067,67.4444719159573,61.2603561550983,61.1092293776378,56.5887756504293,70.825234242509,2901945794.36142,32150.752598167,4624580515.50537,175250351.574362
2010-03-01,88.5241,126.04,78.7615,91.5893,81.6701,,4.63996068236455,,4.73628333666549,95.1884546762882,69.6174145293572,88.2611339575441,64.0976867390523,81.62,82.81,86.02,79.03,66.02,,,,,,,,,1522783665.81163,4026396271.33604,4515914543.54084,4945088770.17847,596471.521561336,4.45,12.3306,12.1412,16.6759,,80.732,118.244026920444,206.37835737131,57.4290015003897,73.0316723466018,76.4251766989659,72.6161554402919,67.0891380909822,77.3788294018416,79.8004980016494,83.0703598057406,70.5499647456853,79.503564203411,63.2909138092902,66.0612189322176,73.6931208638914,61.3957326303927,61.5389797574287,56.9461176059376,71.5124390900274,2975940133.11986,32619.9198701658,4709694654.63244,194937460.202506
2010-04-01,89.488,127.0653,78.5245,92.6294,82.12,,4.8170607788444,,4.80592092009035,94.2531360837477,68.4895622213537,87.8104453457037,64.0524919544357,82.25,83.51,87.66,78.42,62.22,,,,,,,,,1524026660.18168,4038429192.65286,4532229758.28778,5004961726.13646,578340.710510517,4.44,12.2626,12.11116,16.30313,,78.3195,118.191552199145,207.501828645003,57.1128360329713,72.9516347298695,76.6052547307725,72.7713061101062,67.1508078295334,77.6059595313682,79.9894002153868,83.1735940265556,70.8171137352908,79.7225216992219,62.9241785741417,64.1398548330301,67.9071968730232,61.4210677618351,61.983324482342,57.2501801313832,72.0642905411909,3012953349.0411,32500.8379221219,4692279390.47333,191071551.099631
2010-05-01,88.9574,127.3327,79.2145,87.7121,82.8559,,4.71309515912781,,4.80351822227705,90.6874790156394,66.0216441525319,87.6083731172205,63.7836954742684,82.62,83.68,88.57,78.25,66.33,,,,,,,,,1551015750.04711,4119511366.00132,4592577410.4834,5076387347.69099,587514.602956062,4.52,12.9146,12.31485,15.83976,,79.7502,115.529661543497,207.982478080661,55.4717820959915,73.0923233986196,76.8030731535862,72.9570634640197,67.3068663473763,77.8122434811021,80.2162448634313,83.3773390839751,71.095077701553,79.977551788457,62.6419405276289,63.1198908928447,65.5400802799772,61.4631685342372,62.2808319421328,57.391115261333,72.2647755736973,3027348709.09506,31540.1295386278,4559264804.24074,183291130.242095
2010-06-01,88.978,126.4348,80.1568,87.5893,82.846,,4.60549678845915,,4.60507538122696,94.7106968121011,69.1914506005925,87.5876944597803,63.9849399043335,82.76,84.07,89.25,78.09,63.6,,,,,,,,,1566028571.52148,4140249493.52652,4614533706.99123,5121941719.28068,589575.856830657,4.59,12.8441,12.09079,15.7276,,79.3288,115.417162374556,208.266757420717,55.1069251354355,73.204154985447,76.9675001810047,73.0455901919643,67.3411841406044,77.9824538236917,80.4500334272438,83.5735119462731,71.3629546712962,80.2503199468312,62.5941611907168,62.6361031898168,64.994309452229,61.3979045457169,62.5895104177056,57.6686299793034,72.6503723894002,3095607591.70626,31276.6165359376,4543658001.07166,325523247.230614
2010-07-01,88.7355,125.0916,83.5435,88.6653,82.3364,,4.7081393570178,,4.55474767777008,93.5772814993172,68.6415913897725,88.3779242025867,64.6885709411243,82.7,83.95,89.49,77.5,63.83,,,,,,,,,1591066268.7547,4172676188.29088,4663663382.6366,5198032967.23409,600834.60862725,4.6,12.6455,12.27246,16.48088,,81.7357,115.640741188053,208.922713929989,55.1628154692322,73.3431517973331,77.1505642855186,73.1872968882071,67.4916842452598,78.1212929748469,80.6819786333555,83.7381315748279,71.6350242611691,80.542035939395,62.649638951215,62.3136383398058,63.6685931195719,61.0066333951423,62.8646059185868,57.9477477224789,72.7452347956322,3130134237.08913,32163.4139297819,4640616403.41735,163385436.448776
2010-08-01,89.464,126.0954,79.9206,87.3342,83.6383,,4.68061978865496,,4.84843275936583,93.5548356474803,68.1391002598016,88.9598775815235,65.3225902460835,82.7,83.96,90.02,77.02,64.21,,,,,,,,,1597014084.20996,4269545807.0634,4750224151.48612,5316143009.70261,604717.51470177,4.52,13.1676,12.35239,16.73865,,81.8421,117.738014505795,210.247103484569,55.6534115081494,73.5885137728485,77.3283299129235,73.4086385930784,67.7377186534077,78.3211703268142,80.825708973414,83.9153848685533,71.8807162635838,80.6264424438423,63.0706743249896,62.981368283393,64.5950495548303,61.7836466575745,63.1550116066073,58.3240484449664,72.8447627800756,3126039129.71654,32137.4162063985,4662115852.49246,174708669.045483
2010-09-01,88.9668,127.1613,81.7004,87.7482,82.6686,,4.62083731993767,,4.68111773079571,94.238332642691,69.4607664142521,88.5891838232049,65.1893891849806,83.78,85.01,91.89,77.04,65.75,,,,,,,,,1606160542.25597,4263570143.06091,4763441027.20442,5351021802.95879,614159.978900398,4.43,12.5998,12.26376,17.19369,,83.018,119.910182290457,211.607345760434,56.4073495973007,73.8418872073389,77.544706157917,73.6303479337342,67.9258057340547,78.5924644704917,81.0771896756951,84.0444619412185,72.1351936172449,80.8594692520541,63.4194495800482,63.3617215541953,65.3154753325566,62.0942161866261,63.512269019579,58.7869217439332,72.9730482723126,3180476954.4376,33466.0486812572,4904274978.80714,167077717.784768
2010-10-01,89.0249,124.3481,81.5321,89.2589,82.5511,,3.82830539677198,,4.71226692693991,92.8261262525623,68.6015480581656,88.4225883498907,65.3996459311337,83.69,84.51,90.65,77.41,66.9,,,,,,,,,1619731656.49799,4310534425.95207,4805809783.17628,5494676584.47021,612198.7658515,4.03,12.3387,12.12524,17.15079,,82.3824,123.994727244325,213.952991296595,58.034054372246,74.1682322195561,77.714692417865,73.9333262670592,68.1979727781097,78.9636667640309,81.1276365513327,84.1828811226884,72.4188531805052,80.768323199063,64.1233727019101,64.788030540129,68.5313239168593,62.3307597082933,63.6919979296708,59.0252635663491,73.1077839633446,3190009555.97189,35874.7383274951,5199097799.19405,171775591.051824
2010-11-01,88.8501,123.6687,82.4533,88.0574,82.786,,5.00910535282319,,5.12714909748044,92.9241179596262,69.0180311725968,87.9147140675619,65.2032861909141,84.48,85.42,91.85,77.59,65.5,,,,,53.2731530188966,50.515158062602,52.1340001962304,46.6512658790595,1631122222.38344,4312612826.3963,4751527046.67821,5450256060.26128,613489.112559901,3.97,12.4664,12.14103,16.22751,,80.441,126.957143538677,215.905719278069,58.9701969014011,74.4007258808951,77.986590176994,74.2269643102355,68.6424916882715,79.1558241652021,81.2838899539426,84.2961693524469,72.6926558020059,80.8373314103041,64.2966982001413,65.3383907667233,69.7308170741589,62.4848434379423,63.647400251712,58.9251133036625,73.2964160391646,3162196084.27151,36828.4770247063,5350050554.33006,207954263.751581
2010-12-01,89.671,124.4921,83.4779,89.2806,83.6544,,4.21274577512713,,4.2230486966147,94.3961545583872,70.3405109060119,89.3053124133267,66.4040114607464,84.74,85.88,92.81,77.81,64.29,,,,,53.1015237362134,49.7753999242557,52.9149315791074,50.1401788371084,1692070107.45582,4336935972.5096,4781744625.64744,5508110855.59747,623083.155444706,4.3,12.3496,12.4279,16.56328,,79.7396,129.865841241769,216.987437386069,60.1173993016848,74.6152127711021,78.2079873760202,74.4845942885291,69.0902896454582,79.1318229970707,81.4839373557577,84.4563147713615,72.9643364738923,81.0516753529858,64.3162043547293,65.160685584248,69.2331458454919,62.3713853674621,63.7396001762821,59.0791377160664,73.5365718394451,3228205195.797,37780.9636954422,5470732779.46643,254291110.533122
2011-01-01,89.8148,124.9382,83.3628,91.3616,83.1176,,4.52617447900249,,4.5976871615284,93.6861041613391,69.9349002090303,88.5629930000924,65.9663919388661,86.14,87.06,94.86,78.02,67.27,,,,,60.1446419955004,52.8718932116628,59.0492277304434,58.5909643356387,1687984618.50038,4368254728.75503,4833069575.90121,5556637763.44803,622882.863182544,4.14,12.1519,12.16284,16.66876,,78.1736,132.050824776602,219.118420621498,60.5896408302619,74.8953861081956,78.462616765035,74.8008310696288,69.6355504909158,79.1913906413181,81.6710832200011,84.5671121614409,73.193247450911,81.2970070463469,64.6693105052866,65.3912289603556,70.4303312810628,62.2029408750487,64.086304001402,59.446477155165,73.8531638176107,3195004509.00132,37563.6799853777,5518717708.67298,161222600.666288
2011-02-01,89.6139,124.4519,84.1113,88.9577,83.8002,,4.69588949138918,,4.80189269117932,93.4152040769473,69.9879030457978,88.0216845103654,65.9133241792757,86.02,86.9,94.34,78.36,66.7,,,,,49.1876395852367,51.9595721905271,51.4603720366448,48.4563794348196,1710782342.66016,4401485592.59798,4873207548.77638,5639798406.2157,630438.813030816,4.04,12.1062,12.43573,16.72229,,78.431,134.99538430922,221.87882253177,61.1625244244283,75.0697093409782,78.668641397002,75.1490462061805,70.1751829001695,79.3624063607028,81.8085234195678,84.6885367585627,73.3993161018199,81.550121090108,64.8241174812092,65.4848009960307,70.3126670445271,62.4808243868154,64.2735596428697,59.7715804028124,73.9346517061443,3222769780.63366,37300.9456608222,5506737240.27919,177013635.22134
2011-03-01,90.2926,125.6094,85.2894,88.1295,84.7052,,4.44964991125615,,4.57130206813465,95.8809090905208,72.1920053558312,89.2749712280531,66.8240958051728,85.72,86.53,93.17,78.74,67.1,,,,,50.7359529357825,50.697052989714,51.4077256810539,47.9556572394998,1731446714.4243,4443929152.96135,4898877965.01906,5689238134.9964,633131.568335472,4.27,11.9084,12.2678,16.88849,,79.3093,137.98122002405,222.459188928105,62.0473555198596,75.2121725792617,78.8644090955866,75.482519442558,70.7994422004097,79.4910330680598,81.8572431209005,84.8369393792319,73.6808870941879,81.343962983188,64.7742283309162,64.8575751909437,68.586174428415,62.6535535083551,64.5336766409103,60.1957207080236,73.9015000974532,3257419384.18104,36687.8758417411,5434257855.03682,158907996.07215
2011-04-01,90.209,126.1741,85.7897,90.5372,83.6006,,4.52406510446372,,4.56669316738749,92.6839475080849,69.5758437769979,89.0901003564973,67.2119063210341,85.7,86.55,92.41,79.69,67.9,,,,,55.2132404319867,52.7325081674685,53.6957800774136,51.6934706167178,1765221782.35038,4501149450.77834,4960896154.55817,5809393814.64958,649371.784242178,4.28,11.5278,12.0786,17.10495,,78.7315,140.701301656303,224.534979778236,62.5668468033599,75.4026006099797,79.0368751276421,75.7460349909858,71.1787306672602,79.6255842783674,81.9368274799528,85.0159628512362,73.9665397608991,81.2512700029429,65.4289623186344,66.5937292114703,71.8490266270292,62.9464590339881,64.5176898478444,60.1680549233188,74.0502111241941,3342827352.08943,36760.8855894689,5426053129.34703,158612185.777795
2011-05-01,91.002,126.1261,85.2686,91.0715,84.604,,4.48008459341818,,4.54613436962316,93.2663999465828,70.1017274665326,90.585723148605,68.0944487814036,86.12,87.01,93.29,79.88,69.75,,,,,52.3170375883174,52.1353082047017,53.0107881747397,50.1173270248955,1750842471.46413,4500289773.26039,4971808634.33209,5898601859.80977,641958.92631367,4.31,11.578,11.97802,16.68158,,78.8634,140.214882570796,225.436968643047,62.0205947007446,75.4911358847901,79.2032610432845,75.9993688738165,71.5668310237114,79.7635722928168,82.0351611197227,85.1810963453101,74.2158113797043,81.2599721204875,64.8277907471941,65.119026150514,68.1657323873354,63.2401349148393,64.6204526066147,59.964040735934,74.3014104622239,3443201545.67876,35698.7304306424,5310862073.27034,168915987.683709
2011-06-01,91.8412,126.9644,86.1514,96.1393,84.4513,,4.65486584443978,,4.74231758899589,95.7830871178136,72.2712145399235,91.0395932181345,68.7092482427345,86.26,87.11,92.97,80.28,69.3,,,,,53.2980723040985,52.9076212707196,55.142811199262,48.1277112895792,1796085499.1524,4534003493.64929,5035685633.09493,5988928428.85307,646709.610861989,4.37,11.723,12.14069,16.96084,,79.9494,139.816971028103,226.444999171261,61.4407951539848,75.6158491961066,79.4160319199587,76.263521598245,71.9906676808873,79.9110999850389,82.2029480228541,85.3431920316881,74.4614999361685,81.4235159430179,64.6761934571236,64.2697604089809,66.1111476970105,63.6384761808185,64.9040156641729,60.4137398905925,74.4395615727637,3527434324.34619,36827.0391606676,5460584663.16992,190363883.283627
2011-07-01,91.6411,126.52,85.575,93.0422,84.9637,,4.65131193099152,,4.53049160048273,92.8418838703397,70.4606756655407,90.4102006890736,68.5406873917106,86.8,87.61,93.57,80.82,69.5,,,,,54.1811568914671,52.6341815728898,55.1223837144784,52.6067821318731,1803396053.84604,4581612839.15617,5069275538.67707,6053735336.46773,653932.844317293,4.14,11.7425,12.27784,16.89394,,78.9464,141.418952928884,226.959553627981,62.2030504826296,75.9448828260152,79.6198205474705,76.4938916875275,72.3453860568845,80.0407723301336,82.3697311991306,85.4737208346369,74.7170308230394,81.6007986419251,65.491057895958,65.8345092967577,67.3493201196873,64.426746133486,65.2716672487957,60.7715803046836,74.6569390762856,3592063007.50216,35908.4194720072,5389103216.96913,194662434.575478
2011-08-01,92.0737,126.7597,85.7876,95.267,84.9296,,4.7735032232531,,4.95574307999579,96.181697855399,72.6943259987873,89.0957077519307,67.6653555422672,87.2,88.11,94.18,81.09,69.17,,,,,52.8230391355161,52.9717125461781,52.8419097772083,49.100377486671,1805276442.29906,4636702427.33189,5164619837.98935,6249054170.05097,656940.779362813,4.05,12.348,12.68411,17.83175,,82.8404,138.337838420191,227.140283875845,60.6145516387331,76.1169275648307,79.809826504933,76.6278383603811,72.5715125168591,80.107788939621,82.604789743246,85.601669788792,75.3226549851126,81.8924616848982,65.5627810034588,65.7197514993507,66.7409445702577,65.0605976380962,65.5199804737053,61.0170891740281,74.7833376430356,3761697311.36542,36405.3230060145,5469321612.73679,229900279.61322
2011-09-01,91.9283,125.5095,86.1612,93.1092,85.4653,,4.44258603489577,,4.51372122602032,96.4911606945773,73.3561309471588,91.7028927545135,69.6017514515513,87.45,88.56,94.37,81.73,69.26,,,,,53.1252156596785,53.6717267654124,54.3880551003984,49.2230821515851,1913472150.32982,4701026945.75022,5302838390.67143,6300611863.04684,670488.552847022,4.23,13.7994,13.21914,18.53535,,86.3457,136.328593673657,227.456198041696,59.7786073058761,76.1800325873784,79.9612072349718,76.8699844306228,72.8541386690806,80.3020125545823,82.7510804298011,85.7390811173242,75.1762494332159,82.1112276987191,65.3932120914389,64.7880284443408,64.4000205068443,65.188710241442,65.8839475391318,61.4604855586035,74.8811377693088,3755395491.75433,33706.8879620365,5172500023.71307,176507897.237125
2011-10-01,93.1388,128.3507,85.6799,94.7313,86.3651,,3.86557567639573,,4.49298142219073,94.4675090386416,72.096878564666,89.362326513423,68.2387153006462,87.67,88.89,94.74,82.12,68.76,,,,,53.063216858165,52.3059113348241,55.0284293319348,50.7458175598938,1903401510.81999,4738019499.141,5299446308.63248,6378438198.87524,675396.715053064,4.36,13.1802,13.20261,18.44042,,89.2605,132.930459877198,226.731224054264,58.6777957025082,76.553927279652,80.1897269747476,77.1160119940564,73.2494394866102,80.4782387046476,82.9549591135408,85.8878521255225,75.5065418526011,82.321454633346,66.1219456879804,65.3186153493856,63.9856579609521,66.1992974116703,66.5172361548518,62.3265172615051,74.9989420706738,3901906703.21953,36316.1898789553,5515078765.52517,164887466.444082
2011-11-01,93.9665,127.8225,85.411,98.0128,86.8838,,4.5801025538405,,4.64012589973545,96.0150956924952,73.764727223987,90.0186826356707,69.0434820898206,86.91,88.12,93.92,81.08,67.88,,,,,53.3162127425706,52.3722333956994,54.2982617006172,49.3984322514146,1898903512.53848,4802760813.69108,5343012348.11748,6417873385.21882,683943.672901207,4.35,13.61,13.41674,18.34628,,88.8015,135.805394101822,226.934096247518,59.9438254224078,76.9752760938469,80.5394014837604,77.4044314944945,73.6399112473952,80.6889043615625,83.2502209067656,86.0203922630629,75.7799473914956,82.651157495119,66.9170031713446,65.9225589950512,64.0014994854635,67.1289063163373,67.2792116123431,63.4037445104192,75.1231257331532,3940881133.84683,36647.4231543155,5580635972.04815,269947025.712794
2011-12-01,94.468,128.2975,87.8434,97.3843,87.5768,,4.54439728317032,,4.66532936440296,95.7151808944756,74.014109657888,90.4793624063148,69.7987094440606,88.05,89.1,94.61,82.68,71.0,,,,,54.0225254554344,53.553088860746,53.8971167703553,49.8535271836161,1933548790.59581,4852478000.57111,5444712116.64631,6582589420.14628,689198.163738882,4.34,13.9476,13.68078,18.10399,,87.8387,134.728506257175,226.426563626817,59.6677857561273,77.4385955091091,80.833189225462,77.8139327839459,74.1286134273677,81.0041580047641,83.4467198923202,86.1466476412941,76.0527215573877,82.876541034063,67.7127770005503,67.5962938299929,66.0876061849941,68.4628289229265,67.6273841036673,63.9087667761099,75.2765983177502,3968969264.99676,36344.361022961,5558425343.20684,169543503.204172
2012-01-01,94.5747,126.6336,85.7423,94.7009,89.0271,,4.54567659214137,,4.66600640320711,96.0283074958774,74.5604826793464,89.6465376140121,69.4257979466923,86.69,87.5,91.75,82.57,70.73,,,,,51.342606304158,52.1411494290032,52.3577232744254,49.6772566710715,1933630718.60149,4898698042.01623,5470720156.70488,6677351975.48933,699350.756948706,4.27,13.0077,13.02201,17.09342,,85.4912,135.940355674663,226.879232846515,60.1578595325561,77.9170560245946,81.0959185376824,78.2448666774143,74.6769094307168,81.3105623784041,83.538163657932,86.2508602470336,76.3457599336756,82.9778480792414,68.7532560907192,70.2593335607093,70.5104423559532,70.0963330312348,67.762632911275,64.1289533990018,75.2823019573353,4077062746.48138,37706.1331923259,5766086406.18688,156339297.03129
2012-02-01,94.5612,127.4715,86.7109,94.709,88.9221,,4.47547068603828,,4.59388677974011,96.7137764709094,75.2261164830781,91.3367672491662,71.0537432212644,86.85,87.79,92.25,82.51,69.38,,,,,54.1065432918084,52.6077279494167,53.4237267252522,50.454942604131,1926840070.10226,4932373627.50257,5520734336.93663,6760779029.38016,702653.564864796,4.32,12.7891,12.94449,17.20773,,81.7803,139.477901370189,226.523634077057,61.8243662109031,77.9872365067408,81.3197566695819,78.7332485879422,75.3252349341487,81.5720065771816,83.6473341583135,86.3765248576358,76.6231078723877,83.0790944583157,68.4005817668928,69.0144561890397,67.1329249834455,70.3469146692212,67.813434191546,64.4688147065152,74.8273271224824,4110677118.42508,37854.8080172669,5809015452.16748,263492808.370306
2012-03-01,94.6575,128.1681,86.1583,94.3469,89.1066,,4.49641874073616,,4.62000694368512,96.1644150258259,75.0511611905676,92.213844383045,71.6166514668089,87.77,88.64,94.04,82.27,70.88,,,,,54.6904836667628,53.6454649559308,55.0633110186503,53.2299199558024,2021302379.36982,5067442163.9009,5668677055.17304,6900612340.43645,720709.468426155,4.24,12.8093,12.84273,17.09273,,81.2651,137.944486875787,228.285250750882,60.4124850023095,77.9951027145626,81.4827031542136,78.9051426285965,75.5301697450335,81.7719013837413,83.7770699056758,86.5044096648426,76.8903382295871,83.1137374420054,68.0334915111559,68.0576240579912,64.6472901849508,70.388491419808,67.8636127018263,64.7347573507898,74.3624262657608,4104900835.33143,38881.9766851711,5938180368.84718,226002108.526477
2012-04-01,95.1543,128.0327,86.6778,95.6261,89.4402,,4.60177976704307,,4.62925608781554,94.5435922657488,73.3880278126452,90.9221550946131,70.9508270137536,88.1,88.91,94.25,82.71,72.99,,,,,53.1001787800643,52.9579102721061,53.0960693770708,50.4985089759666,2017050819.10993,5055670936.95828,5643633775.96627,6965979012.09133,735997.373909196,4.29,12.9942,13.15598,17.19003,,83.7768,133.743038086853,228.251572386835,58.5577037752243,78.0157685995829,81.714147035471,79.1847845403084,75.815416633486,82.0216767690392,83.9618172703424,86.6464058808119,77.1528995751689,83.3252633112051,67.7809140069015,67.2623828229737,62.388175531582,70.3259336160471,67.8074654743573,64.7999599800865,74.5197214897675,4191994702.27978,39362.7605024554,6015611832.84834,177468480.38597
2012-05-01,94.7537,128.684,86.7642,95.799,88.7271,,4.30067309163905,,4.52379435590666,97.533212028729,76.102616718123,92.8500569072848,72.5181559556382,87.11,88.48,93.44,82.73,69.0,,,,,55.7388889957144,53.5853367353297,54.0250637509831,49.1140430513313,2052489059.18129,5088584968.43781,5716659923.34463,7056541812.04863,746861.678497404,4.39,14.3047,13.87599,17.71494,,86.5311,130.535755410787,226.678136903944,57.528238547436,78.4088443190469,81.9663796726939,79.469628780282,76.1733784448471,82.2639743808787,84.1622034785089,86.7836563271575,77.5602893538113,83.5416134039193,68.1667873478292,68.6837863350417,66.6293272826562,70.0406733637991,67.83500301641,64.5959512462958,74.5313113187609,4259661110.94599,38077.7821399264,5834513367.28306,219851387.772289
2012-06-01,95.2353,128.9595,87.1173,94.1571,89.7242,,4.46057477623962,,4.55663180120375,95.5114523256839,75.1631948503192,91.2427897456581,71.8652923236992,88.5,89.55,94.99,83.23,70.88,,,,,54.750035811328,52.8658510800834,53.2090464895515,51.7882675843201,2113720308.72304,5103330190.07696,5791359604.08606,7241297252.28944,760182.434974092,4.34,13.4084,13.15713,16.98844,,87.9361,125.612584034362,225.798745098999,55.4819290970887,78.8814193077745,82.1985550840228,79.851833104189,76.6533641408277,82.5775428322922,84.271587287505,86.9296804586029,77.8732668703656,83.5710102559156,69.3543701888145,71.4605654709038,74.6476792741813,70.1265918013599,68.1796071732555,65.1994640027264,74.6308964706312,4389870268.30645,40482.898120708,6159128229.17543,224563512.191273
2012-07-01,95.9839,129.1489,87.178,98.5667,89.5482,,4.2723599944043,,4.62014544097493,95.1430754544461,75.3789662054431,90.1997774665561,71.4172411182153,88.71,89.6,94.95,83.41,71.48,,,,,51.8818751129461,52.3579349835999,53.2897744162072,50.7985395922699,2076776177.56593,5115157522.5147,5806731152.61647,7327915807.32631,757180.323385309,4.15,13.2833,13.24226,16.32916,,83.3475,128.247585522771,226.863445188848,56.5820121360055,79.3075043313811,82.4879764394029,80.2834560123077,77.1267782006902,82.9797504343576,84.4129368125046,87.1043007094575,78.1467532504055,83.6377911235767,70.2822673868369,73.293606032381,73.372876692085,72.6714550913516,68.5364569147897,65.6261635256675,74.6933525715421,4514085361.06813,40634.4408408632,6225986025.56284,218524947.472314
2012-08-01,94.6222,128.7282,86.3875,95.4707,88.5394,,4.63936704997999,,4.64751987383175,96.6538351301117,76.5929903919437,91.2213616488842,72.4356851642529,89.33,89.96,95.23,83.84,74.14,,,,,53.8162327005745,52.0598712176828,53.5643115476925,50.309233082233,2099382131.6005,5143471404.1956,5832101933.81215,7383312335.43158,761887.236953559,4.13,13.2571,13.42215,16.70262,,82.6166,132.020317469906,227.764747524187,57.8100134217607,79.5774891713586,82.7404048016831,80.5996134845452,77.4507182450918,83.306022854457,84.6010891279904,87.2643422964402,78.4714149172124,83.8727354200238,70.5458773083595,73.4091831575365,72.6314013898274,73.9207079912788,68.9346641068839,66.104529139716,74.7640550918762,4565771809.52722,40147.0855465703,6171870464.3454,207192702.59402
2012-09-01,95.87,128.6715,86.4063,96.9626,89.8342,,4.83583451674644,,4.95223166996527,94.374976346769,75.1606620665426,91.357697755604,72.6359264015454,89.65,90.31,95.85,83.95,74.53,,,,,53.7917878766016,52.0653517027672,54.1191207240938,50.4347596606532,2115051705.92197,5157885867.07694,5874045719.41715,7472606434.2716,759495.241159063,4.17,12.8695,13.08545,16.59522,,82.5505,134.760052748448,228.055593112171,58.9897291729033,79.814613307586,82.830230047122,80.8446774277596,77.7876706443527,83.4535261185853,84.6324558262285,87.429683658542,78.6245230396306,83.6912734000332,71.1988447294119,75.2274428987198,73.3399626720407,76.6080360705329,69.0620690284919,66.1126786321341,74.9638520117915,4629113933.84679,41169.9308631644,6331922561.45972,293795638.818182
2012-10-01,94.0324,127.8661,87.1342,94.546,87.922,,4.71169307317912,,4.77903073528792,93.8194436869981,74.9391638201679,91.522280822732,73.1942887022583,89.82,90.26,95.61,84.02,74.73,,,,,52.3963736680711,54.3727584916792,53.4487416561149,50.0774109312137,2096773824.46134,5208688470.38216,5864791975.30925,7536187986.99071,766462.604739165,4.21,13.0911,13.08848,17.00534,,81.7499,134.510094297008,228.565813743763,58.8326905565402,80.0501667382833,83.0449901391044,81.0541507689625,78.0615166398231,83.6799383392262,84.8237553072895,87.5911253232101,78.9225013554446,83.8501263456347,71.4743528736965,75.5752043956189,72.7603132907425,77.4228902260953,69.0880486372817,65.9948136537592,75.1870848354868,4650575577.844,41504.042964946,6453703165.92113,293828768.667489
2012-11-01,94.8252,130.0831,87.6716,95.0398,88.6515,,4.67189489677934,,4.75208382673731,96.5597374609242,77.2511189809814,92.616404962376,73.9449732496456,90.68,90.53,95.64,84.26,81.14,,,,,53.2400197906861,53.436348213998,53.5281174287015,52.9831031952679,2136671393.7847,5209440912.07899,5906507453.34696,7617448499.81581,767652.639055646,4.29,12.9268,13.00488,16.79967,,81.8074,133.64958789222,227.78401857035,58.6536902330108,80.1534134011721,83.1744866306117,81.3949439218052,78.4368867372139,83.9642315961651,84.6675486583666,87.7502745202286,79.2016188538384,83.0902259312793,71.6402657095813,74.537202698366,69.8810689155842,77.4506471310491,69.826545195472,67.0304333604763,75.5109078222806,4743546860.47496,41502.0077678728,6438478128.92744,249743371.014784
2012-12-01,94.3055,128.7088,86.6518,91.1137,89.2875,,4.81797729470818,,4.88510959874696,94.1708613817903,75.3725468015802,94.1964206688055,75.1822941477764,88.84,88.58,92.68,83.84,79.41,,,,,53.2586246632694,53.6934376652879,53.7333099210318,50.6136313138037,2129442040.05171,5202156777.23428,5910891483.7242,7704947619.03816,767772.001034411,4.05,12.9658,13.02441,17.13819,,80.396,135.089841012619,228.456725340458,59.2070902365003,80.1974065604892,83.1838715066224,81.6717038693354,78.6287337139374,84.3386082047109,84.4283371465398,87.9008850061878,79.4900460415972,82.2878829081188,71.5728057385866,73.7427048007638,67.723208291193,77.5807128571253,70.1651764369905,67.4695570400649,75.6329634291735,4773218256.2052,43153.6062992059,6677900808.3314,210099421.840081
2013-01-01,94.4352,130.99,88.4403,94.2141,88.1107,,4.48991947601283,4.75002457873981,4.53394010340533,100.434106677589,80.5088925119588,93.7220083036467,74.9341484418789,90.11,89.89,94.62,84.37,80.05,,,,,52.4766849689584,51.9985336403306,53.2812701868426,49.4993239274602,2127712622.63535,5227062824.41081,5970302541.24419,7828161473.4428,761975.245465981,4.15,12.7094,12.72465,17.25174,,78.8936,136.335182165899,227.664984852597,60.1103631733892,80.4692522694386,83.4561928973632,81.6854416778312,78.6442257626783,84.334719426262,84.9095629748244,88.0415570899358,79.8211526756568,83.31927070694,71.7710793537101,74.0725295649953,68.7285986013589,77.494547798637,70.3776709617328,67.7403593018207,75.7561511243917,4866444368.65603,45401.9355539354,7019289964.29144,311721106.903339
2013-02-01,95.1395,129.9798,87.9846,95.7733,88.8131,,4.42313005716582,4.71478548847935,4.55051622009347,95.7750093187262,77.1237859440719,91.0607219610063,73.3529652407269,90.62,90.35,95.46,84.44,81.2,,,,,52.6635804051585,51.9126204673722,54.8734568828869,50.4557039620195,2144003591.44279,5269299934.77855,5964968686.2301,7855030064.51881,769176.402437351,4.19,12.7795,12.43318,16.70664,,78.2873,137.131557877608,227.54341122996,60.4363227850743,80.803938686209,83.7531382011042,81.8058918115285,78.8404103400961,84.2504088983054,85.5104008918569,88.1846775134429,80.0937276137044,84.4757572522921,72.1768645169919,74.2489109349378,70.3698403401199,76.8682111270433,70.7874598985156,68.0404889459621,76.4782112701486,4934281776.64637,44118.4300586031,6958097370.52923,262742019.534606
2013-03-01,94.153,128.6905,86.1525,94.614,88.0246,,4.41430325906339,4.57902462552581,4.57133419502138,95.1674889535134,77.3724098411229,89.1295226191814,72.2210747160361,90.41,90.09,94.74,84.71,80.41,,,,,52.7958666070898,53.9250101965361,54.2998356417588,52.7010620305552,2171288086.27627,5329840002.59435,6069850920.38809,8025746800.35311,797915.158739773,3.98,12.3612,12.15848,15.78525,,76.0178,135.95386196742,227.493687015577,59.7509675545112,81.3118370519119,83.9524711914684,81.9615767956167,79.0703501650251,84.3844617816104,85.7516713043315,88.3335568337814,80.3759595112949,84.7801781356097,73.6190443766871,77.6724559056364,76.9516579242208,78.2293780741875,71.3401576509156,68.5475551288172,76.8638441392468,5039593641.22097,43571.6520608303,6941071389.14544,244259055.272265
2013-04-01,93.2926,128.3442,86.8747,90.1103,88.0091,,4.39540393038882,4.52279590692891,4.59659837621602,96.645660182457,78.5523652610803,90.7051016119592,74.062250026384,90.24,89.92,94.62,84.43,81.77,,,,,54.6997781639001,49.2899667224203,53.2486143548927,46.0112072882397,2164401160.38095,5313779777.98493,5977741278.80865,8053127102.22367,768359.211158465,3.82,12.1456,12.07637,16.01397,,73.7574,133.948119224582,226.475708932648,59.1235839587098,81.6833766288884,84.1144641189518,82.0967864671747,79.2825919941718,84.4384351533436,85.9334155112481,88.4737416167103,80.6631713216471,84.9803842115169,74.8874307182163,79.0309067802082,78.6588605511351,79.2428919528147,72.2944468513632,69.1626405495963,79.1785766688024,5195760779.35086,42286.7873944216,6884119020.43353,275278998.523752
2013-05-01,94.781,127.8443,88.6934,95.2437,88.9229,,4.49780921664553,4.50296019162753,4.59200782178414,95.3322079847642,77.8628802672766,89.2093537979932,72.9082182134056,90.91,90.76,95.23,85.58,82.39,,,,,51.7533078155597,50.7060649801208,54.1110762835757,50.2811832296945,2195965965.55336,5355503818.29779,6085680747.49782,8104388283.96526,775268.060897441,3.72,12.8035,12.38867,16.59334,,73.781,134.292321144041,226.621778720727,59.2183520156673,82.0141878672575,84.3301452687697,82.2749412554026,79.5794071853319,84.5590504382251,86.1275161011319,88.6456218774381,80.9529341657484,85.1703062404606,75.3826590887785,79.1897216785039,77.1409768718868,80.5387247987662,73.0146064407022,69.9153164369209,79.3563791475115,5051337037.63169,41967.8197185291,6835886614.39878,276951253.690944
2013-06-01,93.8346,127.369,87.9213,90.9705,88.6296,,4.46858589554852,4.45581732146378,4.64515386620203,94.1384502192465,77.0975591365711,90.4484693612748,74.1426769961453,90.69,90.41,94.99,85.16,81.98,,,,,50.6719536894905,50.8237056412252,52.9638436453013,50.1403178129419,2222461975.5354,5466314109.33567,6139383725.59902,8063555333.09522,783205.162202002,3.78,13.0279,12.35045,16.93627,,78.8224,131.448106263083,226.086440854901,58.0435261606641,82.0801616544076,84.4798073779194,82.3656488928556,79.6956960435239,84.6385042125244,86.3487141240149,88.8557414168167,81.2395293911255,85.4072174791164,75.1581663717822,77.7803996364858,73.5845182746078,80.7768863506327,73.5951854583032,70.5792764099602,79.9757322076619,4957615671.36446,40754.5543002559,6684322701.91469,486296466.856705
2013-07-01,94.0038,127.6655,88.6251,91.6723,88.7398,,4.00382453434001,4.5216026764165,4.44223932631937,97.6476995207795,79.999825941121,90.4753601974216,74.131225206675,91.07,90.66,94.97,85.63,83.09,,,,,51.6732049251446,51.1516570048906,52.2200122639105,50.9146857176222,2236945402.19628,5525126324.49414,6188067059.68519,8105859589.22953,779932.108532741,3.85,12.8464,12.49569,17.05873,2.09525,75.9784,131.768926581994,227.473312293923,57.9845167496532,82.0857031957301,84.5610277015372,82.4373702456841,79.8445958540477,84.6519537326764,86.406974807955,89.0297638581001,81.5852518096686,85.2633379442279,74.9168844765708,76.4443976357395,69.1465100310946,80.3592888206676,74.0165228155024,70.9753431809399,80.3197263756976,4911363391.45082,40701.2038585671,6638435943.70805,255844369.081104
2013-08-01,94.9148,127.8074,88.6854,93.0905,89.6653,,4.33394787343077,4.53730106171767,4.45167984026407,96.5044924465246,79.2115469698586,91.6722571244194,75.3047176416076,91.17,91.06,95.45,85.88,80.14,,,,,52.2120687681738,50.8333983105793,53.016653822955,49.8986412057723,2271829540.38584,5572579445.76391,6285750149.43056,8209035410.92298,792419.196417475,3.84,13.3415,12.64908,17.59077,2.18134,76.9394,132.279552951692,225.889035402133,58.4377279854911,82.3187911438405,84.6896575189837,82.5899471705722,80.0705996179027,84.7636062609137,86.5088356419941,89.228517461032,82.0083512397678,85.1852038151,75.4850134112228,77.1929726239822,72.8794746484147,79.9024453751985,74.4756789479054,71.4297015426839,80.6442839425912,4990340779.67035,39947.4738750347,6523590398.41385,268086590.118455
2013-09-01,94.0084,127.5997,87.9804,92.5457,88.2437,,4.34116927159001,4.96162631529769,4.469260671375,94.8139223277275,78.0580554643782,91.6449458628911,75.3554371731359,90.68,90.22,93.65,86.15,83.28,,,,,51.2999160690202,50.1306899641407,52.0940654147319,49.6956508997656,2289126513.58337,5598817049.61539,6345142918.00183,8293501796.14012,802524.631424509,3.64,13.1747,12.81767,17.83196,2.15406,78.1364,131.387534681387,226.843456398845,57.8432515111352,82.512079016275,84.8942393720952,82.8718314431094,80.3013636810668,85.0639990599275,86.7178680033048,89.3531961151919,82.1375389245269,85.4763496563703,75.6104232904103,76.9605855117484,72.909146546075,79.5975930450838,74.9262698515849,71.9228946565273,80.8584639182002,5044314835.91232,40395.7349712849,6617377474.90287,221123073.940558
2013-10-01,95.012,129.0101,88.273,93.9032,89.4001,,4.48342411074111,4.58884479688534,4.48159184400407,97.4081256164673,80.3901958823535,91.8138585994548,76.008271052368,91.02,90.77,94.85,86.06,82.08,,,,,52.9443614517346,50.5645394959193,50.9681067175151,49.3910998857181,2261416458.97265,5629351355.95459,6410837531.39452,8402914808.49176,806841.722474896,3.39,13.0067,12.45782,17.71252,2.1357,78.1671,130.153668182449,226.84750304267,57.306321710938,82.7164442051776,85.0860503197334,82.9362325214603,80.5236684928435,85.0782165226256,86.9819833746059,89.510483304818,82.4351274027663,85.788038909445,75.8393839890545,76.8126689045688,73.5356314954525,78.9338231807194,75.2542387250586,72.22715307085,81.0715739441061,5131314720.25219,40639.0118613545,6744705620.1714,218902590.476843
2013-11-01,94.7466,129.8533,89.125,93.4671,88.9277,,4.20023727509458,4.43569103166739,4.3617784895591,95.8664352917298,79.4581112713175,92.5384101013807,76.4722141452905,90.86,90.95,94.89,86.25,80.42,,,,,51.6492332165524,51.2934535817941,53.6852419314108,50.0513874973604,2344616389.79141,5723412961.08973,6540934091.14396,8532344267.05128,830773.570187587,3.39,13.1101,12.3838,17.8494,2.15399,77.1027,130.569627074454,227.238914420953,57.3815368174762,83.0381645105173,85.2919970974003,82.9858293433801,80.5770793713616,85.0726911328232,87.2539470850677,89.6756511707707,82.7304028917205,86.0127285106847,76.6203114769545,78.6220794125705,77.5863066505384,79.0971878282659,75.4519860387814,72.5418839747005,81.2880897496199,5168463646.59754,42369.4350564721,6922181094.93462,209188729.612036
2013-12-01,95.0437,130.3184,88.5719,94.8271,88.5613,,4.16486453692837,4.57647468621229,4.24477412379241,95.8024832343836,79.7300893689658,91.1927914639438,75.5992225130871,91.9,91.86,96.05,87.01,81.2,,,,,51.005975439154,51.2130347024787,53.1606318671993,50.8278627357711,2361969829.7135,5764346459.40072,6521454669.632,8550758554.25411,838194.165404908,3.29,13.0843,12.31494,18.03017,2.15891,76.4084,131.521546050564,227.922927134889,57.7339138871038,83.3752216758951,85.4945439177167,83.2096727614718,80.7290023551602,85.4218143608779,87.4268328543859,89.829112587153,83.0183575199831,86.1684304532212,77.177795763426,78.5964034874681,76.8098353500508,79.5648640931926,76.2997820127255,73.0913112605203,82.6956481344008,5267442119.01811,42619.4337741172,6960317359.31572,241611017.834435
2014-01-01,95.1246,127.9718,92.7907,92.0386,89.9814,,4.04200861752098,4.47449146324288,4.12871134036374,99.4185852013863,83.2862500976027,91.6307463305752,76.5607623184059,91.19,91.13,95.18,86.41,80.86,,,,,51.8336706187458,52.7437989188408,53.7628820785692,50.3722286785704,2403032278.699,5807844501.56797,6544728326.49279,8507805958.23157,843133.918812556,3.14,13.3769,11.99774,18.03741,2.21655,76.4017,130.395193985673,229.124985485435,57.1661076191841,84.0835225489641,86.1607839812217,84.1391494615443,82.3533617606436,85.7149918118279,87.861900719409,89.991472513048,83.2761728781483,87.1372312292921,77.9220685163591,78.6491450283071,75.7186345748877,80.4195458279038,77.652395073179,74.3659531759557,84.1349874399275,5257431819.88505,40969.9174240867,6770207591.77372,219605185.218394
2014-02-01,95.4598,128.0892,92.0756,95.919,89.532,,4.33059426896949,4.55555340620591,4.45092357917717,95.7092437996591,80.353492571305,91.4391470267606,76.8007036727519,91.65,91.33,95.46,86.58,83.86,,,,,52.5198508276274,52.0908146863976,53.6533332710424,49.6359805999364,2426461082.59107,5834781843.60262,6627521002.94871,8707682285.97656,854348.881266831,3.16,13.2379,11.95912,18.28286,2.16307,77.1392,129.86171636689,229.517112529645,56.6876331425342,84.2539319196464,86.2856780710806,84.2178131623982,82.6274443816765,85.4820109904824,88.1249237053962,90.1659773827377,83.5850547500835,87.4440091968514,78.2577981546039,78.5386506148487,75.6242613506726,80.4845402075783,78.0984454776295,74.9978383617168,84.2569494088786,5378315047.76832,38885.9480661568,6510646809.44372,197337876.004082
2014-03-01,96.8974,127.743,93.4933,95.6015,91.6094,,4.32436554654458,4.54021455805422,4.51563034109733,94.0279827177064,79.2397318698306,90.4477724273756,76.0760118341883,91.92,91.51,95.36,87.09,85.13,,,,,52.2603295897967,51.9817463155705,52.3064300479338,49.7563637790059,2443070978.68251,5867747562.62799,6662344522.69147,8724379162.20131,849873.100617914,3.17,13.0549,11.82774,17.99357,2.10053,77.2258,129.32259898628,229.084489289149,56.4618233876863,84.3773413756272,86.398753005152,84.3666417172387,82.763746862605,85.6647147301945,88.2430482854088,90.3157236030922,83.8874393971017,87.4920174608201,78.4447374846558,78.8173912625118,74.5923413800732,81.5107217766401,78.4429575870144,75.3704162296053,84.195003686671,5468805484.53334,40230.7840438737,6625580429.72413,198864321.890275
2014-04-01,97.4622,128.6282,94.2636,96.6078,92.0376,,4.2033987722979,4.5009357142672,4.35279099322723,96.2223816495215,81.007739921825,90.9156060761696,76.8108686847141,92.85,92.34,96.92,87.06,86.09,,,,,52.6183497598815,54.414889631843,54.2358988769355,50.7553045163867,2481357942.9538,5997497070.75738,6757786231.16013,8815604809.41009,877024.240924562,3.23,13.0901,11.9277,18.14811,2.09311,76.9691,128.652626601478,229.559085229939,56.0273434310826,84.5864020377755,86.716592332541,84.5477642817415,82.9794787291819,85.813143937196,88.6891267974888,90.4542911161392,84.194068335858,88.3137811312462,78.5300542672594,78.2485297026747,71.4751770482004,82.6352350091597,78.5966424094014,75.8247433534683,84.5325391188323,5505043521.69864,40800.9657120036,6700265638.31686,196305740.106533
2014-05-01,97.5572,128.435,93.5561,95.4401,92.5654,,4.31657683879491,3.97609084276299,4.41087118766192,95.3643337302197,80.6460321284443,91.2935656848304,77.2510326667839,92.6,92.16,96.78,86.7,86.85,,,,,52.2234540496693,53.1803144375091,52.71325568016,50.7334770328814,2513125597.12725,6019589275.90831,6758079825.52749,8914164446.05181,878421.802342121,3.28,12.8609,11.84489,17.54998,2.05903,76.7432,129.76640721224,229.486280983246,56.5564706512257,84.89271960207,86.8662070897431,84.8149495461066,83.4087003350289,86.0039810562926,88.657408483826,90.6096314410576,84.5204365750479,87.9628249338594,79.2601182484751,79.6502841281397,70.9888811186579,85.0132091661944,78.9131436475241,76.1492821086079,84.7959276319252,5623186039.17508,41683.9050504193,6854517895.41012,193443687.647828
2014-06-01,97.8139,126.9336,93.5182,97.1549,92.6565,,4.19375554634824,4.47143665003518,4.53276755017928,95.7735076965095,81.3480017218501,91.4595460286547,77.7450164033755,92.69,92.34,96.9,87.03,85.66,,,,,52.4709542484925,52.6527913257891,53.2756744150315,50.5537809263177,2519000068.04815,6051677193.72654,6846085347.43468,9083331973.28438,885775.719600493,3.02,12.9712,12.17866,17.75887,2.08966,76.6592,131.446711567861,229.516042164525,57.1961455101951,85.146162806455,87.0810466935202,85.0226220483118,83.7214742285213,86.1315710185505,88.8928229794469,90.7651819213143,84.8539774142808,88.2649034371788,79.6111785440951,80.2923589716397,71.7243621892357,85.7414767856133,79.1231592670344,76.4915912128003,84.9148662192293,5723780265.95161,42693.8625148875,7119353070.34952,184169727.506484
2014-07-01,97.2154,126.9527,92.6838,92.8963,93.1624,,3.93348551930464,4.25019039775067,4.61851652675061,99.5497318888805,84.8367281331909,91.6470491400283,78.1429610424645,93.0,92.57,97.18,87.19,85.73,,,,,52.4737547962716,52.8871669909176,53.7525933848515,49.0718626197195,2561170531.13627,6109809857.29273,6908065364.36543,9187432066.57775,899117.267384505,2.83,13.2269,12.15023,17.69891,2.14144,76.171,129.485800223556,228.552184775654,56.6618916443618,85.4318771551517,87.3071576611194,85.2215632258624,84.0045452376263,86.2685104160754,89.1242176139051,90.9071781865169,85.1747173740619,88.5760088090652,80.0304118123804,80.8915694861828,71.6403356196913,86.0261925386427,79.4579746782905,76.8308996203512,85.1030685457028,5763385174.38745,43438.7516706465,7283799968.88263,207779596.680517
2014-08-01,96.767,126.8683,93.5896,94.9558,91.6714,,4.36094547900178,4.66182029147831,4.58020110529159,95.2084896031231,81.3869712614391,92.0202091829088,78.7086948926961,92.73,92.37,96.85,87.24,86.17,,,,,51.3025539797731,52.7706001734113,51.6730557529537,50.9504438917607,2579072279.31918,6146613667.32901,6954312222.9379,9241515927.66393,911382.058954941,2.77,13.0763,12.05373,17.2241,2.12621,76.4733,128.359884032878,228.856749423133,55.9817144149369,85.7267633350047,87.5367833013506,85.4956134600949,84.3438584099746,86.495641021865,89.3104658115818,91.075438028673,85.421553143064,88.7551132830064,80.4988033603784,81.8527996175686,72.8539901976233,87.5643056854913,79.6299746994735,76.9258853887178,85.2308021470974,5788071820.9734,45641.3647864475,7560399098.393,190855145.310124
2014-09-01,97.4047,126.2945,93.7309,96.0694,92.2791,,4.15696024820484,4.44592727522003,4.27589655352716,96.2625907564624,82.6057025390953,91.9712523519769,78.8449249838119,92.82,92.84,97.4,87.43,82.71,,,,,52.2582493040558,53.9028328401745,53.3349539122236,50.7129338987407,2607000638.58794,6176194852.39869,6965356506.23438,9182716907.96835,919879.801487985,2.83,13.433,12.02119,16.96991,2.17346,75.1019,126.935565336954,229.115841720387,55.3511130359985,85.9713215126007,87.7163487380143,85.6816073313777,84.5421352112043,86.6635756108491,89.5225966657021,91.2571506716126,85.6885055925031,88.9680829275472,80.9552438968293,82.7270609373374,73.563046427002,88.5043116991733,79.916770705627,77.2332003571557,85.3637917492503,5714769752.92496,45046.6133164065,7533622194.74815,207191600.577619
2014-10-01,98.2537,124.6766,93.7547,99.1286,93.3466,,4.27286788880635,4.38401586446818,4.34696512779175,97.5782135721965,83.9921142747315,93.7986768897319,81.0825479389819,93.14,93.07,97.62,87.76,84.88,,,,,52.4811590184768,52.2472851699149,53.8584329638924,50.9568485529845,2670733340.12672,6200548790.00558,7090712207.6715,9401994664.75031,938837.899269871,2.9,13.4773,11.90854,16.85606,2.1995,75.5157,122.997717168472,227.594470402457,53.9612267877918,86.2246299676293,87.8973164424689,85.8196490068476,84.7519707290314,86.804164504942,89.7221295611092,91.4293508915716,85.9999395733306,89.1067261744801,81.4789663090298,83.3883606583271,74.6067616930738,88.9887226248822,80.3264072991786,77.6467974865507,85.5192497666627,5903182231.69003,44511.831332649,7439083141.1954,218553859.13961
2014-11-01,98.0839,124.5763,93.1787,96.8193,93.7716,,4.2792691177225,4.55312338296061,4.51814444480803,95.514503961428,82.4826390741736,91.9885310877366,79.1395080416059,93.73,93.72,98.64,88.02,85.75,,,,,52.9055550226749,52.2176103233867,53.3526812265959,51.1777826885171,2709001093.91604,6236076834.39221,7133529666.06562,9549228105.82348,955565.740489269,2.85,13.8965,12.18723,17.32338,2.2554,73.9532,123.393967737346,227.249236808605,54.1877804272226,86.4900889007871,88.1380655524584,86.030130302226,84.9009204569659,87.0220473893424,89.9267256093231,91.5930857182162,86.2972346826774,89.2151481642696,81.8029613998412,84.1550124608815,74.6961310770211,90.0019580956339,80.4670430074108,77.7537554950045,85.7481546428962,6050703391.23014,44398.739011305,7428890231.59747,190647648.07676
2014-12-01,97.8873,123.6296,94.6433,97.9571,93.265,,3.87917205625141,5.01711630426011,3.99612174639166,96.0403881976532,83.2177945951057,92.2457889408754,79.5514542262889,93.52,93.62,98.57,87.87,83.21,,,,,50.4904978971061,50.6568556302831,52.4839292920298,49.8241277667441,2720918399.26682,6241815115.26091,7146921722.84069,9539894142.51578,976813.100834396,2.81,14.7414,12.72625,17.83857,2.37042,77.1919,115.189835613756,225.926804138783,50.9148475356128,86.7922833868298,88.2737631211223,86.1588874257062,85.0361564783275,87.1972172157958,90.0725464343392,91.7606452703351,86.5938123849618,89.2682242654228,82.3766685488165,85.3131002324857,76.5970593549854,90.8633902960574,80.5526008736948,77.8089601778607,85.952841315678,6064717288.97272,43445.4657410248,7324748939.59829,239912643.646415
2015-01-01,97.5116,122.2438,94.4979,96.4715,93.3642,,4.56389192730968,4.52942755174724,4.85643096008836,97.537576680221,84.2128401821617,93.6873531702349,80.7145104732436,93.87,94.04,98.63,88.57,85.0,,,,,55.3177995198007,51.8705626807631,53.0906272908677,50.988230994018,2828366786.17435,6418901895.47401,7260845625.76628,9701009536.85031,995381.514732895,2.67,14.9885,11.82293,16.91302,2.38317,76.6985,111.53851270973,223.376953952242,50.0455402629181,86.6728172921488,88.2056378753401,86.2811120473189,85.1826973441252,87.237077900843,89.8566542851462,91.9065961203479,86.8623169189716,88.6985064720827,82.0430916347871,85.2446043558199,74.5720485907378,91.9752263589961,80.3739098163802,77.6373328183779,85.9593460350965,6174610655.12138,41053.3026535582,7107780698.85409,208214798.485988
2015-02-01,98.1772,125.7707,93.5557,93.9989,94.7096,,4.31120858366627,4.40085998997466,4.52153370687591,96.7424523856533,83.6363025610784,93.4149592819384,80.7855756610668,93.97,94.4,99.05,89.09,83.15,,,,,52.3045355799464,51.4376155628055,51.7882173641068,50.8458270808936,2855684671.1269,6461538275.96149,7344664676.31619,9762036350.1185,1014378.37925289,2.81,14.9553,11.9777,16.77386,2.37939,77.402,110.719483625239,223.222313717849,49.6160057266848,86.7980270188152,88.3704669238392,86.456713085489,85.2218818737581,87.4445566879187,90.0677491246592,92.0497043921325,87.2246374542656,88.9200493662265,82.1438263517392,85.3466313581035,74.1995466988133,92.3616542930185,80.3539142424664,77.5399687318022,86.1088685010231,6143958691.23267,44583.9239436587,7613994123.61105,207530645.559915
2015-03-01,97.6593,122.6585,93.8279,94.6229,93.9363,,4.14140280789696,4.62999977996812,4.34868956247284,96.25847655841,83.5724950623786,92.2009078546281,80.0278853924733,94.12,94.73,99.03,89.83,83.22,,,,,53.2639423610057,51.8662310150829,53.1752199929424,49.4807400560455,2883153118.67099,6442324677.80875,7302757128.87591,9651431199.59389,1050984.14472689,3.04,15.2647,12.05301,16.39734,2.45914,77.337,109.469552487831,222.605401410194,49.1756234284706,87.0295041719077,88.5171518655672,86.5736232663932,85.2622297737104,87.6223705895877,90.2827872581841,92.1892810036375,87.5662333762637,89.1903683498162,82.6514017053803,85.4274776236451,74.2173655489162,92.5293954704166,81.2182318580738,78.4848714999004,86.3495477808667,6135287145.238,43734.3437593979,7435247461.12126,211217886.556411
2015-04-01,98.7413,120.0115,94.2079,99.5612,94.9639,,4.34559113506973,4.69325933457184,4.56477476994569,97.4267126886825,84.6440105638279,93.8952814317312,81.7285537242917,94.37,94.78,99.03,89.8,84.37,,,,,53.0992199218094,50.9542058622073,53.1433879725423,49.7319291798324,2941642854.46113,6505781500.64819,7435819072.67329,9818116435.15052,1050806.1478583,2.97,15.3714,12.69063,17.21751,2.4748,77.9047,108.657254020041,221.599811475509,49.0760212996367,87.1962850465447,88.7091609837502,86.7528092357745,85.378545304413,87.8663253402878,90.4708022982771,92.3615519666251,87.8896811210403,89.3841180432146,82.9393240799043,86.1014787391032,75.4717821697504,92.9231057857942,80.9716389370072,78.2822966222481,86.5147320402379,6149688224.97577,44599.3528577299,7485874643.15775,213628822.350486
2015-05-01,97.8685,119.1482,92.4921,96.4181,94.5235,,4.29314656833982,4.67371878158256,4.43128397438615,94.9889482002544,82.6528986483912,94.2150730459479,82.0402336099237,94.7,94.73,98.98,89.88,88.92,,,,,52.9408652984429,51.787616300847,52.7370642073351,50.1704122775865,2964617637.84262,6560254135.36172,7515273950.72933,9914392482.71186,1061165.65607033,2.98,15.3815,12.32827,16.8612,2.4795,79.5981,109.499086420074,220.959391027993,49.6790134903588,87.3367306923845,88.8792546564136,86.866056413078,85.4451597226886,88.0791887822932,90.6425802483104,92.4976110054339,88.2036227651515,89.5203372136934,82.9433819013959,85.6372346564896,76.7502710646336,91.1326091492033,81.2614855737131,78.723057217614,86.5676232737273,6215296554.60303,44966.5374536005,7580530645.37121,182855106.548659
2015-06-01,98.3464,120.399,92.5099,96.9214,94.9863,,4.07446684482552,4.40541996105459,4.38012138782978,96.3021135802125,84.1503712433643,94.1591420575773,82.2974381885138,94.85,94.71,98.33,90.44,90.12,,,,,52.6201367826049,51.1638641323493,51.5966570428315,49.008744111118,2985917427.20344,6522064133.01679,7480593632.64038,9885334036.11156,1065111.4254199,2.96,15.6854,12.56714,17.4751,2.52849,80.32,109.651128380653,220.733960932907,49.6991426310731,87.5893297498781,89.0911509313585,87.097501372196,85.6559885681005,88.3340840691721,90.8382561763698,92.6464443349628,88.509363465499,89.7373670525652,83.2929073525597,86.3800727544323,78.4641572516533,91.265420132053,81.3844093276156,78.8824183208546,86.7590078366561,6219077983.80731,44881.9975607118,7549121695.22971,205332024.530282
2015-07-01,99.4305,120.4742,93.5952,102.9795,95.0116,,4.43970287221698,4.53020967839196,4.56794970549963,100.529302261766,87.9857435293563,95.6022706345927,83.7373479059978,95.0,95.2,99.16,90.58,89.38,,,,,52.74343339329,51.9022433973665,53.5314857108967,51.6938702777625,3053976918.41073,6546930148.83078,7527638166.79268,9945358249.68403,1086806.38227623,2.99,16.0772,12.36497,17.76048,2.58521,81.7426,105.38098523859,220.826294422423,47.7907836115743,87.769965552331,89.3204647858641,87.3102426226671,85.8919815508026,88.5322163826057,91.070839066216,92.7962878572351,88.9131702429078,90.0261185666234,83.3053180519552,86.4536987651746,78.2422117130608,91.0400360911944,81.4528989373504,78.8283789830013,86.9116044984488,6232354347.94864,44066.2012151913,7551293646.93779,229463337.24473
2015-08-01,99.7676,121.171,95.0892,101.1401,95.7307,,4.4619929727686,4.63238274190945,4.32563714509005,95.8738901178391,84.063022139212,94.4898793608896,82.8921641744675,95.51,95.55,99.4,91.07,90.61,,,,,54.3516575807355,52.3333618865347,53.4524795951703,50.214627766763,3092170855.18571,6579226327.70218,7571447930.10552,10029136223.9017,1108454.9109995,3.04,16.7829,12.61067,18.8086,2.60471,84.6845,101.831706351141,219.787339244049,46.3521910381594,87.9389434081104,89.5533186535698,87.5061234608772,86.081279757977,88.7284347480429,91.3293932657742,92.9586334241636,89.2365368059273,90.3523146420972,83.2267690479107,85.8294706019489,78.1778808412469,90.8153192411063,81.6611493674674,78.8571156471663,87.3121804370471,6256041340.37047,43192.7034247402,7411983739.2871,212714791.174478
2015-09-01,101.8533,120.5482,95.5648,105.4697,97.212,,4.05821292183117,4.50001518120423,4.49157843906708,97.5615398747492,85.8145977143885,94.4874768885256,83.077279829467,96.29,96.39,100.62,91.54,90.53,,,,,53.959830830112,51.8136998750284,53.7006819751955,50.9792761394961,3119064178.432,6616536236.41801,7525976111.89182,9925649952.70091,1115848.2621105,3.1,16.9053,12.60966,18.87477,2.65751,86.4067,100.81126051492,219.327883451018,46.0124963046777,88.1348698177559,89.7997783752891,87.8381074237586,86.4307451199682,89.0493991221336,91.5361114652353,93.1161098598327,89.3526380731378,90.6041958228442,83.2842836311814,85.9686736557219,78.3787840507312,90.6685448702718,81.7411015870189,78.6871348632867,87.6939287198368,6222178887.83393,42532.4311300428,7399177035.95735,170555275.949068
2015-10-01,99.7333,120.2427,96.3812,96.4911,97.0703,,4.31719428497016,4.4897632775549,4.44025756193369,98.4024809595612,86.7735858344008,96.3083659143398,85.3362789344343,96.63,96.56,100.4,92.02,93.28,,,,,53.458655545131,52.7725968064889,54.6488047201498,50.7430494810876,3161363509.65456,6660520291.99255,7616155445.13999,10012244887.0139,1130805.64510444,3.02,16.5244,12.5635,18.26277,2.61416,84.9973,102.229151065103,219.479081344091,46.5347876474012,88.3491739763067,90.0622214014724,88.1437399232506,86.7519324158094,89.3997170486205,91.7536043677262,93.2553625425883,89.6846473932123,90.8427499527695,83.4536961079219,86.682776089318,80.0803038828114,91.0166728986064,81.5993753761149,78.2820016821335,88.0103898093669,6262394512.8041,44098.311839606,7439725352.28879,171771527.756518
2015-11-01,99.0029,119.0073,96.3241,96.9349,96.0322,,4.05126723472447,4.47698579317062,4.29639702444962,97.5809068095492,86.1318475202688,95.0327676728578,83.5347851198989,96.46,96.39,99.99,92.16,94.04,,,,,53.7446631355314,51.6808109757732,52.2956245664565,51.1604207939468,3124748786.13816,6542298027.76932,7533194314.14004,9863150612.97562,1131722.83983957,3.02,16.5856,12.45413,17.52103,2.58238,83.0718,103.258548391476,219.073647804395,46.9492557529323,88.4109640902683,90.209284343434,88.4635857888884,87.1134845032935,89.6302826415385,91.6787220968736,93.4408087503627,89.996542959005,90.3122808349138,83.2947903881168,86.3843217919301,79.1584368872157,90.8312681072232,81.4315874695385,78.0904658318459,88.2603392832098,6251089040.50823,44094.5102514123,7398812566.47697,171701594.287664
2015-12-01,99.4619,118.8069,95.7682,97.9353,96.6853,,4.18087095897723,4.55184964527888,4.37386745851042,99.1516486797547,87.7632596038722,94.4664605456189,83.1787466490825,95.77,96.12,99.36,92.36,89.71,,,,,53.297116034961,51.5557929477247,53.1824271663987,49.5378090549751,3180827013.76941,6639527875.53336,7687037497.49423,10039851425.8663,1148379.16201716,3.14,17.2487,12.42424,18.74934,2.62525,84.5713,100.898880822554,218.064761780942,46.0969045606679,88.6375174602774,90.4009334135669,88.6468617527209,87.3627050208192,89.7989389380487,91.9037050866112,93.6185513199467,90.3087312521908,90.5190762807281,83.484946119604,86.7757563771958,80.703870742166,90.5391972981095,81.2826145768345,77.8899034845319,88.4127733057798,6325952727.24934,43603.7383772291,7253294594.07655,195034225.081468
2016-01-01,99.3949,119.3674,92.3099,99.3267,96.0861,,4.24983513567962,4.43723963633576,4.45513073864329,97.9416065505036,86.7690239196032,95.7739413448005,84.7306426299306,96.99,97.4,101.98,92.08,89.87,,,,,53.9706278720282,53.7760979459273,52.8272851957748,51.1159562822227,3233275926.35708,6731672433.84408,7804505540.75336,10134087405.7667,1171471.07947616,3.08,18.1935,12.9283,19.69446,2.75814,88.7892,97.4450512668175,216.966826894256,44.8772344746429,88.919404356976,90.5587748782058,88.8164360365796,87.4227072454627,89.9938797344168,92.0734983605942,93.8035824119979,90.6114192247821,90.730633226721,84.0875696902497,89.6654347660657,88.6706616348059,90.2489735787574,80.9741333741403,77.4157181773636,88.7621022250871,6334554765.86252,43652.7296456162,7284056534.20718,215843581.2892
2016-02-01,99.5198,120.3646,93.5177,99.5206,96.0661,,4.0271879621671,4.45811566198947,4.27582408082474,98.9607436471291,88.0362952710005,96.5965065373756,85.9262578789297,96.29,96.86,100.46,92.5,89.31,,,,,52.8077912481193,52.6882664433008,53.0075617607871,50.3434914720655,3257683237.78697,6751913359.22031,7842691058.24203,10155022064.134,1179320.88163725,3.36,18.102,13.37014,19.67144,2.76237,92.0757,95.1658388008321,217.121457211698,43.7691357889523,89.273028749275,90.7255258549967,89.071272672883,87.678030416598,90.2346697428484,92.195782685197,93.9824522299302,90.8435428010046,90.7739921563249,85.1068740144404,92.5150532092876,95.0784555419649,91.0812052750719,80.7770999751264,77.1100426449612,88.9009232787326,6353016507.9476,44300.1047749008,7405564670.2326,198192924.234661
2016-03-01,98.7537,119.0579,93.0512,100.1646,95.1063,,4.27274589977492,4.40474181012797,4.52097024127226,99.432740242269,88.5760168204682,96.8478807076971,86.3045758702726,96.44,96.89,100.61,92.48,89.71,,,,,52.7740784437102,52.3142583882213,53.01387891371,50.8247819692335,3300676198.13399,6842181401.78726,7849028104.04594,10143892688.1211,1196296.33577082,3.8,17.237,13.33971,19.64156,2.66656,89.0279,98.5076248695626,217.186034733272,45.3309044313991,89.3074614702007,90.9622109616699,89.3567251138102,87.9670493583178,90.4794237029696,92.4279434019536,94.1755422213058,91.1674239157668,91.0173466062714,84.5144310457224,90.935248042907,90.3273371370667,91.2994277148461,80.8177820192338,76.8968455025558,89.0320862641776,6280888649.12802,46132.1296610312,7599585847.44859,217959279.14667
2016-04-01,98.7005,117.5459,92.8609,99.668,95.2269,,5.19199742240587,4.42687152265972,4.88208411386034,99.7309091143555,88.9308830917695,96.1095523576874,85.7398592615616,95.89,96.43,100.01,92.34,92.03,,,,,52.4227750503331,52.3270055980429,52.7118656604862,47.5591787197722,3333022780.46904,6907903554.53989,7885639582.08782,10213141598.4932,1205068.46216393,3.74,17.1767,13.71559,19.66904,2.64693,89.6384,98.9087601810872,217.60705582625,45.5019104388519,89.4352920225652,91.2191281913362,89.6365668362687,88.2503655337891,90.7831403001374,92.6133041428237,94.3574224619236,91.5072874173846,91.2432904047311,84.4133014325461,90.0396526030492,87.7382061154196,91.7047629667108,80.9881672114742,77.4233633489411,87.9908544089373,6303183950.68972,45588.2685040531,7554337239.06424,204862628.488592
2016-05-01,98.9679,117.0959,94.3374,100.7391,95.32,,3.81794935037637,4.3913825512606,4.4682780323227,100.058800267986,89.2574863635954,96.8767808362241,86.5841138130942,96.09,96.98,100.63,92.73,88.87,,,,,52.9912359515771,51.8231141572279,52.9650998230892,50.1997270832656,3406109513.02339,7005975142.91442,7952867221.25145,10190565663.6683,1226834.64057606,3.81,18.4118,14.07766,20.50522,2.79491,93.1803,99.0068768686073,218.877088197212,45.4046567659696,89.6294861906937,91.4659570019674,89.9155999791043,88.6546192688571,91.0094027297864,92.8268099696938,94.5467375875856,91.8453898210451,91.3923144962065,84.2182655567015,90.0185138824424,87.0871262728855,91.8672244278281,80.9078005194277,77.3521687930976,87.5786548583696,6152992484.36288,45691.5304640117,7539881949.73601,193127036.892354
2016-06-01,98.679,115.9433,94.299,99.7161,95.6382,,4.13531051692007,4.60091374837481,4.49288232123424,100.887671896828,90.3710289309141,97.5633843195834,87.4058628583123,96.58,97.55,100.99,93.57,89.58,,,,,52.8269532342903,52.5600566692025,52.7405380010648,50.3701819980432,3460498040.89058,7098746190.80104,8061113226.998,10276581740.1971,1248262.74186738,3.81,18.4646,14.21959,20.5234,2.76415,96.6281,99.3630719801419,219.744985732844,45.2855737532141,89.828462938298,91.7314202583819,90.2269288365734,88.9822951975753,91.3043970504558,93.0430894161105,94.7306719135555,92.200049990786,91.6048534836365,84.2426515301381,89.6486105969549,86.6925658794904,91.4086784097239,81.0685944291052,77.6419893574036,87.8020908927737,6086668811.20377,45672.7224449216,7546157266.09769,192902804.980506
2016-07-01,98.693,115.9496,94.9047,98.5305,95.7085,,3.99770446537535,4.46015983370864,4.36127412014775,100.123264827664,89.9464247840168,98.7358649260733,88.7490094448419,96.75,97.56,100.94,93.73,91.6,,,,,53.1619420223112,52.3948041537692,53.074811585332,49.0453127635201,3489436497.41709,7171483622.65428,8124957073.06492,10329742665.8423,1267485.5092245,4.21,18.7837,14.39207,20.99454,2.8307,95.2467,98.9801416977383,219.426252453086,45.163681283505,90.0824076965643,91.9617935573815,90.5117588045931,89.1828296164373,91.6593988583165,93.2235146847314,94.9361477512243,92.6565192027512,91.7058958851399,84.5699595186983,88.7736406005558,83.5386553237514,91.6318715930533,82.2378598631223,78.4013942689601,89.7136680225181,6142306371.91972,45761.218357989,7462733122.80377,189392008.21643
2016-08-01,98.7913,114.3174,93.7689,99.0105,96.3103,,3.87265747674379,4.53535878883591,4.63902718725514,99.7096829929195,89.796087265321,97.8580869070284,88.1561093977025,96.95,97.51,100.59,93.92,89.06,,,,,52.1530020107598,51.9337146807148,52.2489216186286,50.5095285667337,3510995601.21356,7149653881.47429,8122151535.42192,10352085551.2349,1276395.45719052,4.24,18.8611,14.36839,21.00183,2.81973,95.4642,99.9252301616668,219.503210025088,45.5691188295195,90.3074533753538,92.1983126498737,90.7718846751192,89.2707094383623,92.0441166438844,93.4321877632567,95.1076684101507,92.8681859989341,91.9457496825407,84.7580783087087,88.1952885587504,83.0827621501005,91.6294671417645,82.7616476868771,79.1097922746959,89.7944491029355,6241023740.85607,46612.5405930843,7560064941.45135,203431025.814416
2016-09-01,99.15,114.2144,93.0836,99.8195,96.1291,,4.03728398026764,4.6677872091378,4.46302174362465,103.318868636317,93.5904404715847,99.4268083566853,90.0194222028354,97.06,97.57,99.99,94.71,92.57,,,,,52.1129563160377,53.0829685177628,52.5556081882522,51.2849357150024,3559693565.35632,7285895433.07822,8298731824.23294,10596373945.1291,1298374.89100473,4.28,19.3776,14.74635,21.7688,2.9047,98.2717,98.5902195167045,218.9369414066,45.0927722090705,90.7449261731475,92.5638468311714,91.2780721848125,89.9305793592431,92.433088905881,93.7129807342203,95.2753339962174,93.1539620220544,92.2428687452713,85.4411878022866,90.613074904821,87.2377592053807,92.5914001986034,82.462653239547,78.4846704547945,89.9188074804135,6206128933.89824,47081.2425292445,7545701615.43017,233889920.85323
2016-10-01,99.1017,114.6071,94.0174,100.1282,96.33,,4.23053736162287,4.88420259222319,4.68256381423712,98.8682702278483,89.8694044442522,97.9127821516215,89.3604687600657,97.28,98.01,100.63,94.95,92.2,,,,,53.0835466048712,49.6137040137857,52.1108279578989,50.8283594471227,3574267459.37991,7324682560.43491,8260381524.27303,10569043333.8708,1306637.923342,4.69,18.8887,14.08341,20.6699,2.78608,95.7207,100.661851314523,219.305633670056,45.8596432059274,91.0602420397833,92.8600822432243,91.6645533531693,90.3831218565727,92.8157622978796,93.924568426494,95.4846034618184,93.4935061475127,92.4668741040017,85.8789061564368,91.3145084583806,88.8210973181571,93.1391358762716,82.744372760207,78.8717791164314,90.1560220882047,6167802776.06926,47747.299738548,7781656921.07051,211129040.046935
2016-11-01,100.2452,112.534,93.8383,104.03,97.1696,,4.45151986519531,4.89759094120664,4.75692644512949,100.202425801953,91.381717429405,97.1970887733306,88.2745930257347,97.15,98.02,100.52,95.11,89.83,,,,,51.8690640396627,50.8946430189399,53.0941710214956,49.65804321812,3642094246.86078,7404517460.48501,8372314766.29069,10622392510.1545,1321853.9148211,5.15,20.5155,15.26148,21.76284,2.96654,98.3146,99.7656149318236,219.872250901557,45.2295425072237,91.3234358639353,93.1850473641534,91.9603803234437,90.8146983399416,92.9322615499362,94.212872666645,95.6708614322905,93.8258902212015,92.7835419433164,86.0928608060148,91.1941846271324,87.3036331527842,93.5344296511297,82.9894485769958,79.4825445527355,90.4378501625729,6094534652.90318,46422.3840450862,7545076551.02956,305713937.457963
2016-12-01,99.937,111.8948,94.7906,99.6603,98.2402,,3.95468601161833,4.75196702411476,4.21485962128039,100.872135779962,92.2761735078181,100.06247355252,91.073523778988,98.97,100.08,103.25,96.35,92.01,,,,,52.6995006047311,51.7963824698557,53.8468101698301,51.4855489250223,3685735256.16599,7528544842.02605,8496258326.89922,10736432422.3577,1321969.590908,5.61,20.6194,15.37382,21.75347,2.96095,98.8256,100.222321719911,221.803675704023,45.0282630535936,91.6237627559977,93.5080866448889,92.2841393264948,91.2540262024314,93.1851820154192,94.5406317764862,95.8879589704746,94.1555195863596,93.1896221667753,86.1767739139904,90.4807567813664,84.3094134704487,94.267509757233,83.3332705126798,79.900558459981,90.7416851188872,6090182670.39989,46426.3138201157,7593323242.21996,202789621.937639
2017-01-01,100.6471,111.0537,98.351,99.3258,99.1815,77.7594129930214,4.37863999823292,5.21264629887798,4.86556713090354,98.7802761195655,91.6143640453154,97.5310196154825,90.4265328377539,97.71,98.72,100.82,96.28,91.13,50.8300610190865,52.3200454490177,50.366426927632,49.3588286887001,51.5387974372389,49.8267666610172,52.706076852979,50.348629845135,3751414589.11897,7541801381.92104,8506394702.15462,10746947321.247,1349230.21105999,5.83,20.7908,15.94446,22.46342,3.04585,101.0711,100.273610755197,222.593125671325,45.0439553592484,93.1091652920107,94.0491229386015,93.0674756405266,92.0691287470296,93.8872239604147,94.9023928703981,96.1177166615648,94.498879811881,93.7252426448295,90.2718256589208,90.0909279044947,83.0196283292694,94.6913145150478,90.7567006926673,90.3189626208397,91.8745255330883,6158255650.3664,46704.89923246,7626957050.29137,201415967.315135
2017-02-01,100.194,109.7547,97.0754,99.4246,98.8289,76.5464889037346,4.39022629607468,4.91092667520996,4.69355016473892,98.8765424570275,92.241822567056,97.2336921690671,90.6894303576261,98.38,98.81,100.84,96.49,96.88,51.7663675545119,55.5327100733226,52.4093091219609,49.1924064938903,52.4279484290653,51.8290451674892,52.4463227834127,51.9085933010955,3784403458.1664,7571908685.10502,8554935487.05688,10835450541.2066,1357731.45106653,6.06,19.9957,15.10275,21.24343,2.91737,96.6985,101.695421005511,223.337768263536,45.5151909274674,93.6426070806335,94.5807109549697,93.8747802502178,92.9827078442431,94.653478793274,95.2310519574869,96.3817894035437,94.816832545729,94.1605355233492,90.8690320507364,90.612158119449,84.6697743683872,94.5481337172266,91.0127088151364,90.5023532164039,92.3542739722625,6197137059.91362,47544.3614424597,7829379421.99978,219142537.49607
2017-03-01,100.8882,110.0678,99.8539,100.7355,99.1721,76.9618951081189,4.36081158474466,5.07840266923194,4.6357684954623,100.542016025297,94.4105266961626,99.5663020290894,93.5425154794801,98.3,98.62,100.4,96.7,97.57,55.7871545531021,55.6231594047569,54.1067225784163,51.6912298962447,50.8105557141202,51.0248940293228,51.0968650632346,48.9469411113342,3781538726.89788,7562464954.38562,8589898840.37271,10908491696.0153,1347507.69061155,6.32,18.7955,14.09663,20.09709,2.73475,91.7191,103.228398585606,223.516162294854,46.1720202481283,94.13845191979,95.0436394720901,94.5774254825304,93.6591360267462,95.307490326422,95.5134665193749,96.5833949123406,95.1673248406419,94.4606397858562,91.4160075985442,92.0413765681342,87.944706875777,94.6405485713284,91.1580742021447,90.0835558328563,92.8261462619647,6321959398.34717,48928.1325278625,8064180713.21079,190861342.555251
2017-04-01,99.7892,110.2996,97.1397,96.4557,99.2205,77.0632870208436,4.32620535057528,4.76498897925775,4.78987378646499,98.5879793669927,93.1554065743681,97.5144816228507,92.1104131499974,98.57,98.9,100.2,97.23,95.78,53.9783970630309,53.4605090293913,52.3484992668173,54.8345159076905,51.4898982883684,52.0937298445715,52.3057593679205,52.5455525853368,3825415460.48091,7582361145.39486,8631759362.80436,10968073279.3497,1382645.18613073,6.5,18.9594,13.86501,20.64584,2.74911,89.4772,103.822384128658,223.611898418429,46.4528785762909,94.6464819497756,95.5417167798408,95.048187838604,94.2291549938552,95.7323515841651,95.9376701970696,96.7570394248271,95.530388091189,95.3347356946351,92.380006779718,94.1354402824242,92.5617081920962,95.2849866252429,91.1622172922682,89.7364033397532,93.4782113720066,6390064572.41548,48912.3591954212,8070935829.85975,149679028.032171
2017-05-01,99.831,110.5761,99.1405,97.4219,98.6569,76.8750004640153,4.53661562243525,5.4299753885014,4.73967205726413,100.168551994083,94.7542325343156,97.2002019094785,92.2167414483027,98.43,98.43,99.32,97.36,97.63,55.881209633391,57.9953613576752,55.4882703246876,52.0513036890991,52.557458158918,51.570087384178,52.5420131040854,50.5838132362898,3760739781.1578,7567871863.47972,8541806225.22386,10857448119.4658,1378549.96254501,6.56,18.6909,13.835,21.01324,2.76999,90.4324,104.224006639018,223.082802219574,46.8188341163373,95.1405690201942,95.8283090295754,95.5495244660875,94.6531867495164,96.3484580947767,96.0803709063348,96.9622325692464,95.9048654224953,95.2646034694849,93.1978458623386,95.8107088608073,96.2248350534244,95.6328282502851,91.5455670693957,89.6437296001801,95.3316878186894,6387731381.59254,49081.8657373986,8110866158.35496,193944504.028593
2017-06-01,99.9063,109.5067,99.1181,99.7795,98.2842,77.1480142765855,5.01113626788277,5.8505459199597,5.56172571228826,100.619629121646,95.8397236878016,98.887295540259,94.1532500045405,98.6,98.41,99.28,97.36,99.68,55.0310837615339,54.5819509437803,53.9993291985003,55.3953969043857,53.2109645923518,52.021453459771,52.6240485764111,49.9521870491815,3822358602.52991,7652116861.5461,8712061920.79633,11073890695.8488,1380808.67593642,6.82,18.0626,13.91181,20.59678,2.66423,88.0079,105.772895726414,223.620186958107,47.358103906857,95.4871316962028,96.1592002427065,95.9405431387379,95.1268184280466,96.6569053307983,96.3466101597363,97.1628334072543,96.2692907241326,95.5874304881665,93.5384737200669,97.1026220546874,98.1751782261294,96.2475506784513,91.2769262970763,89.3078319591419,95.6070391242035,6532776536.42849,49453.0068467593,8151550662.46932,190098092.653151
2017-07-01,99.123,107.796,96.7922,97.6316,98.2733,76.9512341604143,5.18114389011535,5.72396964989208,5.5263583232196,98.1687634461436,93.825449122186,96.910867392503,92.6577219762652,98.41,98.28,99.01,97.4,98.36,52.1557111054986,57.1138260521724,52.2530583047507,52.4455355872372,51.7884228674294,51.0258220097764,51.8761254130371,50.3748394208856,3856616073.06379,7747917778.13391,8876983532.65046,11199059477.1798,1384003.49221593,6.99,17.8646,14.28096,21.057,2.65468,86.7165,106.824093052735,224.353191144249,47.5825231648675,95.8241583044916,96.4805451577372,96.2744856911838,95.5953122655055,96.8662901673674,96.65064052108,97.3649601788229,96.6922943924298,95.9952278394198,93.8798210213297,99.1190943456773,101.385201330112,97.3590709799947,91.0380305208747,88.6608635780087,96.0092824693003,6538808600.02671,50008.8325661123,8276431168.20662,198536689.968703
2017-08-01,99.7282,105.296,96.9504,100.2226,98.8701,76.6478176901825,4.57760069141063,5.41865970122699,5.42630537265309,99.3618637701048,95.3961914428192,97.3177071468371,93.4568815236975,100.35,98.96,100.12,97.65,103.84,52.9979948307748,56.3617104814561,55.8574130811597,51.9849252903138,52.6244065654732,51.1771204354481,52.76733207474,50.9984257178229,3817954565.72964,7733096251.31639,8839621165.38632,11165453480.6388,1384464.55799068,6.94,17.8145,14.20528,21.17342,2.70068,87.1166,108.276818228476,225.159816959247,48.1009562133988,96.2632599340002,96.7958336841759,96.6559512619921,95.9978761295607,97.2059181849671,96.9068967691863,97.5995256754332,97.187900410767,96.1911526416693,94.73765836523,100.2139700721,103.827930124343,98.1244040321343,91.4866857031191,89.0886691191808,96.4425517927543,6601504022.93452,50124.3742288779,8366068624.69517,197391157.931829
2017-09-01,98.7482,98.1637,97.8492,102.5692,97.3023,77.1096475321376,4.98963388997573,5.63559657966734,5.39617594640471,100.135648832843,96.4313765835235,98.0049720922057,94.3503690101143,98.29,97.77,98.45,97.13,100.23,51.9276101136684,54.5293680500632,54.9527894232919,51.0121119007653,52.9101364009682,51.791222546772,51.950358174078,49.9286080229254,3937179585.58108,7898064841.60402,9004918980.83634,11344074819.9068,1404108.5996762,6.99,18.159,14.52357,21.46666,2.73111,87.4415,109.344508011032,225.664593113252,48.4839566447682,96.5092188766696,97.0159803591775,96.9110813548197,96.2346927391007,97.4805977724446,97.1480423675414,97.7904579085877,97.5335678709541,96.2604537279548,94.9686362959652,100.063506807653,102.645803697124,98.1944004270282,91.940709671071,90.1224368962851,95.3864697957861,6656233209.92729,50194.0820791369,8305245271.80558,178484805.415774
2017-10-01,99.8648,103.8648,94.7795,101.4568,98.9878,76.3591758609567,4.86069245722225,5.52156038791797,5.65010740134436,98.7614934444863,95.4907138271199,97.2316938503494,94.2419763997029,99.14,99.2,100.58,97.55,98.07,53.5884745224478,54.5118924230367,54.9391622621655,47.6587742731093,51.5326749814589,51.3201471220053,50.5602048219663,49.1095407058414,3985987207.39598,8000042047.599,9044233388.34096,11378464853.5839,1414268.29075553,7.03,19.1478,14.86061,22.28612,2.88749,90.5949,107.983466856437,226.038824545455,47.7252650761944,96.8933081885729,97.2954176859702,97.1479191559718,96.4730416506193,97.7668720062179,97.44395795502,98.0172194794416,97.8990746361335,96.7246811464497,95.6239074111665,98.8960430933458,100.463962076528,98.3373435085047,93.7005826438835,91.5659621544054,97.4392886842673,6663510450.8854,48779.4229104503,8292717625.7525,198797732.343965
2017-11-01,100.0304,103.8452,102.1207,98.8631,99.2995,77.0264586355054,5.05012761738645,5.67288632519272,5.52060037793684,100.622141697571,97.8828183112879,97.9896558943384,94.9893014616775,99.08,99.24,100.06,98.24,96.3,55.4769868698849,57.3706079915352,55.7087424659889,55.5864081694006,51.7133671094996,51.9394811230232,51.8288556241014,49.3087763082836,3983350100.30644,8078907373.54581,9154951414.64189,11488251667.252,1423052.46766771,7.02,18.6229,14.46254,22.19943,2.81392,91.0279,109.829637826313,226.459285305401,48.4501516375477,97.3956791239348,97.7363491565971,97.6605505163825,97.0362905104377,98.1644952148877,97.772741043816,98.2387487106958,98.2568441439749,97.0911497526357,96.4733693796588,99.1650612941255,100.22949349608,98.3910492057227,94.8264586751045,93.2317683830872,97.8132498381976,6669519163.45532,48458.0245629112,8376399336.64483,208159738.836962
2017-12-01,100.736,103.7862,98.1849,103.7047,99.2765,77.1293263755536,5.02273844506935,5.62271679418958,5.33423976096437,97.912236613611,95.6911777435219,99.2349331419357,96.4386543072509,99.43,98.88,99.4,98.3,104.81,56.2757517326969,57.0656676820602,56.8728550682027,55.1345847236512,52.8334709226663,52.1595600009072,52.3969562705813,49.5212848366268,4074262938.453,8252802291.41558,9409577484.72307,11637124973.7945,1448807.40784467,7.17,19.6629,15.68706,23.60629,3.01826,91.4899,110.56991200366,227.073437464587,48.5934727121767,97.8405616073545,98.051520716461,97.998040124786,97.4957456435217,98.3984477646689,98.0514633555863,98.4348821688906,98.6111167145665,97.4020743290645,97.2109613291701,99.6109589101608,100.61059838105,98.4959009755568,95.6922166154968,94.2813948871735,98.2924007566323,6551631626.83672,49976.5915875065,8586439896.2502,179002285.375185
2018-01-01,99.8424,104.953,100.36,101.0281,98.5124,77.3771518547819,5.08317367960418,5.64150054271012,5.37824984034864,98.4353597123958,96.3800941330433,97.755635441751,95.7498704843188,99.7,99.73,100.27,99.05,98.07,57.0312035968554,54.7537005638799,55.7893298505681,53.9356932390889,53.2952947592775,52.4615241447127,52.5713032688048,49.5286861434067,4026321227.38622,8195192399.36513,9163650421.1796,11365841978.4749,1451203.53000715,7.25,18.6069,15.16648,23.18234,2.95478,91.592,111.88945011392,228.099977002192,49.1280818569569,98.2450194478993,98.3350003889202,98.427519091248,98.0939762205327,98.7018700244754,98.2458089340664,98.648418712222,98.9394959831867,97.5512714398126,97.9831076603839,99.9250676975205,100.316683413925,99.7873003175968,97.3270636311442,96.9719326951911,98.595810694301,6590382079.16924,49840.003775566,8657122321.94788,185758566.528147
2018-02-01,100.2706,102.4266,101.2038,103.5884,98.6081,77.4376392367355,5.263993001929,5.98191261572354,5.60615951259801,99.6954269643589,98.0468546565282,98.7401761475329,97.0958964384976,99.76,99.78,100.0,99.43,99.64,56.4228904467589,55.3776262679094,54.3150390830879,54.1923938279226,52.6494029664586,51.6576831903643,52.3213402578301,48.7990582533115,4065664434.40952,8249153106.70844,9310444159.89345,11458720926.3268,1470570.6516622,7.4,18.8331,14.69923,22.97356,2.97563,89.4536,112.161024612318,228.738647340587,49.0451657067089,98.6780671746301,98.6411193271959,98.7587538405234,98.5624279722231,98.9625741973627,98.5564081558655,98.8477431221081,99.3679826132148,97.9794338511917,98.7079974604878,99.4682597985091,98.0393611107081,100.879844340942,98.2273890545102,98.2184874828296,98.873589551607,6610950623.02217,47969.5644283127,8454301125.18464,174139200.814941
2018-03-01,100.3259,102.1294,98.1417,101.2582,100.1871,78.394666098497,5.05810991661805,5.74967034197355,5.41223726619755,100.637462071541,99.3140489871335,100.562464023422,99.2845417178031,100.2,100.07,100.91,98.91,102.93,54.7792333392594,54.3242982051012,52.3468932745469,52.9918393610264,52.5907678228524,52.5559595531397,52.1322509423561,50.2198958122112,4131722907.74439,8314681868.98049,9499381054.92582,11737934205.9144,1495974.69235649,7.47,18.2709,14.17456,22.56456,2.90507,89.3864,112.452685867616,229.993254058561,48.9140412085484,98.9361684981469,98.8929695117321,98.9757351321784,98.6907577056575,99.1942070238125,98.8746442766992,99.0315870465794,99.753290276122,98.3119333486365,98.8951741784007,99.4236353849141,96.3654024433391,101.407856040991,98.7371917966816,98.0970700412271,99.1666362398731,6692054706.20692,46388.8211123705,8289810138.48295,165411170.456761
2018-04-01,98.9802,102.5914,101.5935,99.2688,98.1168,76.6918589203429,4.95187759136552,5.98042192504909,5.43389703901665,99.1889985416326,98.0449638706278,100.573648926457,99.4085913859933,99.79,99.93,100.16,99.79,99.6,57.6243794918183,57.6428835316092,59.1189450006587,54.8550931734103,53.4780024700115,51.519507764725,51.6418898258288,48.1452351917587,4154108886.39051,8424395476.91904,9550193110.90174,11815057491.1793,1497376.00598131,7.46,18.7878,14.65073,22.6966,2.97599,87.9615,112.444907102643,231.154355578501,48.6484137413776,98.9709962538633,99.1146061140136,99.2241515440682,98.8899313098331,99.4982386886144,98.970644119393,99.2329822044261,100.149841200514,98.4836583164737,98.9773981857353,99.122161421318,96.5224615422471,100.889704620441,98.6429710934238,97.8411560078637,99.4281501725421,6699518728.31585,47978.3710842659,8602498809.94459,204837639.631697
2018-05-01,100.6705,102.772,97.2827,101.7776,100.2735,77.085773134616,5.83651795145335,6.44912003116386,6.08194794288028,105.210488237175,103.843464924066,100.100058261891,99.223360581517,100.03,100.13,100.34,99.86,99.78,55.6326358971821,55.3323946155225,53.5215792167672,57.1285485918377,52.3472511946704,52.0972228515577,51.7117850512557,51.3861254626888,4172106645.25734,8468932678.88401,9593001359.52507,11860932863.126,1512588.12586418,7.51,19.9759,15.40142,23.31887,3.11624,92.0782,111.128043634006,232.058678845179,47.9534504216665,99.4433779417682,99.3771649780924,99.4647587913322,99.1388629644167,99.765950613992,99.3035840175071,99.4429429865443,100.546036201231,98.8410816193842,99.6483272434105,98.3789776524638,95.1018578212615,100.406852918751,100.201956906482,100.444134832241,99.6766867862924,6753515634.92567,44894.2056925344,8153077299.8328,202444718.42696
2018-06-01,100.4915,100.492,100.0225,100.8485,100.3989,77.011353133863,4.23962520125083,6.12006150769027,5.78198952084003,100.488959431806,100.115606945041,100.442835019813,100.015234172484,99.63,99.79,100.17,99.37,99.61,56.7646430596638,56.1909223262117,54.4493825066837,55.0952182623992,53.2523974490872,52.7489961684532,52.3038567383578,51.7623955210371,4299765249.87428,8541048537.82723,9711334458.00746,11993873227.5317,1542505.33254668,7.64,19.6912,14.97319,22.98849,2.96746,95.0934,110.362033941652,232.627019004454,47.4781616518366,99.9067999885038,99.634308496223,99.6747035241544,99.3850932768706,99.9470252580591,99.5962005041032,99.6808664550992,100.943672311267,99.1966915044223,100.689140985088,98.9955623725528,96.4009410796115,100.153901002783,101.461521462468,102.664481624335,99.9396997681898,6706127474.98011,47301.6114139626,8594753473.5728,186822772.298428
2018-07-01,100.8107,99.0506,102.1918,102.8835,100.4801,76.3789518452087,5.44544175047747,6.29118773028279,5.86566619928083,98.6619833090519,98.7568575155381,99.2820930201172,99.4086934102494,100.18,100.32,100.37,100.3,97.47,56.1789322212378,54.5295134369136,54.6598647489459,56.8530752941548,53.5843044778582,52.2415272605825,51.8997207783268,50.4538900480586,4205950886.0076,8445402917.35723,9633173186.1207,11931743083.7477,1541694.36346691,7.73,18.6457,14.31617,21.81827,2.74465,88.9037,112.744497484436,232.545666409892,48.431899587816,100.348297188038,99.9514401792319,100.059884442551,99.8365226454074,100.270214193976,99.8710343781864,99.9112030200781,101.359641449608,99.4953633720774,101.451457951482,100.38891178484,100.259255457762,99.9749373150401,102.431320223142,104.045617580116,100.152631198777,6765238168.19226,48959.0551208781,8885418833.66728,201214737.445343
2018-08-01,99.9776,99.1003,100.3478,97.6597,101.0029,76.365360121858,6.61570525961671,6.26498625675196,5.93532307607235,101.125823227198,101.817808781514,100.628753752674,101.247438393673,100.88,100.35,100.16,100.67,100.31,57.6888453822291,52.5798357168344,55.7083655593554,56.9480272206489,52.5584902587069,52.2998004490451,52.0058623440864,51.0963996481993,4237940455.30186,8541319002.53179,9757233558.77987,12030681322.6682,1550370.85004248,7.73,19.1792,14.71236,22.31788,2.80208,86.7239,113.92099291969,234.224799687748,48.6433790427431,100.920718015301,100.274077978014,100.388487493224,100.318159563641,100.43550762875,100.149099822852,100.104794578704,102.098237506813,99.8390497555309,102.902424931573,101.399266447802,103.168368833665,99.9035975178377,103.661090625798,105.66159588756,100.383712478313,6723086817.71325,48702.6949072902,8793206137.9577,168503936.235135
2018-09-01,101.0766,98.8042,100.4197,101.2251,101.4722,76.6864682652664,5.5500743952574,6.15373932370115,5.99913335095959,98.1775952724435,99.2927390877836,99.3473934349882,100.42896626326,100.75,100.62,101.04,100.3,101.71,59.4079885727503,54.9397285724989,55.5259086184902,56.3067877094299,52.420766375197,52.0151098306486,52.6053810435273,51.058145377565,4240462846.60694,8562268737.01759,9781209199.25911,12055748343.9862,1557854.16116573,7.69,18.7231,14.48045,21.74314,2.72234,87.7539,114.571563628115,235.08281046503,48.7477429319748,101.347882970822,100.571543453214,100.704384131728,100.785141633917,100.638285403555,100.439202038142,100.352312855881,102.065169968697,100.189907611004,103.571575771796,101.313669307058,101.647737141611,100.648541632307,104.857662014866,107.047252280502,100.534608760549,6800685385.40209,49545.3663396807,8823626782.81454,166948362.686977
2018-10-01,100.1692,97.4454,98.6954,101.2296,100.5177,76.0363260026713,4.93717632598458,5.2898215423912,5.32003970369212,99.1213561232051,100.586178895076,99.7728167598787,101.271474691702,99.81,99.83,99.06,100.77,98.81,59.3804496444625,56.2379233179946,54.6514286907194,55.6061059111764,52.0653216907634,51.9405884313868,51.296266359249,50.1171664970972,4273262443.75201,8624556730.04378,9867528546.54435,12053343272.7143,1575593.55795975,7.69,20.3177,15.4699,22.9976,2.91153,87.4744,116.645555436685,235.550070236091,49.4838615475431,101.667771897154,100.911729673715,101.008982416599,101.134934453721,100.913189292017,100.824790215335,100.554790538634,102.461135921634,100.840472448597,103.738786603024,101.330658638802,102.427784736854,100.940191506877,105.447204735354,107.115800692279,100.798746379776,6682073509.8242,44510.726750634,8230727405.76567,199828791.998951
2018-11-01,99.1814,95.6786,101.7307,92.4323,101.1282,77.6416037208397,5.21904174585635,5.56318831000375,5.65974690698923,100.093023524502,102.001864321894,101.480891311406,103.171026564168,100.17,100.12,99.36,100.93,101.75,58.4915941443685,56.0069501428838,54.5171864888692,55.6761819011611,53.4474092598172,49.3003613767233,51.6248506473357,50.427582219083,4337784301.2299,8708945875.86681,9953391333.147,12150133686.2142,1581931.92103457,7.83,20.3455,15.30389,23.03823,2.92772,91.7177,111.222385800065,235.16974555,47.2818026001941,102.010186019812,101.271269975386,101.46125549225,101.672437562601,101.224407373694,101.05694395136,100.795617338265,102.845259066136,100.922609190228,104.39337105887,103.756742766133,106.046438275048,101.522036577916,104.934427975566,106.0640012621,101.114402612526,6673197105.98976,42959.859100406,8036725545.60019,224902379.468823
2018-12-01,98.9232,95.3678,97.2536,98.7814,99.9161,76.7395921679152,6.29020377397659,7.92338640270667,6.72524295929818,98.2058542656001,100.647325780594,100.982177063189,102.947710910262,99.64,99.82,98.73,100.89,100.84,58.8896398583196,56.8801369530662,53.0224336715283,56.6676327603328,53.2782490762819,52.0874923750313,51.8863918159622,49.8659991274144,4304614926.44132,8673195826.16598,9996116788.36785,12168379916.4779,1579190.63039643,8.02,19.6512,14.39057,22.46918,2.86121,90.7669,108.878586480053,234.724018202019,46.2512316243305,102.590873363927,101.667076022851,101.844092604456,102.126553047451,101.489509923776,101.44400663822,101.008818136241,103.225463266002,101.327886278214,105.607358477674,107.019060975712,111.764171933154,101.83636292408,104.740155187184,105.717378328238,101.371324669033,6764370161.03876,41682.6847455634,7859076818.75438,160056248.004814
2019-01-01,99.0796,92.7107,93.7461,101.7554,100.0001,76.1332605077247,5.74829241518332,6.29790217502858,6.00918008718131,101.739130247205,104.04107135521,101.698941213335,104.036389042967,100.99,100.9,100.0,101.87,105.76,59.3674929272994,55.3458842679142,55.7178489703559,55.4929863190701,51.2073931541185,52.7285428379237,51.8025822811252,50.8253121870568,4285218477.49372,8684847461.61729,10034015263.8214,12280193965.7822,1572911.58972688,7.95,19.0388,14.49614,21.84893,2.83678,87.1595,112.057374591343,234.573401178472,47.785756001906,102.549131438777,101.870011678551,102.020366538822,102.373194953116,101.652976268463,101.696568569641,101.213444077746,103.575101400563,101.713264519437,104.836484303798,107.56928514482,114.024305523589,101.918422930423,103.59967203244,104.675831429921,102.019490619211,6804214794.51879,43233.7665913188,8117303133.35406,177856575.207187
2019-02-01,99.5606,94.1998,93.8629,99.586,100.7538,76.7516513903251,6.09721498594838,6.87363348009786,6.2922058944043,99.9850773954188,102.260133706608,102.583815910717,104.892746092453,100.96,100.96,100.08,101.74,105.03,58.094723025831,55.537992116182,55.5722070104221,58.9489048805459,52.3345400093498,52.4234382993169,52.1485067464724,51.7119668756379,4299300235.334,8732717558.49115,10072402675.197,12316350688.875,1571814.88867137,7.93,19.2607,14.61887,21.92927,2.87562,87.1951,112.875546456688,234.674544755916,48.097961018536,102.631448726606,102.16056279429,102.375070018039,102.888020028287,101.854356529113,101.951512650898,101.440179727742,104.158809373367,101.948188273909,104.022106327936,104.234636652073,108.503441585359,101.820279304121,104.024929624081,105.04502511664,102.267217375375,6891591625.72373,42978.4484222963,8068586310.19464,149783389.172767
2019-03-01,98.3371,94.6,92.4758,98.0173,99.785,76.6852417969665,6.05962986073991,6.83667265607437,6.57054621439953,99.3885651062269,102.070575032017,102.284636709095,105.032819690765,99.3,99.9,98.95,101.32,98.62,57.738319830625,55.2669938248788,55.0856025953031,60.226777618819,53.5257895432745,50.3251619948877,51.7350744392974,50.167598390874,4305435608.54243,8823548255.26322,10081244768.0316,12412690220.7296,1533262.78656637,8.02,19.3779,14.50436,21.7546,2.88149,87.2126,114.04652868604,234.286318157939,48.7078016204351,102.941790914656,102.449984087294,102.669769203989,103.252212918065,102.082113324877,102.24652733964,101.687413975513,104.563296564724,102.070169794599,104.396281119419,103.251625492728,106.11346579866,101.20907228532,105.561611675008,105.985478118795,102.57504137569,6941034652.91385,43355.5390235208,8096900840.20187,133246596.08276
2019-04-01,99.3389,93.6494,94.0911,100.0898,101.048,77.205804113179,5.39565518794098,6.81017131957132,6.07600279158055,100.682399276359,103.973393692624,101.805419956247,105.210364852792,100.18,100.05,99.38,100.7,103.31,56.1144081550857,55.4417092929783,55.9263122912271,58.2468363874364,52.9837445733028,53.3066215256918,51.6212338607887,51.3497798351319,4298846830.75746,8792918116.90932,10094138983.6379,12388792378.0795,1569914.32323446,7.78,19.0099,14.13386,21.30725,2.82107,86.3873,113.897721781945,233.590926685294,48.7872625720289,103.343925391397,102.977577247146,102.986750523565,103.651835022559,102.299734441624,102.908477744015,101.986263588802,104.994625391249,103.42360645325,105.033248263186,103.950506754793,106.625762078108,102.221077588831,105.436706593118,106.056017342253,102.941132815596,7069044353.8338,44303.6110283,8199553455.39381,144328367.159458
2019-05-01,98.4244,91.9936,93.3657,95.6872,100.8362,75.6304137133709,5.96435328420152,6.49174409376631,6.51676992395343,105.140881636444,108.104105009565,101.627146763161,105.038637374418,100.38,100.61,100.21,101.09,100.16,56.0917224440934,53.8424323482675,55.5140680700053,55.7696450995947,52.2258739058561,50.5390283692366,51.4094458442829,49.7839527602312,4350797618.23833,8897293126.02127,10210014320.122,12541953297.4683,1575911.36707611,8.07,19.6426,14.5316,21.89364,2.83246,86.9055,114.044495414837,232.849751557867,49.0326350028525,103.673054705447,103.15130240333,103.313054251394,103.995682490467,102.59159551037,102.955916044043,102.254541943135,105.447994772998,103.111521904071,105.331931090911,104.194355482401,105.600003727322,103.588477676535,105.542394394688,106.470276236344,103.332676846346,7152885581.34967,42829.8991026363,8003917123.09731,169399969.274951
2019-06-01,99.4,94.5978,94.7981,98.1807,101.086,77.716363022023,7.06128461850937,8.78091254678413,7.61488134927226,100.087297979219,103.600062276819,101.730817513075,105.24531268673,101.29,101.39,101.21,101.66,99.57,52.8281519737478,54.8783972455826,57.3604547673872,55.1968078032582,52.9320809873683,50.8412740830341,51.2308249583752,50.1480033241704,4362555172.8708,8911556473.53507,10292058909.2403,12620586270.999,1582007.31469741,8.25,19.2087,14.70042,21.87199,2.79487,88.3376,113.263727012006,230.987227542986,49.1039668497501,103.796234431896,103.45898253285,103.580497412218,104.315995184941,102.809747286611,103.326149993814,102.517120221723,105.88967253018,103.575510426899,104.697245191302,104.975641044802,104.902592026274,104.860671065135,104.28769338974,104.953955571037,103.699028241377,7264841487.88936,42999.3703977504,7977058285.3904,132851660.942947
2019-07-01,98.806,94.5889,93.8906,95.8161,101.1161,77.5109217252554,5.038827828903,5.23609685232369,5.51445218751241,100.395775187674,104.199686097886,100.937706861488,104.804100457471,101.16,101.03,100.49,101.77,102.51,56.2209704119077,53.0803987795845,57.8133558507351,55.9885352319297,52.4620621656593,51.0123199872749,50.8340534538079,50.6837525388144,4336054713.91311,8933158458.22165,10280295183.7758,12592481960.4173,1571858.22480066,8.14,18.9929,14.46879,21.14859,2.75777,86.9879,113.49020047849,230.904418616665,49.1161700217246,104.033983549123,103.729616213762,103.848702649445,104.602756938137,103.042939089693,103.656557852681,102.77154971121,106.374733539869,103.896240529572,104.835457756384,106.558703161406,105.632574876596,106.797452550555,104.069894554712,104.43095485149,104.203588151772,7339507342.69021,40513.0254155598,7687413192.37746,155641502.275977
2019-08-01,98.6352,96.1733,95.8102,95.2819,100.7603,76.4970261002455,5.11964235697153,6.68061971902543,6.37962456363213,102.792983410701,106.700108079909,103.428840328683,107.198290812332,100.81,100.97,100.34,101.71,100.17,56.3067149500866,54.2270192740295,54.7248746780587,51.5177257041984,52.5094996053193,51.4556503683863,51.8241395855084,49.4279907022944,4431673419.41612,9121303589.97316,10574481233.7086,12945431986.0902,1598574.25037529,8.01,20.0696,15.10237,22.10767,2.79971,88.9986,111.669724592032,231.058434580309,48.3549111681806,104.081724027517,104.021226307467,104.133501192011,104.92704745986,103.278204324514,103.923706095116,103.024315987148,106.900165720462,104.193975520197,104.041618795288,104.131001832416,102.060007319225,105.602369883374,103.85273248223,103.714696575673,104.679613622299,7507000866.15852,42261.3254646991,7894896651.88341,191991921.948305
2019-09-01,98.5539,95.8948,96.2447,93.0105,101.0319,76.1595324206633,5.8458598056925,6.52157372559203,6.50058916979996,100.960142220071,105.106415918772,102.894353510779,107.048990470808,101.58,101.69,101.57,101.84,101.68,54.7810588813932,53.6805841018212,54.7015203115896,55.4056961256497,50.6932072764489,49.5653618216462,50.9685593463878,49.5768588266285,4415852524.87095,9104981118.19046,10553693923.8772,12898342774.6567,1603909.23447234,7.72,19.7345,14.90744,21.51554,2.76283,88.558,112.048678641387,230.977513822085,48.5320309203928,104.397984686949,104.325772355746,104.444453844226,105.359375657813,103.526937722375,104.186791279917,103.258749933884,106.839419153982,104.462715750838,104.159091745549,104.279405298327,102.154357670892,105.661000917358,104.012447757265,103.610656541206,104.859088499643,7618614746.12488,43368.6553488923,8077456518.85336,195854530.155019
2019-10-01,96.5156,94.7807,95.4456,91.2671,98.4438,76.2398798446664,5.32884824245311,6.53604011712224,6.13804727757109,102.337015007357,106.990611648452,103.473655078757,108.020787640058,101.5,100.81,99.82,102.08,105.89,51.4725895476946,52.1319126944869,56.3788222143457,54.5618953867662,51.6180451439906,51.2659321244594,51.0201798064583,51.1966745271962,4406320547.95516,9069221909.20716,10588659919.1986,12987292922.2397,1610487.12226052,7.66,19.1948,14.59573,21.38397,2.72374,87.5946,113.309000268156,231.350571780646,48.9450757942043,104.746291221265,104.606770429737,104.800235607275,105.827634301419,103.745841852701,104.432674109279,103.498360283816,107.271378851281,104.744860885111,104.758298416427,105.095034936963,104.464793274688,106.120227613196,104.502360686886,103.738943025479,105.599275135554,7916213998.19844,44232.7871528944,8280705494.93954,158089625.6683
2019-11-01,96.9231,96.8292,97.1656,92.2894,97.9406,74.6262153875579,5.82971734392618,6.09518395589281,6.31984418344507,101.17036685551,106.199725702703,103.498667406796,108.518968809669,101.68,101.62,100.95,102.45,105.56,53.6088934771807,49.3280024423444,54.4729756063168,53.7616808536082,51.7823832205708,51.3745245808411,50.952119325482,51.1297169421971,4501514196.99582,9124750088.33369,10669975474.9108,12979925800.3631,1637014.92912736,7.47,19.5352,14.70805,21.53853,2.77791,86.5842,114.005838840201,231.347318955426,49.2783966463719,105.087797309006,104.966330744183,105.138747131598,106.30407977763,103.916530189071,104.764165224111,103.694625018349,107.684494504433,105.098049769503,105.594543231914,105.87169353537,104.24383087853,107.061302851819,105.214048070018,104.568562285778,106.24587741092,7963763476.31646,43869.3442026438,8232372282.381,122871870.123328
2019-12-01,96.1602,96.4856,95.1025,93.3889,96.9706,75.1346269989938,5.56924486163924,6.25202856145011,5.87657382168704,100.802010075899,106.274452596629,103.115009924847,108.177920138783,101.14,101.31,99.76,102.92,102.77,56.5128766539553,51.4296958315422,53.0087297954555,53.9452808232445,51.4223196612851,52.174162223342,50.8509622037961,51.5058193464461,4515701845.26968,9176763773.94059,10679629678.0457,13083825976.1093,1653821.49883035,7.12,18.8642,14.54618,21.17506,2.7089,85.9857,115.36722026287,231.147249799442,49.7298740728656,105.537509440797,105.334582087061,105.482053190755,106.704358794856,104.124020448101,105.14169580548,103.947410491257,108.091572390545,105.408614638574,106.513149400997,107.305845998138,106.403313678859,106.98862736081,106.004682319801,105.685338799936,106.459432734981,7912135567.22184,43135.7830989577,8101013468.06097,139242525.591824
2020-01-01,97.318,98.4326,95.0901,92.511,98.5898,72.6679858700775,5.72542023607777,6.44999365275259,5.88523051104925,102.364236600791,108.210246073983,103.460280672563,109.382905712645,101.53,102.17,100.99,103.4,103.72,52.3963275807154,54.5620914112439,54.377406459322,55.1226467338045,52.2690960040148,52.0528179047488,51.4057450721431,52.2212130507342,4522042288.52249,9246637892.69377,10739063390.5322,13153162943.9271,1666429.01346486,7.12,18.9082,14.2946,20.9465,2.70198,83.9781,115.79578692935,230.907314018657,50.1362758797461,105.939499075213,105.671024668893,106.005379109185,107.629890376171,104.342927766122,105.275319686759,104.180981052157,108.43259069099,105.567040052892,107.027376843065,109.40160077171,112.710846002284,106.566206383521,105.825905459026,106.054239986805,107.221705566717,7992978776.51745,43241.3001457681,8155075212.0873,155541870.567172
2020-02-01,96.759,97.4428,97.5834,89.5834,98.2759,74.8228453420704,5.48579053826653,6.12089580191459,5.64711485984492,101.860366095356,108.145906926638,102.63401549675,108.902274981156,101.46,102.33,100.95,103.39,101.49,53.6702118137243,53.849863109125,54.8965249366787,52.3511765014596,51.6573054015831,51.4900117009635,51.4226099981017,51.6917175053064,4592813690.24528,9378631686.21683,10916567200.7085,13334034386.5813,1662394.6427774,6.96,19.776,14.72719,21.72097,2.83192,82.8067,114.348274833175,230.234932664297,49.6448075992052,106.466713402694,105.927927809194,106.333893332668,108.077157261278,104.490536232501,105.511770688944,104.428483542253,108.882331643001,105.77033635114,108.153069066303,112.413211756121,120.674974801294,106.928020263098,105.190469743009,104.744102018622,107.278334607058,8028134719.65058,41150.6277252438,7842289346.1857,156013639.750976
2020-03-01,93.5628,97.1504,94.1209,89.8016,94.1305,74.2908636573761,5.0720116302626,5.62465937723343,5.57400800362034,99.1415148357789,105.184028291065,102.671598783958,108.885440937969,95.62,96.64,99.43,93.68,85.32,50.3254867415191,53.2074987902957,51.9100271513573,56.3735554548853,49.8468341961961,44.757198480463,45.8473362657013,42.596556871188,4861204809.98461,9737978273.91558,11198895814.2263,13473071371.3396,1738250.08853649,6.81,23.4847,16.48626,25.76741,3.31369,96.9691,105.057452760946,229.02871270346,45.864048999595,106.289218883494,106.174979209858,106.632998349345,108.529395893238,104.701174798932,105.693806634672,104.665349605736,109.344108768851,105.643407335806,106.796547074868,113.802392964143,121.063211752933,108.280256185084,102.066135959312,99.2533283947125,107.680096862236,7948239631.08823,34382.4835832331,6794474487.90293,184309620.047163
2020-04-01,69.8629,90.1488,93.4876,57.6495,67.9223,74.0485055956744,5.94042316370934,5.68282364971247,5.77136230422447,100.637971661166,106.135001985197,102.327607721103,108.074420743471,78.42,77.94,81.23,74.3,71.99,31.7463470346424,40.2274374414354,31.2129453811053,48.736346379758,31.1339848994326,26.6050988906777,33.3024340708384,25.9123547059179,5115471690.93,10122735628.3584,11588110433.0983,13840587046.5828,1785772.85184442,6.09,23.9283,17.22838,26.1967,3.39064,106.9283,96.2604109957468,227.293419941747,42.4524740396777,105.551073592,106.602224381651,107.264003573946,109.691185654904,104.725438613208,105.827184618671,104.907034621871,109.79212393664,105.954684849743,102.892214293644,112.873271607177,116.872086735749,110.144437918689,95.3058965504258,89.7502394342106,107.91999520653,8015922541.94255,36173.4538093871,7091250834.16273,152396397.113028
2020-05-01,69.771,86.2302,82.555,58.9391,68.4913,54.9942134329847,4.83506981408327,4.99655272600397,4.99021198149089,97.1827644352672,102.747842340799,97.8306788834966,103.948500966883,77.15,77.11,80.59,73.18,67.51,43.0169044504156,43.5468318723323,33.0745825174833,43.4878835749815,36.4314439886503,37.1941798211042,35.4791266750175,33.23952303454,5169762984.11567,10084812453.9368,11603440814.6901,13837566197.365,1851216.82697273,5.47,22.1778,16.05007,24.67502,3.09602,103.9322,98.372815547395,227.561560888414,43.3118436656649,106.582466955499,106.933760889003,107.813079358289,110.847094730663,104.580960878514,105.962083290828,104.988570154181,110.219578584166,106.045033905972,105.527475154412,114.304342102182,124.209205187205,106.953402547239,98.803433530177,94.0801599960974,108.158084247457,8285637239.71125,36047.1758376598,7093082528.67437,142707642.359201
2020-06-01,84.8887,90.9972,84.0142,72.5158,87.1355,54.295482033205,4.82874274686649,5.02266758539734,5.01658157010553,99.6349267872397,106.409886824638,99.0914385488289,105.879031868237,83.52,83.44,90.44,75.21,71.57,56.5211185739418,54.1332714662286,44.3735748259857,49.8575988460069,49.2646179319094,46.9728318651739,43.8914010830396,39.7865975574123,5188024512.64581,10097970757.6222,11610737385.5442,13846361861.5772,1866643.44641142,5.06,23.0893,16.95447,25.92582,3.26714,98.7842,103.85925078266,228.572405442706,45.524385334076,107.203404737533,107.28704474116,108.429913612654,111.133593013323,105.555138654777,106.06066617751,105.069408391988,110.635106320758,106.110099404042,106.741661785972,112.812775876206,118.068551574559,108.394204886385,102.374421238139,99.8757929101226,108.012195423274,8412659150.04933,37749.0945165742,7326613574.52261,166929719.781997
2020-07-01,88.6183,93.3448,88.1054,72.8063,92.3157,64.7738588176044,6.01287433735144,6.18291258150855,6.67703072693857,103.090005654386,110.820910958013,100.42773770178,107.981828855876,87.18,87.33,95.57,77.91,80.11,59.033297456587,50.0862383782887,46.8501396858988,47.4287440678077,49.781677987168,49.5430237137143,48.78907164643,42.0120172137773,5266880685.22686,10191014023.9746,11731843751.2441,13950786040.0368,1926437.89069271,4.82,22.2012,16.56654,26.26069,3.18143,100.4334,104.212033398696,229.086146336976,45.5461540167904,107.732377571653,107.687589008995,109.192771167354,111.751243047923,106.504043684186,106.148564033686,105.217752481296,111.012337606334,106.015065786446,107.624053333939,112.250355660648,114.159893633044,110.105108029146,104.857575596213,103.513416082499,108.359953386059,8489535626.47837,36948.0905429487,7269936278.09025,145246912.260194
2020-08-01,91.9835,94.5908,94.6312,81.089,94.9167,67.8932345353313,4.70652263717713,5.06056291387863,5.12991467346534,100.798613590021,108.801938179357,100.605897049272,108.349644534641,89.2,88.96,95.5,81.45,88.73,53.3664899476244,54.2694887645586,51.9079403091783,55.8549533671496,50.6347234079962,48.9747889096354,50.4737620356863,45.891525421266,5294568651.91098,10208261211.9432,11793211189.1551,14021686430.5129,1950172.2310517,4.49,21.888,16.80123,26.17914,3.19565,100.4672,106.60457641415,229.83181694244,46.4406523356268,108.248316891234,108.115173790915,109.69503386772,112.300923123838,106.960283732782,106.451438098612,105.37156349323,110.289224232385,106.724950974186,108.371267599598,112.481243109371,115.341852856238,109.895697815683,105.306010871338,103.597058409407,109.108483204599,8568141451.76454,36958.2919483034,7213630606.93761,127067271.048064
2020-09-01,94.2697,94.6101,91.1165,79.8056,98.8713,68.4904249550623,4.12532747147038,5.69501099641096,5.37947192623696,101.610526738228,109.960340780755,100.814723427382,109.005315939738,92.82,92.81,98.61,86.15,89.61,55.3147400513966,54.9866797604907,53.3549937235685,59.9116151006215,52.392255701031,53.1423607276364,52.1504743373508,52.730660942586,5323764697.00488,10194002505.2592,11823535820.6537,14025679195.4112,1953133.31975978,4.38,22.1438,16.57463,25.96914,3.264,97.5568,107.807178227058,231.044556768454,46.6845188096279,108.556283457463,108.46851443076,110.044904214007,112.688818901357,107.354747145084,106.730129446319,105.523949808628,109.063856302531,107.312252089814,108.300279179106,112.598704667267,114.783666688102,110.465765196685,105.240512602039,103.155917676764,109.507651010968,8675574180.8092,38211.112058486,7371363039.03557,160056018.024503
2020-10-01,95.4932,95.378,90.6299,83.5424,99.4283,69.8303300084746,5.4167074764387,5.61106635661537,5.56254114704975,105.084055600877,114.365748556268,103.015444059517,111.86001302539,93.68,93.68,99.89,86.26,90.76,56.4630864296098,56.9121760137925,53.1238725242076,56.9776836198073,51.669689567729,49.2844283603303,51.1440872375636,48.8287250874977,5412671088.66977,10208876741.9011,11916407895.7002,14099319204.2414,1977829.53568744,4.2,21.2508,15.9381,24.81775,3.17699,96.3548,109.524956509404,232.481673291221,47.0606531179289,109.010450212881,108.746648015213,110.479074009194,113.136368846467,107.698075135239,106.945765882339,105.687814060189,109.477740980193,107.56451145982,109.367665450885,115.111333815728,120.866376163991,110.781665565953,105.291103716594,103.098894348575,109.711027216275,8789094030.04311,37845.0086296254,7337978856.16496,135736308.130091
2020-11-01,95.8663,95.0132,88.2992,86.4082,99.4724,70.4732922828776,5.13370969172696,5.48394695438086,5.38482249857522,102.274299640788,110.968187274245,103.779116601451,112.547369164002,94.96,93.75,99.21,87.26,105.26,54.9196194892255,55.5983375318417,52.3865432438661,56.4211123282892,51.6374219105347,49.188137671049,50.1331352391116,47.7032134596432,5374435616.24734,10129862589.0784,11898990338.4314,14226060906.8921,2010835.52544001,4.23,20.1398,15.5439,24.09425,3.06125,93.0226,112.083572764192,234.357349320292,47.7969193309287,108.650275566806,108.823863576242,110.397398750073,113.551686733634,107.123545498869,107.108359518304,105.860276628322,109.920503186994,107.592662472713,108.22211277684,113.45339127113,114.092148162475,112.766777189564,104.189189526723,101.682581169353,109.921687128732,9032920683.49447,42582.6186930063,8092984078.90845,165152907.861025
2020-12-01,95.409,94.7777,87.4252,83.9639,100.1318,70.9733629156522,6.3600228110997,4.79681927990084,6.53474086547326,103.798255046078,112.913936115844,105.495368482549,114.300848404253,95.31,93.73,99.09,87.52,107.98,55.9205220021097,55.8337129128471,55.7555522930056,54.4001272886278,50.2127968358201,47.0594845045118,49.0108640130433,47.1366368805845,5429868625.20066,10204489134.4204,11996742159.1761,14276157703.0295,2021073.7405093,4.27,19.9087,15.62833,24.3563,3.06395,91.5894,115.508352716067,236.86861315183,48.5416283473729,108.943959071724,109.37173655162,111.308386223029,114.005747386061,108.438334198163,107.219867091328,106.030604020667,110.357398412705,107.403180967062,108.035411538422,111.809737763162,107.23966719818,114.810345664188,105.344347810371,103.627427277798,109.991859780284,9145974989.63869,43260.5872277878,8223649892.46386,171908969.140971
2021-01-01,94.6586,93.8673,72.1052,84.4387,99.6381,70.6819226938263,4.26965715629847,4.99426334549044,3.99931172262875,102.935447312851,112.783139346595,103.46968274556,113.317969114933,95.73,93.06,97.48,87.59,117.41,56.6551545359396,59.0880380954608,50.1116165640061,58.6827033051442,50.4319589930905,47.7985058704335,50.3234595568427,46.6306804438414,5550260617.59902,10436124714.2787,12253637706.4387,14476232765.2264,2062080.30649278,4.22,20.2248,15.82995,24.56504,3.13889,91.0246,116.220393533214,239.388908194682,48.5091143156705,109.807036293171,109.736687547058,111.728968719546,114.47015316413,108.888107845716,107.523541316911,106.198889402031,110.13935119086,108.12886843818,110.144276272747,112.510701912132,108.859522788706,115.647402270275,108.750682406188,109.326727085592,109.992244490498,9299355233.7462,42079.5672807999,8054450975.53274,169008184.866995
2021-02-01,93.6588,95.8784,69.6291,87.6643,96.7759,70.6827945289574,4.36900791672055,5.06063018278805,4.43840257908813,102.34608491276,112.802833019632,103.427742597871,113.950239164111,96.16,93.68,97.93,88.55,112.23,58.0688297683893,53.2322853885143,52.4415730557751,56.1365951600647,50.4552446578611,48.0729984103686,50.6915991639851,46.1420969983312,5567965461.62254,10393116806.5314,12321348554.1577,14445777345.3443,2075561.55679209,4.12,20.939,16.5439,25.41262,3.23089,91.9603,116.201150328249,241.272037369922,48.1221621150157,110.492597540498,110.028487274487,112.226454515031,114.929970463401,109.348240973107,107.688787452584,106.361212877714,110.10747968527,108.35941898408,111.995371423053,113.204854940124,110.22990212704,116.570368230169,111.106906806154,111.866718569918,109.888080950231,9256736320.23295,44147.7485825729,8318561392.83868,169392188.033105
2021-03-01,95.7884,96.1251,72.0868,86.5981,100.7987,70.4899968853476,4.96964099285075,6.55070787977874,5.5921286435274,103.496371908338,114.997389670481,104.062466713768,115.522129828442,98.1,95.09,99.71,89.99,120.18,59.6879430875332,55.7891863930732,55.9306636922972,55.5621217555406,51.3826667276404,52.6001638436605,50.5949504759048,50.01136090862,5678525390.6826,10501962242.2835,12404318781.3584,14480126272.1219,2136826.56973124,4.05,20.44,16.26615,24.0262,3.11506,92.9219,115.970481793879,244.662187066303,47.4343444379998,111.25154106134,110.563116933361,112.826203040911,115.571842594459,109.989225456035,108.128484451745,106.549463702051,110.558170138918,108.843237349105,113.663779828753,114.763134582687,110.856867813926,118.099087313801,113.146740884091,113.686269439021,110.000972492314,9106434726.73391,46629.2552024786,8701734587.57247,177399890.235793
2021-04-01,95.6078,96.0207,70.8183,87.7184,100.1649,72.4724774921315,5.8695120949435,5.02930780861942,5.72535468104838,102.578801657,114.77622930471,104.210408011599,116.768881557004,98.16,96.16,100.49,91.31,113.15,61.3384986320495,56.6166723695987,57.5905204152373,52.8637262684209,52.7651492278447,52.9693027095261,51.7796901424606,50.6647963980577,5701829281.38746,10527222115.8422,12466205397.3638,14549095862.971,2138636.25739677,4.07,20.1822,16.41015,24.30038,3.12017,89.7769,117.451117760792,247.878790939756,47.4337035717309,111.945601623949,110.997496763066,113.261586827679,116.1158904338,110.271207285549,108.478739016242,106.730806128708,111.040918206908,109.643175743392,115.48695498714,117.605604081527,116.268756801743,119.085748205088,113.554660806289,114.701754400701,110.288690312889,9255148297.63056,47522.4392536245,8867428243.06899,160404966.336225
2021-05-01,95.095,96.8565,70.3535,88.1224,99.2806,73.5528653061242,4.35004420428204,5.41489884506489,5.12833406926028,101.191360199859,113.289283988144,104.317058772227,117.305149757605,98.45,96.55,100.15,92.46,118.73,59.9976806372784,57.7575914172244,54.1328858559367,59.5850250544215,53.1067872073914,53.4045053799524,52.7952514198608,54.6127003699367,5733227763.52191,10534465597.742,12501445211.9677,14587320585.5412,2147188.08768509,4.06,19.9213,16.48886,24.35279,3.12565,90.2474,119.728868408802,252.408446404829,47.4896783567488,112.758910523981,111.606747605114,114.038249730699,116.923731922848,110.944224116244,108.961310352159,106.949779631573,111.498160632308,110.371499094939,116.743049452094,119.674375099639,119.690337296489,119.966459226314,114.015433041488,115.398251284781,110.568342234794,9283397192.4119,50587.8124727047,9339570210.56063,154107885.394004
2021-06-01,94.9276,96.1323,70.4314,85.3157,99.7872,72.6783328486808,5.65660954138525,5.24941988708193,5.91905216681031,101.321904337739,114.448696978027,104.103896384464,117.699382201703,98.74,97.2,100.05,93.99,115.0,59.7831675361325,61.9759062761248,55.5735178319973,58.0147128767477,52.7242218059487,54.6992611925216,52.010239213358,54.5685937042343,5777838575.53148,10607065141.11,12538195464.7343,14575872062.3563,2170140.20157429,4.02,19.9062,16.06828,23.60079,3.08148,89.9775,119.883378053183,255.648469287936,46.9708181205961,113.450040608863,112.193244035528,114.729595745507,117.679876641009,111.543080069228,109.483149349005,107.150453690783,111.968688772955,111.203671589106,117.215762962636,120.437347755569,120.517291427095,119.953716934368,114.822879157909,116.793661660688,110.894158106639,9237046349.59758,50597.1404345363,9392751071.48443,168077777.903284
2021-07-01,95.1301,97.1323,71.234,85.113,99.8486,73.2660120012804,5.0436258111783,5.35287103734736,5.48747220942681,105.03489703999,119.502165348752,107.907813774653,122.730803870515,99.1,97.7,100.26,94.67,118.78,59.906451313029,57.172036224675,57.6547554698715,59.1668282364219,52.6525292443141,49.3133601586012,51.4646489684803,50.8924233866127,5884900483.61638,10695914795.8961,12719228975.3479,14697322584.6681,2190043.539748,4.32,19.8455,15.90021,23.52982,3.0701,88.6602,120.756482220926,259.480433526578,46.6268733034731,113.966283580065,112.70128855212,115.439418799345,118.612124956591,112.120671061939,109.819211371234,107.405952381079,112.462756893907,111.518616081643,117.538342419101,120.793737797945,119.618695241437,121.099168542318,115.750452845868,118.108651061192,111.092999727793,9246404068.94441,50966.7186177243,9475087298.96743,147195248.53917
2021-08-01,95.482,96.4496,68.5951,90.1369,99.7013,73.6890683936731,6.01470577508557,5.82735287134796,6.06366967311373,102.935573124491,117.204259451457,104.427148198591,118.685038984194,98.48,97.6,100.12,94.65,114.86,60.8440742773627,57.1589062638633,54.855333939907,56.6895620556117,51.961964231231,51.6161107904722,50.6161181214851,47.8350776645908,5916054658.07289,10791698013.035,12839287329.4633,14803654419.8426,2216012.05481943,4.46,20.0605,15.87588,23.68042,3.10938,88.9753,121.226776925429,262.582952824297,46.2167697463725,114.271546059261,113.270379379998,116.271114821601,119.664522092574,112.756405166063,110.084300569318,107.644438750341,112.478834841065,111.908778940974,116.968810218883,122.430157429245,122.187388214513,122.594533082128,113.134598515314,113.848444057443,111.265224072708,9278995905.22985,54098.3966792126,9984775821.61538,168587961.768823
2021-09-01,94.4612,98.1805,67.8799,89.4442,97.8166,73.4691240546655,6.34494298891974,5.16482636592538,5.48911599889455,105.831061392082,121.287196132264,106.412375335793,121.86917190176,99.14,98.03,99.75,95.99,112.09,59.3694307415147,58.3335696952742,55.5502328291861,57.7843251431416,53.0369337614047,52.0002192637663,50.1836786904819,51.105048733947,5992138537.81597,10849163139.3451,12939566371.3654,14885277910.1005,2257980.42755286,4.55,20.5623,16.22982,23.82862,3.1851,88.4074,122.013669700921,266.043121439263,45.8689055598482,115.013196432664,113.814458548244,116.94700422611,120.451638054926,113.370724697478,110.39904062202,107.90746565676,111.204514928186,112.43992526606,118.311425895162,123.994933823,124.875720791107,122.915840620735,114.208247425054,115.228694146952,111.548830219464,9344836521.13152,52869.6712450489,9745807764.47007,171726995.384436
2021-10-01,95.4647,97.8172,69.0899,87.5608,99.8267,73.3715321479399,5.49625035495431,6.53218318839229,5.82620588278293,104.814178008572,121.152548751102,107.137294123897,123.548791981526,99.77,98.84,100.61,96.89,113.9,57.7125951882017,55.1608137852385,56.0406836989039,56.7076053244771,53.2302009854147,51.6889393226282,52.0425841804224,50.4182706750891,6027987927.22132,10966271240.9267,13097711333.0466,15026317579.1431,2290286.08338511,4.84,20.5297,16.56336,23.758,3.20674,89.7787,122.614881465251,268.968726753256,45.5485089062613,115.799702051638,114.397826135079,117.763145830193,121.262106965112,114.084966373588,110.859277761289,108.182456030384,111.699473749868,113.061195384298,119.674675136726,125.262237210241,127.121253809125,124.070724011969,115.668088907514,117.011297610134,111.806298034368,9517385844.77559,52519.0398781492,9763387634.1966,145315188.315601
2021-11-01,95.971,98.2622,69.0071,86.4756,100.9033,73.1849834025861,5.39547641705832,5.35532360420647,5.48310422254792,104.680691133014,121.995493877146,108.246388794653,126.149030726901,100.13,99.56,101.5,97.2,112.9,60.6505516471985,58.2644272666939,58.3506910837778,54.7835031652554,51.8388484686368,51.5694930361408,52.7549287501326,51.8700326022191,6094896151.27396,11126732257.8866,13254401891.2369,15113384643.1542,2310265.81305377,5.05,21.4453,16.72304,24.1517,3.36262,89.7223,122.851137636853,272.546384381309,45.036294559538,116.734953781431,115.008389422436,118.417045659528,122.196685437172,114.516585162101,111.319985763868,108.462924416178,112.180215387486,113.640649170122,122.012603183092,129.696109087777,134.21950296409,125.664003324824,116.182398846691,117.471724581799,112.126095476489,9335711899.60492,50390.229435737,9444538353.33326,171331885.964367
2021-12-01,97.1807,97.7792,73.1723,87.3564,102.5391,72.8585887421527,5.38200717220428,5.54070427278619,5.4482476911254,108.511095147122,126.812478809132,108.36393259521,126.166602104335,101.01,100.38,102.47,97.9,115.08,57.9419999638497,55.128102213739,58.1031385493088,54.8573419270703,52.1786962208617,51.3097434701263,52.6177272021656,52.8292353094191,6134902613.95253,11204212512.3875,13347879585.3721,15161652489.0496,2339208.02799965,5.29,20.4672,16.19979,23.27632,3.21744,89.9472,121.722806195881,274.242096047914,44.1945915126317,117.054166258594,115.880758989679,119.535421917936,123.250521941626,115.6278422271,111.855180894285,108.729892476222,112.65407117975,114.287040651637,120.95389317968,129.678318065007,131.270786247728,127.644858964283,114.693141361174,115.895583366385,112.556955915549,9273807486.50312,52139.2153666291,9765878594.66529,193963177.01357
2022-01-01,98.4089,100.6928,70.5619,88.6985,103.2842,74.6282352498018,6.23522163546574,7.17727133005877,6.83127090924097,104.756751085635,122.98962752082,108.151221378991,126.881803749698,101.33,100.96,102.74,98.68,110.8,54.8900390095379,56.5377466770319,52.8378007278561,51.1237213338564,51.3795783812846,51.1813122760138,52.849808898952,50.4551363901232,6246973148.65937,11219782057.0532,13338810259.8859,15126896497.2715,2383962.63767219,5.53,20.6352,16.22339,23.13103,3.2356,87.707,124.457949156953,278.760906913281,44.6003935538633,117.667368091208,116.540578940881,120.49160692192,124.438294012112,116.366380976564,112.200159316578,108.97106341334,113.140235053757,114.858619564649,121.150078388776,130.016432392887,129.720525186192,130.567083094354,114.91717609101,116.865629592775,113.061420802457,9203355251.11868,50294.5529487205,9501020055.07105,166118524.369122
2022-02-01,98.3662,96.4058,69.574,90.13,103.6168,73.8199166084319,6.86478442967015,7.29496469013395,7.17848392206288,106.516526834084,126.009327171441,108.650200023877,128.512804472892,102.15,101.39,102.84,99.6,116.43,58.05766799142,55.4573405738023,57.9903201287992,60.0313418747313,54.0704844999077,51.2133215334038,52.5887367699133,50.4738577747298,6346041522.38563,11353857733.0287,13486885398.9407,15257270652.4582,2420333.83443222,5.87,20.4257,16.10566,22.935,3.23747,87.6275,126.275763040057,283.066384055719,44.5724342993575,118.542864696495,117.260537763746,121.544808203772,125.679978325542,117.170404668197,112.651576524092,109.251003277535,113.589222609236,115.487307280643,122.584692609194,131.787241227282,132.108654249343,132.335312558015,116.130133883271,117.265286938651,113.513657507896,9145524896.0906,52757.625846462,9908844554.02823,182886982.283548
2022-03-01,99.2976,99.419,71.2819,92.0867,103.863,74.2718750400714,7.68563943841102,8.23901552506807,8.70416654435855,106.612603411416,127.338472019178,108.353343399028,129.278356272316,102.87,102.82,104.27,101.35,110.68,59.2081493432147,58.228336174444,58.0123424048401,60.2944085295881,55.0568693954415,54.0165351210085,53.5998796528928,52.3829484722268,6340846595.92167,11359095332.0388,13502260462.9543,15287494953.1716,2462750.43750295,6.31,19.9112,15.94091,22.14424,3.13601,86.8872,128.669935350446,286.580053379395,44.9550870237465,119.580417229744,118.037843929946,122.62936488794,127.161238852106,117.886393225344,113.102321538995,109.456549934236,114.065901532057,116.01851777087,124.630813275469,133.712889312573,134.338162814951,133.427738895594,118.532055019314,119.85235022973,113.820925403141,9194293997.09238,55462.1967952778,10326693851.7841,221071140.261404
2022-04-01,99.8831,99.9201,72.7292,93.1344,104.5807,73.9647144456079,6.02646905993208,7.64485214385867,7.54223486846274,107.531071985253,129.47968831349,112.394800422525,135.473095723831,102.85,102.74,103.96,101.43,112.85,57.734319870513,57.964112473652,52.7000228129601,57.9725866784473,53.3306009480107,55.4560280516281,52.9902498886348,54.7150918024099,6430729765.46649,11519612371.6677,13654249493.1236,15384378355.9275,2462728.40458661,6.56,20.3728,15.94172,21.49127,3.06611,83.1902,130.056509638574,290.552586574317,44.7678086616752,120.517155082825,118.978833808728,123.796205982901,128.682268404346,118.657771773025,113.683785848682,109.678694331053,114.587280653982,117.223648722082,125.836619813052,134.584220902885,134.726683010695,134.781543531877,119.370195644327,121.471236537678,114.020000701858,9096242764.02974,50619.6859633402,9694928043.10484,174545184.605217
2022-05-01,99.6863,99.7909,72.3965,88.8244,105.5328,73.7372245973295,8.4534398900879,8.22287741540729,8.9818441661338,105.311748944202,126.955783415598,112.005588954371,135.499642024277,103.39,103.15,104.81,101.3,112.75,57.23764078376,55.5038751729923,59.1900289869777,55.898151201231,52.6159399235161,54.6211598301817,53.1515354616962,53.5739052470603,6444279122.84243,11559620960.7566,13712239634.5905,15455549986.2335,2463302.18086036,6.91,19.694,15.57205,21.09523,2.94819,82.5499,130.143552124884,292.148646002792,44.5637136456741,121.283509005373,119.724238289123,124.89731193281,130.089294311664,119.389688332598,114.13233811201,109.999103884855,115.13551241388,117.779295035764,126.674452434621,135.252396007389,134.722036336178,135.830786674223,120.005327770405,122.546320681089,114.320013695304,9154322030.81541,51221.3634444032,9823488758.86442,236330225.610662
2022-06-01,99.1472,102.3011,70.8587,89.0877,104.2886,74.9855227755536,6.74028018866218,7.60024038198141,7.02323121202374,108.438730273915,132.105422077452,112.437440945833,137.195902260151,103.26,102.56,103.82,101.08,116.03,58.702614950733,55.2587688439068,57.7976617975208,55.7782077567274,53.0496510290466,54.1350513032918,52.5020008599289,51.1971433924819,6487629273.64035,11652686721.5854,13819335865.604,15545344766.8772,2475190.03669428,7.31,20.1335,15.61152,21.04756,3.00392,81.4965,131.164541045633,295.883075977152,44.3680837953696,122.464193505659,120.613434791844,126.12084313883,131.664038614955,120.184349845272,114.706020703933,110.329753316157,115.694431526816,118.580373662456,128.122144738507,138.241125800769,137.119542386944,138.783325243214,120.745969938308,123.362134586632,115.421735774747,9177521739.26992,48002.9941710971,9398497868.74241,168856847.572134
2022-07-01,99.8211,101.1806,72.0724,88.0558,105.5996,74.7783714525434,8.71195411677159,9.02182019943989,9.20492939843078,105.977354806822,130.479286796014,113.135345651325,139.167345585539,102.91,102.34,103.39,101.14,117.99,57.5951928004751,57.2237977709092,57.9490286319721,55.5938007393653,53.2105294838915,54.2711931534502,52.8992582669613,53.0571432966455,6528698289.09801,11809988796.6573,14068646066.8126,15779280364.623,2504514.94462113,7.76,20.3485,15.87997,20.73919,3.01361,81.8928,127.77318939903,294.307759664731,43.5435375929549,123.260820845972,121.346212000584,127.076128036221,133.033655274616,120.841804086591,115.222563398173,110.63941464886,116.183012377875,119.245591362191,128.780588443031,139.876030577816,138.466658180103,140.380651264908,121.228075600209,123.444298284594,116.53038867992,9290402805.67618,48406.8311388081,9529047714.60372,154348143.18324
2022-08-01,100.2541,99.9398,70.2675,88.4643,106.8304,75.6419009931972,5.19692073672185,7.94489950411266,7.73556998616884,105.417118767585,130.404100877578,111.122981592459,137.259248676785,103.19,102.65,102.86,102.39,117.0,55.9827684428836,55.9482441426338,57.0817100192221,58.1284677004766,53.1085711819546,52.6842877016023,52.8014163675223,52.2433764595393,6520530337.9362,11850746558.463,14082728866.4246,15778798000.7646,2511391.8758569,8.25,20.0962,15.34747,20.20874,2.91596,80.0359,128.801918842069,296.008825804923,43.5621802848968,124.154562333877,122.408662527468,128.569204505267,135.228771623339,121.685486584491,115.805658758225,110.987799608367,116.677732294231,120.092922506239,129.264584488064,140.479492260887,140.68392934163,140.582087272075,121.228614684767,122.961769196929,117.004326650692,9329271538.70598,45904.6037491798,8998763821.6426,176764452.432647
2022-09-01,99.8356,99.9929,69.952,87.9085,106.0113,75.6668115717186,7.49713233833188,7.95443467411662,8.02997029626669,108.375209804032,134.968147287421,112.338034771958,139.820686933271,104.02,102.55,102.5,102.54,122.05,57.6512145371565,58.5269484327856,58.8919961371184,53.5376291286895,53.6865329475951,53.6346214278133,52.7334978078562,51.6984060441513,6553985039.06739,11979887848.3259,14151537784.5733,15835052777.6729,2541470.8632174,8.7,20.0925,14.62734,19.68663,2.81898,77.777,128.950458358976,295.32075262064,43.6718305580112,124.955996850391,123.260580216274,129.672372752104,136.661736786216,122.462394282593,116.296892260537,111.297003905233,116.171258572579,120.781336774348,130.044715248453,142.325166485785,142.065426233643,142.211328682553,120.835770278189,122.241548022902,117.40319994408,9282744243.20994,46035.3405811252,9007157784.58338,164922446.070083
2022-10-01,99.8637,101.6327,68.5629,86.813,106.501,75.626028766588,5.64858962436092,8.1593732096634,7.80079589617911,104.907693155272,131.448632066196,111.867489560484,139.89207042977,104.65,103.29,102.75,103.95,122.06,57.2298161448153,58.6837668588782,55.1415068100016,54.4375190834807,53.3886381817532,53.5830077699178,52.4760704666649,52.4205316201304,6590751149.66652,12093788622.5816,14235038700.4967,15896017594.7606,2561823.57668033,8.93,19.8245,14.51946,19.60346,2.70604,77.1899,129.618535140471,295.203509767932,43.8727727647523,125.547162191055,124.056798876339,130.939041640557,138.219887640514,123.261605825053,116.739248248162,111.578126298975,116.678528050183,121.350749098503,129.678439317426,143.100694378161,142.990116380732,143.38880673372,120.161221024854,120.823189322726,117.878150846757,9274599293.04524,51016.9393886212,9765973278.15709,180388543.323785
2022-11-01,100.9606,102.6243,68.4647,90.607,106.8144,76.475764416511,8.2119792744688,8.67660758339145,8.60882007308266,106.894508179846,134.299562513762,111.577739070602,140.185459887776,104.14,103.11,102.41,104.04,118.4,57.7669384085286,54.8457429532697,58.1319324079754,56.1951978992089,53.524185726791,54.1307428599644,52.6344875697726,52.8861761185789,6586275008.58665,12144320426.4467,14325809741.0118,16015549904.1722,2571358.19459623,9.42,19.3965,14.31268,19.97743,2.73879,76.3062,132.101052037004,295.251413283589,44.7003169398005,125.903721130715,124.811240328076,131.786656098774,139.39338423771,123.888877401767,117.28693210928,111.835341467023,117.203600529051,122.13774868487,129.022398879964,141.229773468179,138.860587553779,142.857370865629,119.999420922685,120.29941953316,118.41753020102,9400610267.41691,52418.3790025145,9988608537.93312,181984481.620506
2022-12-01,102.3826,103.3246,69.6064,93.7115,108.0032,76.3948230908626,8.48249859209752,9.36276092241801,8.45458217631158,108.706572875492,137.010675064958,114.916122463049,144.464631078727,105.55,104.27,103.69,104.82,123.18,57.8842297286283,57.0298014503312,56.8254901982406,57.106433106188,55.0186812015586,55.3606530698552,52.902886923667,52.9620668060647,6657335670.64274,12265726933.8336,14520618842.3321,16268579506.6304,2594611.57905552,9.96,19.4715,14.36413,20.76928,2.81363,78.179,131.802805841431,294.04798070432,44.6916998668338,126.270600477843,125.557662895631,132.75879385574,140.609430115447,124.545006849572,117.694948732843,112.192704671952,117.720446074141,122.43603859404,128.669349038131,142.1873860955,141.441461602542,142.387652197822,118.84590188351,119.324247708652,118.746254590998,9633431925.23931,47554.9536254602,9260073950.95097,158312820.801581
2023-01-01,101.9297,101.1408,69.741,93.2153,107.4817,77.4071196960534,11.4914089608648,11.667626728038,10.391876646197,107.766986858121,136.594590782088,116.225392820559,147.057100708461,106.01,104.71,105.07,104.22,124.54,58.4409833646524,51.6684396603571,57.5922710693899,53.5711326992474,53.8670385275389,54.0321415472317,51.9368622545423,53.857524476262,6610164111.17506,12337802014.5133,14671942781.6893,16364319259.9178,2605211.01309021,10.61,18.7937,14.08588,20.40902,2.78147,76.9267,133.037708363914,295.061576294555,45.0479655255689,127.012962122902,126.370935087502,133.719545706706,141.896493197332,125.124479473657,118.372435144914,112.660852113127,118.218913228198,123.501737593987,129.095215466883,143.166320709228,143.575526210831,143.244364679682,118.867926805317,119.709043080455,119.56668150721,9866162188.00835,53537.5974996509,10208986622.6301,160942577.903406
2023-02-01,101.6105,103.4257,68.8412,93.5676,106.6131,77.3042314158238,8.46359704476537,9.54366565993461,9.97576305904767,107.853154127432,137.349075984166,117.57327330298,149.749274140573,105.16,103.98,103.8,104.21,120.95,56.205536222431,57.2997857446364,56.6433492130779,54.3021696408505,54.032156533099,54.7135616262254,53.462877969259,53.5500028561813,6610107457.72318,12332963497.9733,14673365576.8223,16349930373.1761,2617592.29514132,10.92,18.3448,13.47426,19.45558,2.63982,74.7409,134.536792873925,294.721848325465,45.6246684581716,127.583636870444,126.954086364479,134.435697665432,142.80629750039,125.614112748072,118.875079076692,112.999852909919,119.045345280641,124.106372772757,129.684283978601,144.447230281227,143.250393509425,145.792017515215,119.232730065983,118.695123602753,120.298749851608,9934724408.60602,51962.640727472,9914964144.96579,170608761.542811
2023-03-01,101.6294,103.3745,69.4931,95.3632,105.898,75.6547185158956,8.24683090160095,9.26672524994735,9.19107031574004,111.555640177665,142.383957565716,118.845087856222,151.497729330919,104.91,102.98,101.87,104.48,125.06,55.5240318178479,58.2665085200194,59.4931217975708,53.6546955756916,55.0009352064391,53.7056224361215,53.7174777339781,52.6846918077104,6645384101.06124,12421803484.9179,14824281336.1812,16588103484.7611,2628319.91436188,11.23,18.0415,13.32906,19.60029,2.62504,73.704,135.115155224875,294.342503901816,45.9579768229955,127.845448537252,127.553826557933,135.01970457435,143.550182729507,126.065840600733,119.520069789795,113.340003190845,119.603142867331,124.954723172048,128.887994838964,143.697136272668,142.808791145198,144.615252467848,118.706932576255,117.407067314504,121.086088673693,10151167920.9447,52813.8262116001,10031962786.6732,179068962.511925
2023-04-01,102.1224,103.6059,67.8305,94.2164,107.566,77.4113883192455,10.7813508371053,9.91886198697515,10.3565993677181,109.172982344726,139.593275982363,119.28981221994,152.590424292245,106.16,104.04,103.42,104.66,128.45,53.6920255941531,53.2240675686687,54.0163705019147,57.4756236698006,52.8225549788144,53.6083013627683,53.7424504405102,53.8860435512288,6676658353.36104,12514669862.7262,14926088326.415,16714213218.4391,2653394.0609309,11.29,17.9975,13.26956,19.86294,2.59884,73.5994,136.197147503886,292.715336354249,46.5027324419035,128.04512718742,128.064279484678,135.579614649084,144.240624060128,126.473982116876,119.870562183157,113.703188412236,120.169310709857,125.44670757219,128.381656548495,142.785409156941,139.300489327023,145.688069695164,118.110650578282,116.512082410167,121.743420228159,10344734526.743,54027.3765556359,10205997062.8189,141317304.079371
2023-05-01,102.6115,103.5123,68.3587,97.6978,107.2815,75.1543246302256,8.25874508939573,8.9446663998527,8.76966638228757,112.277356381189,143.228702810686,121.020675591764,154.844041016572,107.07,103.93,102.66,105.46,133.57,57.6796613283296,58.2575474759753,58.9984032422612,59.1186062027007,53.9642381409813,53.8372919439715,53.935630188378,52.1396696215868,6712199531.40958,12573024974.2479,15041290576.9422,16761369831.1132,2682846.07728571,11.32,17.7418,13.05087,18.91365,2.48917,71.9687,137.251584278315,291.05007637615,47.1047823447061,128.242461691884,128.549780823456,136.148146482969,144.956659930068,126.875911303935,120.332079436497,114.045077221555,120.755293720605,126.02155228259,127.922469575304,141.74023198525,139.064526284776,144.013199629576,117.786323667111,115.743481458084,122.300009104084,10373909184.1778,51957.7820588902,9786975713.01917,218797499.225728
2023-06-01,103.0328,103.3986,68.9124,101.3445,106.8011,76.751518628577,7.89777532226268,10.4723092253285,9.1243730699997,114.234594997177,146.194123859542,121.33815813822,155.499145797634,107.87,104.28,103.16,105.52,137.86,54.650700371598,58.2263639491516,58.3154540099651,58.656811588187,53.5862831617322,54.2157680451938,55.5429048607702,53.4224133507124,6775858182.88266,12768080014.8543,15242422223.6144,16998288923.9898,2711380.37304337,11.16,17.1358,12.94952,18.69773,2.35617,69.6904,139.570215253372,289.037822365419,48.3274614146104,128.592870369607,128.92503679343,136.547543926336,145.566773984904,126.995584666203,120.74173148234,114.361348874796,121.318902937956,126.496756624929,127.523326165903,142.018247671296,142.027447823445,141.849625243896,117.190450656204,114.838929856491,122.609752419529,10419951177.0391,54224.282448918,10107758462.9317,171088631.838617
2023-07-01,102.9929,99.8979,68.5864,101.224,107.5031,76.3655705106294,8.23365478543751,9.54071420557437,9.19158162675011,109.158331403384,140.936853150545,120.687524175814,155.616903762904,107.93,104.74,103.81,105.72,134.37,55.5791276253204,57.7717468328154,57.2380582470973,55.4725687836404,53.2918644241596,54.0113046838536,55.3731842083369,52.9251857607983,6834584227.75289,12850177190.1645,15301066455.4323,17058123605.0236,2729207.23683334,11.22,16.7303,12.71001,18.44683,2.34224,68.685,143.004304076357,288.998156223182,49.5981968565739,129.142253443732,129.432465556876,137.021473908696,146.143212079861,127.464259053396,121.271773922944,114.673323607274,121.894218241744,127.189113485003,127.958878932153,144.035422652979,147.77201710015,140.409971450564,116.76473528793,113.787965793843,122.892083994767,10413882367.239,55114.7368746523,10175058244.0421,156834326.811435
2023-08-01,103.141,100.0011,69.4248,104.0951,106.714,76.2831649421266,8.69395322024862,9.50694540218326,9.28506119619196,112.368083430283,145.351315444609,121.574893296833,157.211285171266,108.58,105.02,103.9,106.35,137.06,58.921245408175,56.240318569576,58.5802194549643,56.7828784916338,53.7792965092854,54.7075861975622,54.3476264336041,55.3197526514089,6893734892.55918,12958503456.2051,15400932321.0301,17138848234.2654,2740246.06351789,11.16,16.917,12.50335,18.35833,2.3244,67.8542,144.828834661293,289.363297974791,50.0915564367425,129.914461482312,129.889834475832,137.429565874776,146.698652565878,127.820806786615,121.794006145908,114.962579120013,123.098860526608,127.794563278336,129.636533239164,145.917040625561,152.304892180967,141.23932405424,118.184055634946,115.584760992386,123.115971076879,10386196274.6737,54381.3480861216,10007926006.8453,252428652.039943
2023-09-01,103.8062,99.5729,69.2192,105.6625,107.2026,75.2988345607279,4.92312121426763,12.6259950845927,11.8558441046613,112.320554369237,146.111088648301,124.019148587381,161.185157015053,109.35,105.66,104.37,107.12,141.35,55.8816785623083,56.3432022668877,57.1195713436583,56.430468763031,52.3636593129304,54.6312066007165,53.9692645057179,54.3642007334352,6974882957.57659,13091544239.8109,15581937183.0908,17277665092.5698,2762555.50338405,11.08,17.4127,12.87843,18.43134,2.38902,67.9402,145.566633767191,290.258968822881,50.1656001699637,130.530472340936,130.385994997766,137.757396860629,147.095879880601,128.082468695964,122.381509607405,115.276833006704,123.874490876169,128.421664807378,130.800815196895,146.794226108922,151.703745328806,142.477545040056,118.884847574934,116.589113492149,123.452679719535,10456027481.2829,52353.0377085577,9726495135.40441,185834272.201754
2023-10-01,104.8099,99.7187,68.9691,110.2312,107.5072,77.0067638915577,7.2837624069221,9.56551845315244,8.9744431077417,110.372263815758,144.1893543805,122.618461635601,159.867060998968,109.63,106.15,105.54,106.83,138.65,57.8276010922563,56.0191825890682,58.7868221547763,57.3620416144035,53.5918133089581,54.9682938500747,54.5581555568543,54.9459154529557,7066341110.03696,13247311037.3738,15718712342.9289,17467070234.1966,2789431.60916618,11.08,18.0368,13.00814,19.12081,2.45842,70.6984,142.318258821034,291.191438941246,48.8555454943633,130.94841380308,130.916283749706,138.37409337389,147.89983269714,128.342780789363,122.966257350917,115.663737433246,124.38294820335,129.190569259692,130.429048113278,145.409285163627,149.883375396365,141.772670598001,119.822211261194,117.822761534169,123.790138247737,10578765105.8166,50022.0114840559,9383129190.95994,200402148.66615
2023-11-01,103.0972,97.642,68.4644,105.8006,106.5938,75.6113803123981,11.2897689575318,9.88661941553841,11.6827644444097,114.326242391066,149.83505077304,123.385097412934,161.7319691337,110.04,105.81,104.49,107.34,145.06,55.9703081201395,57.5664896000021,55.5076504865151,54.4851568771974,53.6509403774135,54.319445619961,54.6492253785823,54.6158208847397,7082397451.75922,13372994819.95,15905252716.9972,17672705510.7367,2803665.84639761,10.89,17.373,12.81259,18.95221,2.43222,68.5074,144.355313101305,291.018526733442,49.5963752773182,131.372988294015,131.443413419447,138.831164107596,148.815639105603,128.429244910661,123.476880430719,116.027169411055,124.955620354831,129.815090818175,130.843639996742,145.3906977625,147.008690139092,143.54334333319,120.134240689902,118.405303176147,124.124735529066,10686004021.3542,54830.1074594272,10002873988.6857,171778850.941569
2023-12-01,103.0305,97.9581,67.6719,105.8433,106.2441,75.809245931388,8.95966412156716,10.6537900223711,9.51779379305293,112.338643820346,148.219713493776,124.875365564894,164.551855293163,110.35,106.21,105.33,107.28,146.92,53.6166494740107,57.3666081767544,56.6932242740896,54.0960631901234,52.5193575156627,53.1657904073447,53.3814207328675,52.3801820105478,7141280029.19735,13363185837.9004,16005314919.4216,17815390839.3306,2848158.72916715,11.21,16.919,12.83306,18.69296,2.37712,67.7358,146.121583523916,291.262613828607,50.1332138337202,132.189532122266,131.942978946724,139.249676598593,149.342519159857,128.681125141577,123.990788207575,116.291956052219,125.520585087677,130.414325428691,133.106539017321,150.372006316841,158.485360197477,143.337386693475,120.353065369762,119.075672005112,124.473009360896,10859207115.8326,56846.495540524,10366569712.6653,180044825.771711
2024-01-01,103.6275,99.4898,65.2585,108.325,106.5297,74.0386051375359,8.58736928455614,10.4473318772382,9.41455853563522,112.806555223841,150.009549655857,124.736061317101,165.436797449241,110.69,105.98,104.0,108.39,149.62,55.9428203610092,57.3112894837475,58.1042558580057,54.452513391509,54.7801873140819,53.2111062512541,53.2841996972025,54.5793087896423,7208854318.19619,13633603370.4699,16220198611.9231,17955064489.207,2890285.2244229,11.29,17.1633,12.84501,18.64106,2.39256,66.4729,146.682795913259,290.909027299023,50.41784766233,133.226794776956,132.374570853764,139.560014495845,149.727944169,128.855897934873,124.587682151872,116.771527947199,126.095015640826,131.26873825333,136.056107689831,157.33575907838,175.28821718858,142.929472084426,120.411669238033,119.753317225697,124.732389503434,10942256272.2691,56366.3186835403,10314569070.6834,188544107.881233
2024-02-01,102.0233,98.3713,66.8875,103.2035,105.6698,76.6645350640276,8.57687337452578,9.4009059925245,8.6778605029768,116.487331115908,154.902349974487,128.306347446994,170.697267403157,111.55,106.58,104.47,108.89,153.92,57.8034079682586,53.6064200517954,57.1416564723631,54.6956430062077,53.0636618400886,53.7801129486699,53.3756951711215,55.0234631600707,7387295850.87065,13878781902.8493,16543875948.8027,18229308134.797,2987938.85205595,11.05,17.0633,12.58248,18.4659,2.36839,66.3643,145.815202871374,291.428589530317,50.031033061967,133.22225402731,132.828484560467,139.931852289727,150.230331364695,129.066626369589,125.14380847789,117.217110961666,126.631963252091,131.934605189579,134.626186243019,151.74617150047,165.331597985186,141.077020683866,122.558010464141,121.249881569843,124.994206710674,11165992683.1916,54508.3271135044,10041242616.0781,183025595.756716
2024-03-01,102.6509,96.0273,67.6013,103.7517,107.0147,76.7651806439109,8.66128277622805,9.86724916913502,9.42322903526601,114.742961949107,152.88483554164,128.87022770108,171.578996112358,111.67,106.96,105.54,108.33,153.69,54.2938766166974,56.3793073341884,54.4748931275898,56.3398539733441,53.3659312252699,55.3737211197113,53.1353121358906,55.4000398338473,7446898995.03717,13930130252.8847,16569616796.1334,18367103670.5229,2985714.27392424,11.02,16.5323,12.16943,17.88134,2.27815,65.5321,147.149041666694,291.675260725883,50.4852445276348,133.545786217455,133.330328679421,140.223057135418,150.672103544822,129.25875878281,125.906582607021,117.633759821827,127.179071305817,133.020547991712,134.228742646428,150.939601544909,160.570966182947,143.578881786747,122.879047168131,121.582617568778,125.229953958816,11328185804.3835,56313.8764413594,10252725259.5755,139478086.516172
2024-04-01,101.6645,94.209,65.7124,104.9804,105.0313,75.671278336251,8.28157123880546,9.55540652133562,9.31133650838011,113.351632229574,151.50385574065,125.027452115458,167.092165334188,110.75,104.96,102.13,108.4,157.88,60.6634371852377,61.5241793678235,62.5312115093472,57.367689804851,53.4384745823733,53.1816741664527,53.8407926207056,52.5916993426367,7352744768.21225,14004735891.337,16553114383.9319,18322940175.7952,2975290.63422609,10.97,17.0958,12.44061,18.27541,2.35751,64.6897,148.181220644209,292.037324274437,50.6609665237492,133.995504889057,133.619766385495,140.523840673832,151.095726881008,129.413473357487,126.106467855646,117.944551532457,127.78585691774,133.152305499804,135.354210875955,153.100481663643,164.214304211517,144.263374285252,123.023288092121,121.880024987604,125.490484385118,11333992388.0656,55354.4490376538,10096394758.3366,201617141.821161
2024-05-01,101.8539,94.2961,68.4974,106.2502,105.1492,76.7727643588707,8.37345545538595,9.92148086006475,8.95032889129972,118.862239283802,158.755111761096,129.83613838784,173.69506686832,110.88,105.79,103.87,108.03,153.09,57.1274820107829,57.6393225375429,55.8551596645112,56.6537668724695,54.057664153525,54.2359372207957,53.5894693176422,54.5428926084254,7455134261.35079,14150448002.4803,16768119640.6699,18547799427.3115,2987079.31592061,10.99,17.0177,12.48248,18.47697,2.34164,65.0864,148.60142845218,292.85210074491,50.6054286788818,134.130434326624,133.944392108592,140.716904356515,151.475948821405,129.429985690157,126.611019599376,118.398113844617,128.396931807872,133.730744563575,135.440703508968,153.252159683432,163.634309675119,145.192977282337,122.588487435325,121.22582897647,125.838145958,11544792036.1415,54278.2886279081,10006839373.4069,204151246.5004
2024-06-01,102.1154,92.8982,68.2646,103.0549,106.8352,75.7482466415417,8.98696874114487,9.5225722010711,9.31697990959271,114.933239544769,154.442018263918,127.99603035029,172.187187339521,110.72,106.59,104.79,108.68,146.25,56.8616659730666,57.2129402863914,54.9920607868481,50.7442850968097,53.2712287127578,53.9011771144056,51.9073791891541,54.9019230973678,7551497893.38963,14313866372.5382,17049019124.4515,18865419920.7769,3027227.12161813,10.97,18.2478,13.33367,19.55799,2.49995,69.6952,142.63844498946,292.900044554819,48.721705345947,134.908660204508,134.237152294505,141.008443685329,151.752865480987,129.706529067742,126.961434569813,118.779899447661,129.012764895432,134.034444732458,137.211355886716,156.523970965847,169.636491721645,146.130824640245,123.241042982255,121.980872484727,126.374700587271,11728409465.9433,53042.960916333,9807535837.33498,243664897.319896
2024-07-01,102.7169,93.3772,68.0596,107.1583,106.6527,76.3306057708578,6.17118809240792,8.50494092056841,9.25287613016981,112.882732195981,153.917224729127,126.996736952304,172.964106933677,111.55,107.09,105.36,109.15,146.25,58.8438473558362,57.8696336219215,56.8676050265137,60.2503257434955,53.5246343038751,53.0376969669502,53.0191127854882,53.1989712717763,7553901425.76987,14434670331.4596,17092446580.9226,18861984435.851,3050525.4376676,10.92,18.597,13.46237,20.12195,2.57382,69.3076,142.68139559183,293.268804471734,48.7802161502211,136.291303424448,134.685881117888,141.239604786019,152.082661245406,129.867052813051,127.62806488464,119.207662386123,129.604916549127,134.903859720846,141.295395713311,163.566765658815,181.797535514054,148.037472651402,125.177219523307,124.16056843521,127.061311060763,11947129530.4172,53386.6352322278,9876323816.33513,227369777.472023
2024-08-01,102.2382,93.9137,68.0151,103.5037,106.8174,75.2682973620156,8.57440330214541,8.90822954151391,8.99471800723893,117.786441758996,159.926061859887,131.764130183196,179.034295987374,111.21,106.59,104.63,108.83,148.67,57.4519433243019,59.4525797096034,57.3593391878657,54.6345544821631,54.2905150309232,54.0432530174924,53.5226703142375,53.4331386077535,7693083113.72148,14641575461.0992,17428074298.62,19259871172.9689,3098388.42532802,10.76,19.6535,14.58486,21.76036,2.77311,74.4879,140.334455269017,293.34728312128,47.8921487934029,136.425245825443,135.105241754553,141.589722685051,152.774845860839,130.011744997627,128.12773101759,119.55435600632,130.57434056565,135.544185694842,140.084277199242,159.745580199584,172.041673361122,149.827008071568,125.753728408537,124.692047777865,127.66568492264,12182916969.4475,53275.4880724835,9982204957.72881,220637495.208074
2024-09-01,102.8669,91.6018,67.278,106.0094,107.595,76.2085287343308,8.33202279782791,9.15555520355377,8.78554807877678,115.266914477518,156.876007603599,131.115801161434,178.239399021091,110.46,106.89,105.34,108.66,142.63,58.1545229024749,56.5832327762962,53.9183379827898,62.2811237807875,53.9797868348257,53.682151731655,54.1936693934167,53.7610817614379,7757201437.84687,14745799902.3043,17568522105.0806,19466858961.6637,3135181.40255101,10.44,19.644,14.54049,21.92663,2.80713,77.2619,137.748437717629,293.40210200919,46.961632342788,136.555262609647,135.506375677054,141.810416788036,152.922286536695,130.234948593789,128.629902871656,119.942425169157,131.113314786765,136.205864989316,139.349954953623,156.742317631025,163.838144824568,149.578876315039,125.866074055157,124.670409741288,128.303737976046,12313078200.6798,53746.4119860043,9928773520.34114,191166688.991086
2024-10-01,101.1286,89.9142,67.0383,101.0538,106.5015,74.6105372122797,8.98075791180289,8.8282672362638,8.70019691115422,117.609652782827,161.03351133543,131.650694038264,179.885830906063,109.32,105.96,104.09,108.17,138.41,56.3928924227947,58.6287357157222,56.2651842601519,55.6368333564069,53.127443983803,53.0870788709358,53.9305234215011,53.1120460780643,7797502974.06769,14873225558.0676,17726013124.8536,19584864659.8346,3141174.16494124,10.24,20.0378,14.40517,21.77808,2.8113,76.3313,139.40431178209,293.767329933103,47.4133241586901,137.223339193757,135.920130855454,142.304697293485,153.559132343291,130.48264773581,129.07359810262,120.27073773953,131.601418957011,136.734238768492,140.543256812465,161.502737619824,174.242693515112,150.332660086169,125.445689983011,124.063075230921,128.438939367907,12341498001.5827,51543.7579810353,9549545860.82351,189645112.601317
2024-11-01,101.3149,90.2517,67.4058,101.2984,106.5492,76.1842323213426,3.48751588290336,8.37649530074541,7.99725995249247,118.207773379443,161.970963871586,133.540712023548,182.951797866848,110.21,106.56,105.04,108.29,144.11,55.3864790834005,57.0774026931049,56.7837410984041,57.9799931465416,53.3573089195075,53.6210191945982,53.8297369223003,52.2815339339077,7919636279.07796,15068845652.9974,17919465970.1286,19741324110.4132,3175912.36786345,10.05,20.3212,14.51137,21.46732,2.80229,77.3188,137.79261471583,294.2602690989,46.7880476153178,137.361897944652,136.157623255149,142.180345012852,154.097945515926,129.99956103609,129.523703689722,120.622597031323,132.205536594046,137.240736551814,140.729007394902,161.191426636614,172.281151258046,150.630715643478,125.610633981885,124.753131040391,128.833421133926,12347357104.1413,50617.3578699919,9393259887.05896,179928601.12195
2024-12-01,100.0973,89.3777,65.8548,99.2873,105.6165,74.7158422209718,9.40052748599651,8.45199402900043,9.50517449780725,116.471638792345,160.184949615204,132.355694977806,181.986610122727,108.37,105.54,102.93,108.52,134.93,57.0734969896588,58.1930346040872,55.0446895886727,60.0077347042198,53.8149010032799,53.6892835836909,53.8695687838411,52.3784069057051,7957519798.67899,15227076320.3578,18022454012.4855,19870140779.9385,3169188.97569871,9.85,20.7862,14.45472,21.52307,2.83108,76.5308,138.013798124694,294.469220911984,46.8281602726043,137.779168532877,136.765010820294,142.71791005215,154.701737602999,130.451915083005,130.123052765421,120.954592644653,132.820173385005,137.972080906674,140.999936797985,160.40218102607,168.734708713539,152.217838557184,126.226642305459,125.597145293243,129.591025985369,12235225023.488,49502.469385005,9163855582.52477,185223760.225925
2025-01-01,100.3272,87.8512,66.6524,99.566,106.0463,74.1623054251965,8.37275440203507,8.43121360406786,8.12657874668362,120.313391852786,165.759964812045,133.692010718239,183.484630155021,109.44,106.27,103.74,109.3,139.34,55.4462289334309,56.6069930663215,56.6352673129089,58.0700237960835,55.5117378421829,54.0766182123295,54.1980670595134,52.0543248760977,7992486516.01219,15281077574.647,18129694375.3527,19865762159.7739,3191960.98212074,9.86,20.6068,14.23106,21.42077,2.82519,76.9871,136.459992498724,295.527484172225,46.1582527792456,138.038052023511,137.212927641228,143.404277914166,155.405800394274,131.092847576961,130.443052331861,121.291274404407,133.177740635278,138.409077272929,140.702498392941,158.330014698864,161.889152504667,153.736476120065,126.868241672277,127.097030666031,129.759048662324,12341254749.9761,50391.0580434236,9251939069.25855,170968612.833585
2025-02-01,102.103,88.2314,67.1054,103.4475,107.5981,73.2369915431914,8.23398810658518,8.99103735256811,8.6596028905388,119.006575782995,164.209832649954,132.642346468886,183.234151059878,110.75,107.44,105.62,109.62,142.52,55.7985097929944,57.9730097557836,58.9136457642398,56.3200115930305,53.2583514472645,53.9886377367067,53.8090626472923,52.5889491304198,8005787883.31822,15424215151.2836,18390448796.8775,20207990966.504,3201751.41549292,9.45,20.508,14.23665,21.33037,2.81165,77.2318,136.594310236096,295.257360850706,46.2630002843196,138.285051965527,137.670327752877,143.783694969422,155.867294158721,131.343486839018,130.940075638935,121.621036755077,133.86370828389,139.064363905558,140.292429390179,157.934179506631,156.419251046753,156.050526825096,127.057112560301,125.82562134715,130.175410238772,12781030682.3039,51370.4414379651,9329908190.77043,209623120.237852
2025-03-01,101.7187,85.8215,66.3581,106.3506,106.6207,73.5291215036483,7.4888062835147,7.95188078991851,7.98180039074461,118.408061018395,163.693600709283,132.122734206056,182.642083167804,110.19,106.78,104.77,109.14,143.37,54.4531784693626,56.7486416360767,56.0707173000024,54.731669262576,52.3851379937664,54.0792184321852,53.7770766990224,52.7059784227166,7991574209.67266,15511898271.7905,18411068018.9526,20276597929.4188,3192982.03029377,9.1,20.438,14.20237,22.07304,2.81227,77.6998,137.065213947552,295.135687832135,46.4766989770444,138.634240246723,138.1710126916,144.381589027499,156.895760830033,131.699121564591,131.370677180833,121.921470911285,134.589706412132,139.568562138353,139.860260044461,158.228913188134,156.6089279004,156.640402494346,126.810083659352,125.167692770188,130.540300808811,12883351665.7743,51627.4372669753,9274371289.6965,171753854.53674
2025-04-01,100.6912,87.273,66.5061,99.9359,106.699,73.8712571700357,7.95040330321108,8.52020298140065,7.51318088345352,120.88183103145,167.7589046901,133.558895922801,185.280154281009,111.29,107.68,105.66,109.96,142.96,54.0086510007368,54.7026925711082,54.2939695955594,55.7469177424855,52.6663275474624,53.296881261559,53.1576223256661,52.3900883358265,8029016900.57724,15603321571.96,18587437467.117,20469874199.02,3245149.23103063,8.81,19.6095,14.19728,22.28129,2.69631,78.7583,136.501298154332,295.541275579207,46.1454412968476,139.250038950024,138.858983709991,145.259844788167,157.773837048227,132.515585670535,131.848185958595,122.246314025098,135.232950653997,140.196834228926,140.308866959272,159.129353161225,159.135357523806,156.435916541593,126.900025478594,125.081779840269,130.982377100348,13130063865.1842,54914.9274610738,9754408097.67742,200556914.679084
2025-05-01,101.6586,86.5406,66.6616,105.3568,106.7577,73.1226404607353,8.03734938854977,7.80352392589611,8.51444562226747,122.37529745357,170.537823217592,134.716297007637,187.932982811203,111.0,106.91,103.99,110.15,145.47,54.3954817537809,55.4417654570301,56.0540616764737,53.5170347079548,51.7012453395174,52.7160623400814,53.2666939794675,52.081795119223,8127947965.278,15791583876.8118,18782198410.7274,20656678987.0844,3279037.81350013,8.31,19.3858,14.09929,22.00288,2.69269,76.3381,139.32105618598,295.825889375915,46.9585006929227,139.951245304463,139.364569709849,145.855787378207,158.503019543982,133.044776580035,132.288729181958,122.577048421403,135.869695354078,140.733376409132,142.392801815808,163.039936561218,162.414413593245,161.163564065121,127.241595758923,125.33030573042,131.400975254929,13137741691.1676,56860.9718350083,9999053574.8169,187258417.688703
2025-06-01,101.2818,85.1679,66.3069,103.762,106.9352,73.7141820677805,8.11037032256525,7.6499497426244,8.15222380112998,120.04342554789,168.422028656099,135.93215922407,190.741707968367,111.62,106.8,104.2,109.75,153.12,54.5468936460115,59.9178677532929,57.7932815171732,56.6828137064956,52.8177026767847,51.3394185502133,53.1885389872131,53.1480838126049,8171558277.00768,15759899688.8859,18827373181.8215,20713932883.8463,3288915.62880197,8.09,18.8332,13.80285,22.09888,2.62911,75.4951,141.887235076696,296.799107489966,47.844763471242,140.662866790198,139.91603343738,146.494625520084,159.18939470054,133.624411474216,132.80981952039,122.930900148323,136.506141091168,141.419867711359,143.08692547152,164.279895634881,161.743283361426,163.346645463668,127.43853135144,125.361935624119,131.809193442688,13492893607.3158,57929.0055204444,10201978776.5108,188835348.262359
2025-07-01,100.1186,87.983,66.2848,102.3148,105.0954,,6.91484129820948,8.48130141120254,8.60000722019357,120.898875329193,170.665427184943,134.279513078607,189.445984436861,111.81,106.42,103.48,109.89,155.49,,,,,,,,,8199480766.68002,15875599172.9108,18985133153.5949,20858519846.9736,3313776.14042576,7.67,18.7963,13.59348,21.51424,2.60705,74.0845,143.256461480736,298.011365166159,48.1891880635652,141.052841359707,140.384235712578,146.885647372191,159.909823937332,133.788033402422,133.310820463028,123.274589146967,137.045935234949,142.023663958591,142.973731119927,163.818141365364,159.547484654037,163.357723040195,127.588232991215,125.106487211362,132.224945181865,13643725176.1138,57718.5462019986,10061553256.166,213367017.82788
2025-08-01,100.0105,88.0318,66.9399,101.1147,105.2158,,7.38902408553139,8.32734897468567,7.65084280024514,121.445591581566,170.712006530363,136.135502643636,191.706240018722,112.75,107.3,104.89,110.19,156.9,,,,,,,,,8287796018.6039,15976699960.146,19180700503.7888,21075132653.9516,3336199.6150292,7.39,18.644,13.57656,21.81162,2.61762,74.0485,145.044067538526,298.650518745899,48.6187445999462,141.328303108941,140.823690021319,147.31302246912,160.619485629825,134.040784225213,133.775292032762,123.657582312679,137.491527293051,142.62952989495,142.067026275383,161.870116226054,158.952275109363,162.166277997893,127.620505160192,125.088811798145,132.360815537568,13851331837.7537,60044.2194862288,10331565953.5219,183935544.71881
2025-09-01,99.8751,88.6625,67.1658,99.0254,105.4959,,3.85466617529114,7.84663684356684,7.86055395350561,120.520121276532,170.295050577708,135.5843304923,191.271459266181,112.8,107.27,104.81,110.14,156.7,,,,,,,,,8318357728.86355,16119175430.7558,19362555429.938,21235697718.3528,3351520.2030176,7.29,18.3342,13.17862,21.54269,2.57229,73.392,146.550865203229,299.659231233758,48.9292770231222,141.723802818129,141.311148225157,147.77249664019,161.113533181746,134.409882555922,134.257453065434,124.003879529736,138.864740520141,143.170704901665,142.235569429818,161.237457666977,156.588991091333,162.053388687198,127.65730648538,125.17967620083,132.497907056698,14155536352.4909,64001.7765172412,10869788159.6157,243733314.711586
2025-10-01,100.6908,89.2874,68.1617,102.995,105.2055,,7.17258637887573,7.41942550020278,7.20137760408369,123.292330681923,174.926981203949,138.118166388315,195.490800023917,113.63,107.11,104.25,110.52,167.23,,,,,,,,,8326538360.92437,16150604824.2454,19485906899.1881,21362579240.9636,3377218.83956686,7.25,18.5725,13.25705,21.42338,2.60758,72.6378,147.868037446613,300.204756970169,49.2335776692815,142.13413557134,141.757633723049,148.179490602931,161.650514728103,134.633239242488,134.796725983831,124.379573798498,139.314889189538,143.872189557906,142.265124412621,161.753729753786,156.678372669672,162.443953616497,128.044392514991,125.447112623473,133.348888481916,14321217456.6029,63884.9400724078,10981893401.3038,224675853.848588
2025-11-01,101.3042,89.2717,68.103,104.2839,105.7488,,7.32854721305294,8.23653364204851,7.95587129601624,121.095885235863,172.258461608204,136.040422116786,193.495994817854,112.94,107.21,104.37,110.59,161.17,,,,,,,,,8402460423.38441,16199999206.2052,19601578825.409,21458221538.7564,3406959.23562791,7.19,18.3075,13.13197,21.24036,2.59051,71.7541,149.198049929575,301.442746017117,49.5100317305746,142.583230618516,142.193448625806,148.398723996965,161.893774567458,134.902327531923,135.323901324473,124.728358842201,139.930989861552,144.556563781212,143.162431813168,162.784266123316,159.234345908891,162.043614385506,128.557046425237,125.482908308834,136.317386044752,14566028084.6958,64627.4664521843,11096164632.1114,179488737.28916
2025-12-01,101.4298,89.768,68.3696,105.5185,105.5771,,6.04939222431819,5.94119360264579,6.14272150464173,123.135597185695,175.674956354168,136.687447930987,194.994788675966,114.18,107.37,104.66,110.6,167.27,,,,,,,,,8452320988.55552,16266377767.6962,19716566267.7106,21532781844.2982,3411407.4238462,7.16,18.0012,13.13188,21.13791,2.57957,70.6468,150.871363612342,302.942836870252,49.8458264966487,142.900695844798,142.682706023543,148.873959108307,162.75732640133,135.069909766554,135.78554151936,124.999509711852,140.582765887331,145.05263995859,143.250682813137,161.956631409454,159.705114767641,160.857775787506,128.92662460085,125.655102937749,137.236462937288,14667816953.1822,64717.528628035,11001431941.7236,220825589.316174
2026-01-01,100.4751,88.7836,67.2351,104.0003,104.5922,,8.3487754625199,8.81815061312526,8.04724629563308,122.3848740446,175.065741929882,140.794060244778,200.482115643769,112.43,106.6,103.64,109.99,156.52,,,,,,,,,8496460117.2133,16326897262.9879,19824756214.0685,21649257783.9899,3428252.07601712,7.0,17.331,12.80068,20.62042,2.4922,69.19,153.2494795109,303.901506289391,50.4555685522165,143.326115257766,143.41223637494,149.965979613659,164.954932861243,135.328526674404,136.289006031399,125.463863687547,141.244408269666,145.700710328099,142.716094879452,160.875578781038,159.024759108639,159.724243742289,128.501459870781,125.511382915506,137.351180715325,14815868004.1133,66717.6227815011,11188619100.6339,235735172.716311
2026-02-01,100.9852,89.9601,66.2403,104.3757,105.3547,,6.88783037859205,7.12941408478496,7.07740912122864,122.432252529564,175.714096443739,139.314414002821,200.217551638105,112.19,106.04,103.07,109.5,159.07,,,,,,,,,8536674107.59723,16383553968.1162,19808630201.6321,21675084438.1831,3435329.33680973,6.86,17.2193,12.62175,20.33083,2.50885,67.7126,156.049214417104,305.611210557753,51.0775079961162,143.884368398314,143.873406090691,150.341504921231,165.532345482489,135.484711263437,136.777286174826,125.803653380551,141.946512481414,146.300184211875,143.838661645749,165.223325479016,172.178485226897,157.686941950542,128.342565390479,123.860027393668,137.80549417149,14891604958.5773,70048.6181053671,11715295946.6161,214402779.84327
2026-03-01,100.434,90.4911,66.5045,101.5803,105.2418,,6.81175152212836,7.25755092216996,7.41817551775778,121.70286301323,175.85599600371,139.451425085775,201.661382316526,113.5,106.99,104.48,109.97,161.68,,,,,,,,,8627508139.22217,16516685331.056,19785627535.1324,21613026853.8691,3443804.34653177,6.81,18.0033,12.89756,20.7344,2.60688,68.641,156.442395291642,308.220971036967,50.7620152595276,144.970489464591,144.323315096499,150.709307934061,165.94776211811,135.896332809922,137.305480932011,126.223134409302,142.601077019783,146.93006527658,146.91678434178,171.956905141228,190.273680965087,157.316505703713,129.848607233312,125.492052874691,138.48002090022,14483381344.9493,67652.7386164844,11463150068.0674,218142770.121465
2026-04-01,102.5471,90.2693,66.3993,108.815,106.4181,,6.334327081156,6.76500212306004,6.90069410050739,124.444246430345,180.184790136239,141.38746571956,204.683407736615,113.77,107.82,105.97,109.83,158.58,,,,,,,,,8687418664.81609,16644998098.3723,20067942849.4295,21945990524.2837,3484160.51978326,6.58,17.5118,12.86242,20.54134,2.56373,68.4461,157.726091116194,309.106134353074,50.9134920754598,145.419698326967,144.774599113891,151.050335200131,166.244099507111,136.233603708363,137.810690386324,126.611224944974,143.264204015907,147.543557510973,147.343887955876,171.538586337658,192.097758574883,154.988652721619,130.565728162414,126.016602971744,139.583862870896,14838341748.058,66320.2989755256,11264383646.2564,220800041.600376
2026-05-01,101.8471,90.5408,66.1499,104.979,106.3515,,7.09645798211383,7.58607201121926,7.41180602743936,122.073282184341,176.770859677921,141.68576698542,205.213601254808,113.8,108.09,106.42,110.02,157.86,,,,,,,,,8810955606.01465,16848378107.364,20293428754.2423,22187755168.6144,3526315.14759875,6.47,17.3505,12.59646,20.24977,2.56614,68.3795,160.16932560898,313.407048322347,50.8746664545377,145.399371016957,145.186390974568,151.369107613442,166.666420671987,136.511065253609,138.319545468621,126.999520174451,143.912091111561,148.167756145357,146.567645699245,167.207539796706,184.402189800799,153.640270014649,131.265059132119,126.630457143243,140.508103605861,14956031011.7607,67341.8337989939,11447317517.3816,223809414.799192
2026-06-01,102.0773,91.0737,66.7726,108.1512,105.7362,,6.8324677781713,7.34684905856682,7.00245576870865,123.762684968266,179.587694488103,142.004792671753,205.982918425595,113.38,107.64,105.49,110.09,155.71,,,,,,,,,8752120314.75651,16856707824.3277,20306177868.5509,22198859362.0672,3540270.56286906,6.29,17.4693,12.31236,19.96741,2.57323,68.2038,156.687262072448,313.476985850785,49.977774175133,145.368981241824,145.551176125999,151.684747906476,167.259773401892,136.611501748169,138.757759403136,127.37620286522,144.559200905797,148.647749658756,144.582977249722,161.315543143932,170.52553490695,152.782266347926,131.630175124939,126.847092968161,141.031613041884,15064972182.4916,67275.9746585976,11364316745.1851,224600186.6829
2026-07-01,102.5368,89.4204,66.7745,109.1301,106.4938,,6.58993808438665,6.85775413734155,6.32336662292324,126.1779433561,183.58690330384,144.585840189397,210.461493681141,,,,,,,,,,,,,,8814650262.14359,17038082625.9271,20497748772.5997,22389408550.4299,3573126.28428069,6.23,17.3288,12.35197,19.93159,2.5664,68.4833,154.568736981313,314.756016005975,49.1615581218926,145.460237875688,145.923613218742,152.033741237073,167.672200135634,136.935260448066,139.130348198783,127.733676067084,145.088184323661,148.935947728176,143.395431704812,158.384638683777,162.990524868539,152.145859251354,131.657384771754,126.48018210098,141.464473118493,15180417738.1242,67448.4644698252,11491510887.1157,208413071.463332
2026-08-01,,,,,,,6.62789503899995,5.81801954789659,6.80727206264978,,,,,,,,,,,,,,,,,,8817624404.08459,16966136966.8514,20438286068.5654,22319584571.448,3587180.89118454,6.21,17.0147,12.2744,19.76206,2.53179,,,,,145.95085171568,146.285277827081,152.316628427648,168.114477999981,137.122618722987,139.56844656641,128.07085371997,145.716059314822,149.523948248615,143.835996152441,159.641985389236,166.097731137902,153.576035792541,131.738922324772,126.11373001216,142.432128873416,15254894158.0307,66688.4259860595,11420169259.2345,166547570.848589
2026-09-01,,,,,,,,,,,,,,,,,,,,,,,,,,,,,,,,6.29,18.0692,12.72794,20.5174,2.69412,,,,,,,,,,,,,,,,,,,,,,64956.1741845482,,
