fecha,SR17536,SR17537,SR17538,SR17539,SR17540,SR16967,SL138,SL11136,SL2830,SL11439,SL11453,SL11432,SL11426,SR17449,SR17450,SR17451,SR17452,SR17453,SR16882,SR16894,SR16906,SR16918,SR2761,SR2768,SR2775,SR2782,SF311408,SF311418,SF311433,SF311438,SF29652,SF282,SF57805,SF57771,SF57923,SF229267,SR28,SP12754,SP12755,SP12753,SP1,SP74625,SP74626,SP66540,SP74627,SP74628,SP66542,SP56339,SP74629,SP74630,SP56337,SP56385,SP56386,SP74631,SP56373,SP74640,SF117754,SF4782,SF4774,SF4801
1985-01-01,,,,,,,33.4831376222955,,,,,,,,,,,,,,,,,,,,,,,,,,,,,,68.8824,87.4817841163801,118.401990986229,72.9953638941467,0.443149888671106,0.49351082077643,0.561232904087681,0.379770168546033,0.748624540598485,0.380512943062036,0.51736254645288,0.155495683614117,0.351282758544677,0.377675821059694,0.507233413273005,0.348582961514133,0.611057521356495,0.196117623932101,0.29570500583113,0.167026600190541,,3.70715753899391,,40586.609240157
1985-02-01,,,,,,,33.5653461030755,,,,,,,,,,,,,,,,,,,,,,,,,48.26,,,,,66.8016,88.2823718112848,118.295507758062,74.1893548455431,0.450439606293237,0.495784873237657,0.555764346782343,0.392503940496509,0.733011876134624,0.403077009780657,0.529984076270805,0.172163359315343,0.367429562828985,0.39232892559103,0.52445947712591,0.350673218731419,0.64571579735794,0.20457615936859,0.303940855024423,0.170737011622641,,4.02910448688677,,26802.4919678022
1985-03-01,,,,,,,31.1326084419672,,,,,,,,,,,,,,,,,,,,,,,,,55.29,,,,,66.231,88.4483108852015,118.450205837746,74.0763998692607,0.471246085734398,0.512511886263584,0.567612658383891,0.406324068522282,0.744325205352477,0.428528644034293,0.545283763735221,0.204562867913212,0.396610394573661,0.402752486396238,0.542282170574296,0.361470389665776,0.666661988783828,0.225830703075455,0.307332591088088,0.191895788160131,,4.3745202265966,,40463.2801212941
1985-04-01,,,,,,,32.1293933875532,,,,,,,,,,,,,,,,,,,,,,,,,57.77,,,,,69.0704,87.5937221622956,118.662298592896,73.047467257196,0.494053217757119,0.538107844263515,0.591920228338682,0.422318959494999,0.782214976718366,0.455021691311551,0.558786561137162,0.244191742773454,0.428488433478526,0.418331954327668,0.561204571224541,0.382854695100839,0.682107330121103,0.232597723067294,0.310593816130136,0.194023202219833,,5.0059031555246,,71490.1495639948
1985-05-01,,,,,,,30.6731189876945,,,,,,,,,,,,,,,,,,,,,,,,,56.08,,,,,69.4595,86.6967841837949,118.716217321539,72.1273903837719,0.529965602310298,0.578674958244438,0.630281123147242,0.443725133911429,0.842671279704981,0.496106797062008,0.577276187810858,0.276991731263656,0.483267365053662,0.423186818287291,0.567177711692734,0.376033415586117,0.701620206943588,0.262295123729151,0.312233168434298,0.207290847117391,,4.83737403148894,,66637.8505952593
1985-06-01,,,,,,,31.9844263534619,,,,,,,,,,,,,,,,,,,,,,,,,61.98,,,,,70.5276,85.3911501080864,118.691020210681,71.6083196361766,0.572301329913632,0.624322766046914,0.681862257495683,0.470271899609672,0.925213361686367,0.53134481196578,0.596082701214576,0.295487955163459,0.529336203248597,0.427158524744518,0.575230285109848,0.389235795482209,0.707016276401117,0.307256971577092,0.315469678362523,0.202042174805557,,5.22360812144497,,35088.530043862
1985-07-01,,,,,,,31.7371119463439,,,,,,,,,,,,,,,,,,,,,,,,,65.54,,,,,75.1907,83.9078738090426,118.681577153933,71.6681636531622,0.624323198076864,0.68089913273822,0.752062054316246,0.519641761464946,1.01862126689471,0.566754528554292,0.628563081906411,0.413221656077663,0.568232607506747,0.44112674643038,0.606263451606591,0.433678204228884,0.716980160801877,0.352968060860876,0.319133802859326,0.209033146605916,,5.8740718662259,,56733.8840250975
1985-08-01,,,,,,,32.476501474164,,,,,,,,,,,,,,,,,,,,,,,,,69.31,,,,,86.307,83.8834162132952,118.885598051285,71.6028104948843,0.667002468175194,0.744912939044599,0.829308071852349,0.577301848251333,1.11713603825767,0.610963163280245,0.663602758910855,0.515338859051169,0.62243336062587,0.458738653252023,0.637937269813693,0.455865430912093,0.761567121752085,0.319216882238183,0.323868938092552,0.214541621406515,,6.76707615924162,,83652.5473432596
1985-09-01,,,,,,,31.5343111665711,,,,,,,,,,,,,,,,,,,,,,,,,65.35,,,,,85.9856,83.2602423037678,118.380590411231,70.8068206783066,0.723619683325343,0.803474216390964,0.893232191648019,0.619643242385584,1.20621318193098,0.66021747821762,0.704413311215711,0.0927281832793526,0.707162428629455,0.474964154096573,0.665697288373679,0.473090627138531,0.796136105943869,0.35334068199398,0.329298463469592,0.254671299057121,,6.95211544901527,,69026.1610659974
1985-10-01,,,,,,,32.095300970932,,,,,,,,,,,,,,,,,,,,,,,,,61.95,,,,,91.256,82.081369373664,118.943778514402,70.3127701948569,0.776000218448604,0.864793638708461,0.946631583903482,0.653275770610679,1.25270974776805,0.701744700742438,0.738985104864137,0.222630145478226,0.758690297726092,0.49032638432555,0.699719883284799,0.513606661364109,0.811655249316049,0.407236682674881,0.332025871880618,0.309339621104303,,9.14563533812685,,146234.711834751
1985-11-01,,,,,,,34.1919569120109,,,,,,,,,,,,,,,,,,,,,,,,,64.31,,,,,93.5972,84.7540124083755,118.6499637625,71.4391159259111,0.84949041939761,0.939414318297973,0.990119029170162,0.697925170031138,1.28760196932619,0.798338181735621,0.776236806790875,0.28089258559485,0.879821989721266,0.505083372568225,0.733813587441022,0.572296843102224,0.837211419912045,0.388457580390525,0.336020830232931,0.572342918478756,,10.2049390422874,,210781.400586175
1985-12-01,,,,,,,32.9028981877073,,,,,,,,,,,,,,,,,,,,,,,,,71.65,,,,,95.6431,82.6395057592548,117.943165662279,70.0588382125649,0.776940599300223,0.866830835722936,0.949821088633428,0.662671103458545,1.2841436460551,0.711102842370273,0.792355074861415,0.310873961355132,0.723756665088675,0.569239397951411,0.756531227406503,0.622866502528869,0.855718696121839,0.404972742268008,0.451909067565158,0.319169744734279,,11.4121440999779,,229681.781951332
1986-01-01,,,,,,,35.2763893255601,,,,,,,,,,,,,,,,,,,,,,,,,72.15,,,,,96.9711,74.4943452261635,117.477714372696,62.8229543992442,0.77569532667961,0.857991200270495,0.958008252439956,0.657437242377816,1.26825741118519,0.689411158172894,0.817765040255074,0.299138170756694,0.696130063079068,0.621352447851065,0.808812817838044,0.640214135984015,0.913008886947421,0.393571891963627,0.512866691527429,0.318934754648042,,14.2777741342871,1863256.83825748,377945.32848606
1986-02-01,,,,,,,34.7506771453278,,,,,,,,,,,,,,,,,,,,,,,,,72.49,,,,,103.7211,63.9004145037063,117.277242854129,54.0879220999172,0.790891274892066,0.875357914439823,0.970485628505354,0.678015890630571,1.29590431844998,0.722469456614134,0.85207197620719,0.311648864253168,0.711043284150089,0.638980814683186,0.816544773316554,0.605992788774431,0.965236720915905,0.404984161039892,0.526202212088345,0.339722856420575,,13.706845922706,1913062.12596001,520989.398185121
1986-03-01,,,,,,,35.3634081728101,,,,,,,,,,,,,,,,,,,,,,,,,77.5,,,,,110.1404,59.1322716791964,116.84985790125,49.9911500937994,0.830433152691364,0.914999122399889,1.01212280631181,0.712084783314318,1.34514624695263,0.757683986909418,0.878267640546812,0.348907954900686,0.753301165470649,0.661203720804421,0.84524802659632,0.624935775063495,0.997597842944415,0.44554560494026,0.541819433396697,0.385735882134787,,13.2991987209459,1908086.14803121,751444.964537036
1986-04-01,,,,,,,35.951880882768,,,,,,,,,,,,,,,,,,,,,,,,,80.5,,,,,112.0406,56.929356012488,116.442838129674,48.3574462363032,0.884890532260832,0.976618163482963,1.08697790122463,0.773518671327178,1.43197588134536,0.802750402971072,0.907996373962645,0.396121286136641,0.807165616709015,0.689285565683575,0.876409134943208,0.639714070789741,1.03462211718571,0.459757067267458,0.557496985594102,0.386020281411419,,13.3448523419638,1939317.17893338,405387.682402321
1986-05-01,,,,,,,34.7146317459516,,,,,,,,,,,,,,,,,,,,,,,,,80.5,,,,,114.8355,56.212890798692,116.150336662951,48.0347769498069,0.965091516260932,1.06563865305265,1.19079877810048,0.863144482950086,1.5469346271931,0.862837113865413,0.938754913559287,0.440396564411949,0.886537602009261,0.723626543068428,0.9309362738361,0.724124502234108,1.07118376120614,0.499026019680283,0.572001162787864,0.403818008115453,,15.3236715083528,1986343.27388795,110710.679930585
1986-06-01,,,,,,,35.8899332190904,,,,,,,,,,,,,,,,,,,,,,,,,84.63,,,,,115.146,54.372526925889,116.064782473495,46.386520227433,1.05897730796111,1.17646700458474,1.32129325646459,0.960812834352135,1.7095528712549,0.942244597208387,0.993028375693629,0.478742914890786,0.985814256602096,0.751401021847106,0.980653595746297,0.783418346445118,1.11217983036031,0.555548033572788,0.585381208480437,0.408904532635525,,16.5587754081066,2176611.28535829,167546.123656389
1986-07-01,,,,,,,35.843057751821,,,,,,,,,,,,,,,,,,,,,,,,,90.08,,,,,121.3494,51.9305152052684,115.90795521197,45.3393702061671,1.1444012605599,1.27218522754858,1.43827145453357,1.03684365085506,1.87460769199687,1.00539947758246,1.04120763321131,0.584614033120372,1.06161469881108,0.787241874681682,1.03510255828145,0.808905924204911,1.17441228696429,0.627796309969963,0.601687128725167,0.4701057120375,,19.8069227524771,2546251.76304782,171331.509156459
1986-08-01,,,,,,,36.1959950236983,,,,,,,,,,,,,,,,,,,,,,,,,95.17,,,,,126.2962,57.6342116305962,115.898717591594,50.2778248335916,1.2568915467962,1.38270040052918,1.57621743449849,1.14218589686241,2.04545055869141,1.0739689803836,1.09129356852037,0.680702517504116,1.14794147237861,0.916206071912876,1.0829083411177,0.862076900442419,1.23154696512968,0.800444786134526,0.759286792350461,0.781234284620723,,22.2105733284721,2705268.42606654,130775.648408813
1986-09-01,,,,,,,36.1992063662199,,,,,,,,,,,,,,,,,,,,,,,,,100.89,,,,,130.7686,59.4405330996509,116.221691938021,51.3724432541594,1.37232459837747,1.50438070622098,1.72656243471135,1.25168325641411,2.23744739134517,1.15151696965735,1.15508283429843,0.368920028484961,1.2614239308642,0.973826736438848,1.14897019814925,0.929540549315831,1.29399763562649,0.878830358784803,0.825904563492486,0.837099913670721,,27.3019532078622,3611357.99088419,157191.491846983
1986-10-01,,,,,,,37.0598596663858,,,,,,,,,,,,,,,,,,,,,,,,,99.66,,,,,133.8353,57.8922221018072,116.434278795772,50.918114465189,1.47719482188587,1.62747733495515,1.86324059530649,1.35277720781464,2.38475505950151,1.22654686405896,1.22457674203012,0.481952534170136,1.34970692340989,1.01046072140143,1.21000269975191,0.953594984442877,1.36134320412594,0.954806349162295,0.852044162687828,0.89681199507386,,33.7810993609588,4081668.22763795,230740.670440556
1986-11-01,,,,,,,35.6801343640427,,,,,,,,,,,,,,,,,,,,,,,,,95.61,,,,,132.6815,58.6096857430649,116.869408401286,50.0600711584496,1.59779126832394,1.76253805619269,1.98718197155351,1.45343636041019,2.53373530844991,1.35625604196984,1.28186779470312,0.542881878528906,1.5174682541352,1.0662805834408,1.26771078103613,1.00506196075452,1.43710198505022,0.992420504661135,0.945245153085763,1.1615491614995,,39.335890005505,4725294.85806448,346145.492180908
1986-12-01,,,,,,,36.2914194764779,,,,,,,,,,,,,,,,,,,,,,,,,99.28,,,,,132.7156,60.7136879927118,117.000987509981,51.9837399988459,1.59621457177717,1.78538370406051,2.05088962028034,1.47989012889661,2.67864331972717,1.3302799980624,1.34681641746867,0.59001289081632,1.43552868654406,1.13212644681999,1.34293605902282,1.0737828053626,1.53935423787388,0.972395306358977,0.97347192786843,0.921776386898722,,48.3047388803483,5433707.20053988,417604.382930468
1987-01-01,,,,,,,30.4252664736562,,,,,,,,,,,,,,,,,,,,,,,,,96.74,,,,,136.1684,63.2421708749653,117.387608987708,53.5371499168999,1.64271350966625,1.83204744779719,2.11938826113643,1.46524256439624,2.81304435870575,1.37135914698884,1.40475068221203,0.622964751486556,1.49443980530014,1.21021616378262,1.46273300246862,1.13395556742794,1.6683611790143,0.940389542949016,1.00164994449859,0.959034835308518,,61.3674722462609,6265450.50323088,380291.756408427
1987-02-01,,,,,,,33.464707175822,,,,,,,,,,,,,,,,,,,,,,,,,96.71,,,,,137.4009,63.9819056707368,117.811989274061,53.947889615304,1.7326903602349,1.93207934299276,2.24763584329979,1.58403430899963,2.98105278027754,1.43947398853268,1.45340793462832,0.643583694616725,1.55026350776352,1.29496430930994,1.59819894780609,1.32236539468642,1.79705853406225,0.945098640127788,1.01050081226167,1.00243465745124,,79.1181241626,8112042.00496389,495248.554621397
1987-03-01,,,,,,,35.1752443660068,,,,,,,,,,,,,,,,,,,,,,,,,95.55,,,,,139.0916,65.9200331561608,118.365256278116,55.2135070151277,1.85233306218322,2.06326664031735,2.40939999688585,1.69708097423421,3.19444266284543,1.52177702738657,1.52239647846482,0.691275818367175,1.65225557527495,1.37267911086842,1.74216613345819,1.45397864355914,1.94462906549784,0.994121276651393,1.02303797045309,1.08007891123912,,99.1493888248952,11196126.4066185,1299493.51541572
1987-04-01,,,,,,,33.3512128587861,,,,,,,,,,,,,,,,,,,,,,,,,92.97,,,,,139.2941,66.7714983301579,118.966541002311,55.6016815351652,2.03091362299539,2.22665095192161,2.59702405299081,1.82242685359158,3.45073019523774,1.64891206383721,1.61166375842193,0.75435824058875,1.81408194955935,1.5634393043357,1.89496810669593,1.53328894423868,2.12854869284731,1.19878970891047,1.29316151537317,1.13337378889201,,128.0433771094,14576442.0071901,1684942.89744039
1987-05-01,,,,,,,35.8014211581861,,,,,,,,,,,,,,,,,,,,,,,,,91.5,,,,,139.2732,68.1177751960293,119.822171030727,56.2801028636605,2.22296425867437,2.42806455451057,2.84118454423978,1.99411361218365,3.77938814878233,1.77578930400851,1.69256924216775,0.816494694810051,1.97682947300895,1.70393675550376,2.04168536214685,1.6201826928235,2.32703498537198,1.34917498437635,1.32577075460688,1.44855529242275,,145.326445521198,16205293.0025604,1710538.52784467
1987-06-01,,,,,,,32.7928024095867,,,,,,,,,,,,,,,,,,,,,,,,,91.64,,,,,137.1388,69.8844852944702,120.448385834764,57.7481335469076,2.41970483651731,2.65440592878276,3.12262812173217,2.18995916785286,4.15407922569964,1.91722401302418,1.78711012227046,0.890170184382489,2.15530496129124,1.80628010754582,2.19098904645662,1.64664453954798,2.55420509635297,1.46957747171032,1.34092438608357,1.64762336615004,,164.149888544001,20784048.9137045,1847390.05288915
1987-07-01,,,,,,,35.4165984433316,,,,,,,,,,,,,,,,,,,,,,,,,91.26,,,,,132.4679,70.6781695533432,120.729130639568,59.1540510448074,2.65071458615501,2.92417173136184,3.44492895917528,2.40159733845802,4.60381055691067,2.10517939951887,1.88866445438943,0.987715956846912,2.41135386720372,1.92078023849798,2.37051745467863,1.7591600189545,2.7649683787922,1.58619897506658,1.40966924073492,1.75328090150463,,230.230884389838,30698138.2028468,1964520.75404266
1987-08-01,,,,,,,35.226446158704,,,,,,,,,,,,,,,,,,,,,,,,,90.22,,,,,129.27,68.2250551707188,121.041954615985,56.982406670364,2.90010596023865,3.18228366258674,3.74492883231216,2.59510077400575,5.02872473001021,2.29548475973794,2.01709607103891,1.12666380418729,2.65404188951803,2.14067079272164,2.5767793905729,1.92642938424603,3.02300370818311,1.80812792221718,1.71191873890147,1.87572707486108,,282.897271030079,36147918.5173832,2217909.09849395
1987-09-01,,,,,,,36.4687937376981,,,,,,,,,,,,,,,,,,,,,,,,,89.93,,,,,130.3209,68.6278699779527,121.330525737052,56.8262230559357,3.14406823777779,3.46379783185328,4.09848803755373,2.83552185663782,5.50837396349894,2.46630805036732,2.13763963114879,1.05337627049496,2.87431044939796,2.24719049555559,2.77867666256203,2.05478311593836,3.25946870637717,1.85132293016862,1.7237734604925,1.94711991094038,,330.031724084171,52749134.9417631,4359972.73625027
1987-10-01,,,,,,,37.7521131954419,,,,,,,,,,,,,,,,,,,,,,,,,90.1,,,,,126.9016,67.2330077903368,122.007292657107,56.0681863544027,3.43184410670126,3.78591369444542,4.4561993231141,3.0708093473753,5.98648019110063,2.70703558467722,2.29196404394193,1.15614396293944,3.19567588747156,2.42120472609589,3.13189514278411,2.40377893597942,3.57217706994803,1.93614729136209,1.73269673035397,2.07483744333365,,194.123839451519,31565722.7716725,2987699.83882534
1987-11-01,,,,,,,36.299286058786,,,,,,,,,,,,,,,,,,,,,,,,,103.91,,,,,129.0206,67.5612634723982,122.443006141119,55.151458097429,3.70402316990988,4.14890350527039,4.86903375302293,3.32683835102803,6.59585863360977,2.98233441634417,2.47275200973722,1.24134834081838,3.54198546985407,2.47139280963816,3.24957264255261,2.40618291215876,3.80579135130181,1.92384125035792,1.74117995984194,2.32277386892965,,107.94494024766,19357463.9085764,2540299.90974759
1987-12-01,,,,,,,35.8598490267957,,,,,,,,,,,,,,,,,,,,,,,,,122.04,,,,,135.8289,63.2569507270879,123.177644603416,51.4081266057223,4.1190319176116,4.55328576118021,5.32032703991404,3.51013820224827,7.42567584261723,3.29253000397101,2.6562154882824,1.3058497640155,3.96445916972396,2.98069233193699,3.58569943612478,2.59169597964564,4.2973704792386,2.52060977790481,2.40218214365503,2.5801612893176,,109.361674481269,18265344.8136716,1211236.4787656
1988-01-01,,,,,,,24.3194320213823,,,,,,,,,,,,,,,,,,,,,,,,,157.07,,,,,129.5655,65.1584782972124,123.624377378106,52.3944631157634,4.64394174179983,5.02650447299398,5.92088035881834,4.00071525269831,8.06975511276172,3.6056518816326,2.84155416958377,1.63664162816652,4.38902470580437,3.65058613731386,4.17366512358845,2.86083552418998,5.03120764669976,3.21110718797612,3.08513638946865,3.48688496302418,,144.543494134517,28646726.3125241,1285140.74509841
1988-02-01,,,,,,,25.1983577719148,,,,,,,,,,,,,,,,,,,,,,,,,153.52,,,,,120.267,64.4122016450346,124.236161440757,51.541324462858,4.99631258581855,5.50201139678424,6.55664732182364,4.42870883732909,8.97770047632593,3.86261398686677,3.06678063002188,1.77523920780475,4.63682518983057,3.7520830204835,4.31457720081631,2.9948893123272,5.23764202808951,3.20171811313505,3.09891163979483,3.54757833576174,,204.411762354974,35400175.1305901,1596368.20925004
1988-03-01,,,,,,,24.36916667593,,,,,,,,,,,,,,,,,,,,,,,,,96.48,,,,,117.731,64.6407472075346,124.637511292455,51.5368267418336,5.25903339473918,5.8331777671988,6.92381571007548,4.62498817421382,9.55575014215243,4.12795881643548,3.37066177495669,1.87109538184052,4.91832804299796,3.86374043304806,4.54686810186221,3.23473771258921,5.45082038948345,3.24269591225372,3.1158007279421,3.6070554349536,,176.681667939362,34895742.1291552,1592458.39073748
1988-04-01,,,,,,,24.7068776062264,,,,,,,,,,,,,,,,,,,,,,,,,63.5,,,,,115.6377,65.5823368957626,125.511652723431,51.8577421092627,5.44240388042173,6.01361293348371,7.07941789686515,4.70289149999159,9.80554474780129,4.33833151860907,3.65147644563971,1.95926665149211,5.11433027845827,4.00559664179784,4.77238168884461,3.461928008989,5.65386179557077,3.26930347942755,3.1314557081536,3.61818213599231,,160.052862704606,35018381.7438863,1210054.3746694
1988-05-01,,,,,,,23.7418527844914,,,,,,,,,,,,,,,,,,,,,,,,,53.12,,,,,113.3594,65.274257696967,125.967749555868,51.323802586373,5.58850966160163,6.16899882958067,7.18166849243971,4.77342154190568,9.95043095317727,4.55263781750922,3.95530844457227,2.07554215449114,5.29264559503055,4.10092712160611,4.92490641024346,3.65252585255886,5.80581699612624,3.30864983841859,3.14256505684832,3.64777597068971,,184.280942456879,37476599.6043254,1061054.26135126
1988-06-01,,,,,,,24.0372484262177,,,,,,,,,,,,,,,,,,,,,,,,,40.41,,,,,109.4543,64.2650698877334,127.020646491453,50.4307728825726,5.73429349052299,6.29842485541947,7.26025729364749,4.81696854444925,10.0706992331911,4.7484048292287,4.23781861245114,2.15815943808206,5.45577341643161,4.25748676470039,5.29223123299207,4.08641969884623,6.07258716323375,3.34086022596205,3.16304023177442,3.65339332839858,,184.445999013275,37679385.1814309,2087242.54037062
1988-07-01,,,,,,,24.8368703518548,,,,,,,,,,,,,,,,,,,,,,,,,40.32,,,,,105.0227,63.463548543973,128.26835343301,49.8645346354905,5.86728256574738,6.40586615141193,7.31903998509101,4.88075059403652,10.112388907327,4.92094384677348,4.53027118846842,2.28196994796855,5.5704915755445,4.42459886567505,5.6582979268293,4.15773656853978,6.64657655483245,3.39756004959166,3.18409564898349,3.68677181584417,,188.313272366238,38259676.4254875,1815727.86672834
1988-08-01,,,,,,,20.4811200782641,,,,,,,,,,,,,,,,,,,,,,,,,41.34,,,,,103.5539,63.4238697436169,128.988297303455,49.5659222946187,5.96564520172772,6.51413073645597,7.37755831245616,4.92318293924309,10.1866849199517,5.0950767368996,4.81258461845745,2.39317226654942,5.69735587647178,4.47947862680417,5.74389843186584,4.30684786010959,6.73503674377455,3.42564904896487,3.20241416664428,3.726269505876,,191.41346885762,40156609.5894146,1817516.81593116
1988-09-01,,,,,,,20.2285661375274,,,,,,,,,,,,,,,,,,,,,,,,,41.84,,,,,103.5706,61.8372090006841,129.437745810382,48.000182208765,6.06030010988721,6.57975860698432,7.35505252620436,4.92305535149872,10.1304998046141,5.2815078844855,5.09087988431166,2.70373448921308,5.8145415362877,4.61499071119483,5.99763287022386,4.71669115438829,6.83583588096572,3.47181055708717,3.21230570322378,3.80487389494297,,192.598562203921,38979835.2268601,510598.975252887
1988-10-01,,,,,,,18.5560264481085,,,,,,,,,,,,,,,,,,,,,,,,,44.51,,,,,105.1657,59.0167235246743,129.736278457513,46.2368429928202,6.13971171994915,6.64517771281223,7.33609992322911,4.94663178701707,10.0470733536409,5.4380194614904,5.39112393193419,2.80346952995668,5.90934289008033,4.6975486589146,6.20769449259802,4.83731290685437,7.04255634314679,3.51806006825193,3.2138441530856,3.87614862509584,,194.832001104645,43290837.0543421,878454.176918549
1988-11-01,,,,,,,10.9138616941409,,,,,,,,,,,,,,,,,,,,,,,,,50.0,,,,,106.5602,62.9493015127164,130.024700325807,48.4191589005962,6.2125074457833,6.71204645015384,7.34414745595968,4.9854600531917,10.0031434165417,5.59917658181542,5.62581831582294,2.87963475010271,6.03021623212753,4.783555945491,6.44491600524529,4.95533247731426,7.42976447551835,3.48096273699308,3.21640497894406,4.04869074265488,,221.559704211405,48544132.3042617,2332777.39044885
1988-12-01,,,,,,,12.6000985832071,,,,,,,,,,,,,,,,,,,,,,,,,52.3,,,,,104.5994,65.4452897152535,130.665539763818,50.0773130833367,6.23324858447998,6.74746868244215,7.3385120583876,5.02874642514846,9.9492368793912,5.66317619641878,5.86066915511223,2.95034465822052,6.00066420052677,4.81275816925693,6.51130103585033,5.08253175018491,7.50713420478249,3.38699779348004,3.08150779463507,3.79108655807505,,221.178719110925,48605524.6440603,1467828.33593104
1989-01-01,,,,,,,11.2993196183756,,,,,,,,,,,,,,,,,,,,,,,,,50.78,,,,,101.257,67.5222413054044,131.765954318783,50.9683124885839,6.26128183603674,6.83294908648645,7.35508721991006,5.0765149116957,9.88333225138503,5.86683314779262,6.17171225812348,3.06395950155228,6.18865776726218,4.80023966308667,6.50108697990368,5.02635298769603,7.4258702133779,3.29947754852633,3.08684194747986,3.76144005163444,,220.106566599886,31565571.8173648,1220992.93271635
1989-02-01,,,,,,,11.890194391639,,,,,,,,,,,,,,,,,,,,,,,,,49.15,,,,,101.0364,69.6684060996479,132.072976986822,52.5254979570782,6.30931599560646,6.91612000609421,7.35849529150544,5.10199716165853,9.86807001926188,6.09076039367951,6.47152323696058,3.16697884186665,6.34216064645286,4.79125637739846,6.43746193253024,4.94531663011562,7.48720785981785,3.25060010482706,3.09812787501356,3.72925257385708,,217.013851519254,31255378.8399507,492239.586962697
1989-03-01,,,,,,,11.8596406134846,,,,,,,,,,,,,,,,,,,,,,,,,47.79,,,,,100.9411,71.2439661676949,132.860463836327,53.4819383203725,6.38488001837327,7.01702018168014,7.40106887002801,5.14532473069575,9.90108739748137,6.26949945075859,6.70086202654538,3.27113865594433,6.51512995805717,4.82331268248617,6.52788028388343,4.98748309749299,7.59573746333013,3.27825308814409,3.11556859131981,3.76373741379354,,234.365345103748,33610664.9007055,1138951.42823122
1989-04-01,,,,,,,12.0654465633992,,,,,,,,,,,,,,,,,,,,,,,,,50.09,,,,,101.3574,72.1928358778204,133.111881283683,53.8904816138702,6.5063983551857,7.11972204677124,7.47368792284468,5.21004816380335,9.97247875741746,6.40072424995426,6.91203740759862,3.37798647443974,6.61629185181978,4.94155599734925,6.66212476417489,5.12841794272848,7.68673109384696,3.34360489121083,3.13281327782625,3.84048838021237,,268.766754031958,37546971.4177217,859684.584534298
1989-05-01,,,,,,,12.3378783315951,,,,,,,,,,,,,,,,,,,,,,,,,51.83,,,,,99.1265,71.2200731325942,133.483435488893,52.8366843835648,6.6361664662305,7.23016268701366,7.53758619308729,5.27262735355806,10.0355363495238,6.56698358725032,7.1569987059727,3.48541079101549,6.74564458875557,5.08889229887375,6.89871909182459,5.56110615212231,7.79939588988509,3.40499638443405,3.14873492987933,3.89655599546268,,285.468809533462,41468019.5097369,1133403.1635948
1989-06-01,,,,,,,11.716504444049,,,,,,,,,,,,,,,,,,,,,,,,,56.68,,,,,97.8152,69.9419290991685,133.222093709169,52.4870656227635,6.7467006865903,7.33763186476243,7.59510233637173,5.31594714909795,10.1060210136268,6.74010050019617,7.40196723966374,3.59393977649472,6.88727333992357,5.17620795634872,7.13364361890816,5.8378723166854,7.92032460669117,3.42201449059304,3.16664327756524,3.91974533185657,,339.020452748771,47132490.6833006,2393801.28109355
1989-07-01,,,,,,,12.7762860956718,,,,,,,,,,,,,,,,,,,,,,,,,47.03,,,,,100.4449,67.909314805739,133.032510453253,51.2823598161621,6.85505189567571,7.45198471377168,7.65770705701542,5.3751205206201,10.1638681944432,6.92241461775918,7.66144197906156,3.68045772109943,7.04215544852738,5.2456572789883,7.27641639553938,6.14690229747046,7.97553436768232,3.48741268786983,3.18818485020312,3.97242082189688,,351.366431549231,50369554.3909347,3313397.36499888
1989-08-01,,,,,,,13.3074165937888,,,,,,,,,,,,,,,,,,,,,,,,,34.76,,,,,100.1042,66.6469499907219,132.932440922182,50.4651964690415,6.97064936688787,7.58204224196496,7.7395881582424,5.45978792778913,10.2284803505314,7.11545138155224,7.93416663244993,3.78274250547955,7.20692865301435,5.2973207894717,7.3355232590355,6.3092872117044,8.02946744674197,3.55730974723426,3.20253132740005,4.06262346816338,,389.037273132249,52662153.1740579,4260328.8409595
1989-09-01,,,,,,,13.7101021201786,,,,,,,,,,,,,,,,,,,,,,,,,34.35,,,,,99.6116,66.8014726887969,133.133662227947,50.4234715584968,7.09362547936047,7.73562999095484,7.85254008057784,5.56541338511003,10.3371592733753,7.3199599236875,8.2402033132291,3.60609906684779,7.40186453951507,5.32011973416391,7.32214263574549,6.10675777036595,8.09713553532251,3.64105251610435,3.24215316748098,4.16779907279408,,426.39809234103,61693465.276208,4357437.46598353
1989-10-01,,,,,,,14.8430225534991,,,,,,,,,,,,,,,,,,,,,,,,,37.92,,,,,101.6471,66.5883414889024,133.232746101663,50.4918351707096,7.22937046994177,7.89132349072568,7.9602205206098,5.66844614349874,10.4569770991488,7.51044366497069,8.53077184035421,3.70314255011739,7.56308192817599,5.36620390230434,7.39383984714826,6.10635154720213,8.18140773174508,3.7310102851466,3.35047872812628,4.228787232716,,400.187129231042,57142007.7769945,5943940.1902872
1989-11-01,,,,,,,10.9755847956128,,,,,,,,,,,,,,,,,,,,,,,,,38.99,,,,,101.8439,68.5503200165788,133.33547911453,51.4840010280631,7.31120624840016,8.02478420406962,8.06167974744259,5.72856790514438,10.5722365519197,7.70713457808281,8.80368493370507,3.79399004415997,7.72209438957429,5.36411636323592,7.41612121725909,6.04345550454971,8.32924464547599,3.69907238113111,3.37802318891638,4.3634439134526,,375.947957453407,56196531.4716884,3347552.22032843
1989-12-01,,,,,,,14.3310477713313,,,,,,,,,,,,,,,,,,,,,,,,,40.55,,,,,101.3978,70.1091449450696,133.600082836015,52.4189148901004,7.4498319885806,8.17088472564611,8.17167215736208,5.88106155276856,10.6528459448346,7.88788182593927,9.06600486083285,3.88455122713756,7.87212871919455,5.50349481049155,7.46568675702193,5.81316459645602,8.57018819833118,3.84636671271436,3.42788659979173,4.50678205785841,,436.875615227212,60357207.2786581,5692854.69817483
1990-01-01,,,,,,,14.9523106235419,,,,,,,,,,,,,,,,,,,,,,,,,41.29,,,,,99.588,71.9991988423602,134.221034597715,53.4136707775719,7.6751119779718,8.36488340807678,8.31820464778976,6.06112563314542,10.7100870280131,8.14145042239082,9.3519566095673,3.9439746870388,8.16501619734548,5.91819994784272,7.84138637233369,6.4434093469867,8.70062579439293,4.22777440558247,3.45758075328527,5.80399800872053,,466.690490851015,63379877.8289525,2824444.92283068
1990-02-01,,,,,,,15.2159845549921,,,,,,,,,,,,,,,,,,,,,,,,,45.2,,,,,99.1407,71.8871668220143,134.070928593538,53.4552852106021,7.82191686844608,8.47223571684216,8.38785623991414,6.12397020252371,10.7672384466437,8.32928870236249,9.60807290372725,4.02590429810606,8.29362422288683,6.15416460836752,8.25297331108266,7.35440600784735,8.87225384230409,4.21763937965741,3.46827719713895,5.89416071866939,,501.181966840918,66774046.473099,4726617.6261521
1990-03-01,,,,,,,15.7681142688014,,,,,,,,,,,,,,,,,,,,,,,,,46.65,,,,,97.9166,68.9787077866005,134.27613264723,51.2946636044812,7.9735410735765,8.61827282068448,8.48203221561385,6.22789183367291,10.8346032024306,8.54492128484771,9.89411920641758,4.13394529681841,8.48907506539132,6.33353615032337,8.67552886142902,8.12360734669519,9.07294962806865,4.24419837011197,3.48220816775859,5.92821391164398,,489.839118088737,67623331.6234444,3733549.4627526
1990-04-01,,,,,,,15.8284010077632,,,,,,,,,,,,,,,,,,,,,,,,,44.64,,,,,98.1292,64.5418123931173,134.497640545541,47.7940967081098,8.12915416955625,8.81244849735904,8.62344658654685,6.36136973557324,10.9678724223199,8.79630834008252,10.2455709347132,4.265705552733,8.71112330779896,6.35646337987571,8.58887575536053,7.42668908694917,9.33897889352099,4.32450100885275,3.48842502350599,6.02679802109498,,529.247440682788,73326130.2615784,5003609.33399211
1990-05-01,,,,,,,15.757559830018,,,,,,,,,,,,,,,,,,,,,,,,,36.92,,,,,99.1225,64.3530601810567,134.581482619632,47.4556394505258,8.31183181383994,9.04395301216752,8.82143491762457,6.55073169711577,11.1584327487988,9.06417035246363,10.5724257760132,4.38240229915179,8.96765148960938,6.38353644269497,8.52961218922823,7.02091770974739,9.5246386268329,4.44173408439418,3.52846252093076,6.18321205063252,,600.580455571446,80529874.5935537,6797844.92276715
1990-06-01,,,,,,,16.3460349029811,,,,,,,,,,,,,,,,,,,,,,,,,32.38,,,,,97.8908,62.4167585228479,134.738746944577,46.3537529658769,8.51976097011361,9.29992609009668,9.06684477715863,6.77845366374488,11.3974872109481,9.32584537877404,10.9226543123212,4.51578977263423,9.19716063124172,6.44651156055109,8.42408800534779,6.61192716208941,9.58054149694079,4.700822539061,3.83153300934969,6.42655255617259,,598.261174634121,84408764.3956487,5215733.23121126
1990-07-01,,,,,,,15.7414946793403,,,,,,,,,,,,,,,,,,,,,,,,,30.66,,,,,98.7806,66.3381928641879,134.808500652575,49.2905656735145,8.7165615844189,9.53027403436931,9.27983266705964,6.96445969933666,11.6215296537623,9.57140291392551,11.2830481739275,4.65026110077332,9.39690475016282,6.53893819612886,8.53607572170872,6.76068124476714,9.69419078196321,4.82143719094397,3.85368729520283,6.63929091217383,,666.920177509468,93035521.1595214,3148214.37121423
1990-08-01,,,,,,,16.1280041051591,,,,,,,,,,,,,,,,,,,,,,,,,29.72,,,,,100.5097,79.5424665108067,135.527836563302,58.9724942253294,8.91302935938812,9.73885394254448,9.45999143395455,7.12937138187988,11.7975453744154,9.81271511581543,11.6414542129141,4.78563445783517,9.58822279088399,6.68145890139884,8.75931899481955,6.96189219641225,9.98043666521648,4.91233576356204,3.87492081629132,6.76559074881272,,568.861491924989,83486998.1379958,4104423.48217578
1990-09-01,,,,,,,20.0223397419093,,,,,,,,,,,,,,,,,,,,,,,,,30.14,,,,,101.6499,88.0971905568365,136.371407445246,64.7920103746642,9.0842470686367,9.91897084417987,9.59996808737603,7.23940152620584,11.963870083462,10.0425840183074,11.9906702933375,4.91903337519966,9.77263129766149,6.81430012910004,8.95736854895492,7.09148513709756,10.1709960554824,5.0105189566375,3.91138868384127,6.88944222320054,,533.216273733701,85068310.882169,4668347.32954327
1990-10-01,,,,,,,17.8308121329259,,,,,,,,,,,,,,,,,,,,,,,,,28.7,,,,,104.2062,86.2947773295075,137.311271792612,62.9167833966219,9.24648504751692,10.0976089508638,9.74084830958672,7.37523473981949,12.1336100078317,10.2390777948368,12.3410717264422,5.03591165352786,9.90799718399147,6.88648534204092,9.09345812859251,7.26415983495095,10.2598867230869,5.08480295947725,3.95108082160828,7.05868928350159,,617.878923925731,90770522.3754306,5043480.59862331
1990-11-01,,,,,,,20.4801099136664,,,,,,,,,,,,,,,,,,,,,,,,,24.82,,,,,103.3488,84.8983038653215,137.306262012904,61.99139207096,9.46382988540452,10.3426970363735,9.94569173744977,7.53610230822896,12.2954238813542,10.5448189372008,12.7063170899408,5.15171749681896,10.1999425629378,7.12721972716623,9.2766726276999,7.62862318211723,10.3712746939156,5.3523377502224,4.37438214440801,7.35666488506588,,619.058453555071,94634020.1706635,4628001.95713966
1990-12-01,,,,,,,19.7073023040032,,,,,,,,,,,,,,,,,,,,,,,,,25.99,,,,,99.7171,78.0369156760418,137.248331308148,56.796730056804,9.65940631115902,10.5479975892079,10.1079208124743,7.73168280132517,12.4914429849035,10.8249995192328,13.0522356595691,5.31721931161502,10.4595383758372,7.25581598393793,9.35545767468705,7.53201059161618,10.4995752059151,5.5187830622027,4.46724790002892,7.43851622643552,,644.889185954136,95433538.4823573,4018391.1883534
1991-01-01,,,,,,,21.8730867008933,,,,,,,,,,,,,,,,,,,,,,,,,23.64,,,,,97.9159,72.2065993226905,136.966682055608,52.5224723539823,9.78937989177328,10.7283370934977,10.2389193312595,7.81662078429673,12.6479467471467,11.058669512834,13.3952458901498,5.45741369277075,10.6638887866052,7.37320468524993,9.50704109004689,7.62505961452946,10.7167910762832,5.53971454962992,4.48818674996994,7.6150942453373,,647.69876785951,98462702.1563592,2011318.08825144
1991-02-01,,,,,,,19.9552199254244,,,,,,,,,,,,,,,,,,,,,,,,,23.15,,,,,97.8073,67.4852397129936,136.623348928577,49.2384479057692,9.93930097184223,10.9007030834634,10.3813340307416,7.92671242470864,12.7964211603043,11.2794208868256,13.6901250658575,5.581416401414,10.8406120593923,7.47343526868395,9.54318988496388,7.45728203492507,10.9789564435203,5.62356604729474,4.58087366247068,7.79252073849717,,694.232016284592,100963813.080829,4274832.89159102
1991-03-01,,,,,,,20.6789700795467,,,,,,,,,,,,,,,,,,,,,,,,,22.04,,,,,93.5347,68.408089638046,136.30996748214,50.1617299424259,10.0935337404683,11.0729451962408,10.5246691376158,8.05130401182343,12.9514088393094,11.492353969825,13.9584254738356,5.7226725450611,11.0278719337571,7.59397430580935,9.68939491125036,7.77824789267725,11.0090267267039,5.78240924298859,4.70502583863964,8.02560723703988,,795.457411340478,115036340.750601,5022659.48586243
1991-04-01,,,,,,,20.0883232894467,,,,,,,,,,,,,,,,,,,,,,,,,21.12,,,,,91.4418,68.5521931634738,135.983014615256,50.2637122696066,10.2283466384097,11.2171795242731,10.6594713201624,8.160178419436,13.1048819227755,11.6365178387445,14.1975912344753,5.85655579747074,11.1275093059842,7.68550865865382,9.73928284508866,7.96505969827026,10.9333732759967,5.85233399499749,4.71442722336982,8.12320622290174,,901.053257804356,132541464.075004,7791712.58006351
1991-05-01,,,,,,,19.7886834080746,,,,,,,,,,,,,,,,,,,,,,,,,19.77,,,,,90.8643,68.8977707621899,135.699975175698,50.4246799972589,10.3624042308856,11.3415135277192,10.7645101673894,8.24389585263496,13.2296562678969,11.784171734663,14.4133184816543,6.00225619433041,11.2387057079247,7.79827372573256,9.92133554322936,8.31428427119271,10.9628688695549,5.91373876267964,4.72984190662205,8.20642760128278,,1006.39859125378,171684172.72637,8518385.85769866
1991-06-01,,,,,,,20.8831749375551,,,,,,,,,,,,,,,,,,,,,,,,,17.74,,,,,88.8185,68.0510834249504,135.564083840179,50.2543829791871,10.4918677399578,11.4688408851713,10.8715813236799,8.33427066902319,13.3451827700015,11.9354892560068,14.6072740851902,6.15051434163274,11.3661898040275,7.90687550776732,10.1647538250371,8.7905553960838,10.981437700198,5.93059712200643,4.75423918906678,8.25920974732865,,1045.53386092845,178491431.388367,8672530.02169605
1991-07-01,,,,,,,20.0624590185059,,,,,,,,,,,,,,,,,,,,,,,,,18.47,,,,,88.4219,67.9771840654988,134.978516689702,50.348745044559,10.6235492645926,11.6083013720573,10.981590332876,8.40630155701749,13.49478841821,12.108950784466,14.7968563924662,6.27939507030539,11.5403839730954,7.99721746193235,10.3033831301234,9.02195793239796,11.0819456050416,5.99314477476309,4.7779461628939,8.32242866656959,,1190.54879193272,203709465.21466,22846286.7123601
1991-08-01,,,,,,,20.676849879172,,,,,,,,,,,,,,,,,,,,,,,,,16.71,,,,,89.2298,66.7677273438176,135.638740556098,49.4346896387227,10.7433477788547,11.7473636449871,11.0911696411705,8.48024621364021,13.6372010689577,12.2831944142296,14.9810196839586,6.40700490650631,11.7146385043615,8.05800867262061,10.3675855244091,9.08711813192615,11.1919127516842,6.06768796082348,4.79632194036783,8.41541200293829,,1241.05871483086,219992351.660485,9048214.80139831
1991-09-01,,,,,,,18.3054356023835,,,,,,,,,,,,,,,,,,,,,,,,,17.55,,,,,90.5193,67.4776663434218,135.548115716102,50.0061152967258,10.88365435333,11.9173392623445,11.2520986882501,8.60317772062241,13.8334356030861,12.4594033646333,15.1916320852524,6.55789547658847,11.8950466484027,8.11977817545849,10.4169448475125,8.94275653860167,11.35202980391,6.15702088483707,4.81339197547491,8.5424137619706,,1306.46368380992,244347417.380146,19583695.4720918
1991-10-01,,,,,,,19.3040395993164,,,,,,,,,,,,,,,,,,,,,,,,,17.87,,,,,90.6981,67.4560064451743,135.725886863849,50.0709677662828,11.0453752475129,12.103803740398,11.4164295133886,8.73958218381861,14.0730831832941,12.6544795092134,15.4206389782496,6.74015145502651,12.0813721335086,8.15899766623736,10.5408782194459,9.07343905077608,11.4824434471461,6.18366639340594,4.82371424467478,8.60898185622442,,1388.70834652533,262858286.914256,8287058.631364
1991-11-01,,,,,,,17.2896254792297,,,,,,,,,,,,,,,,,,,,,,,,,16.62,,,,,90.203,67.3190734109371,135.793556415495,49.6386357500023,11.3020623938641,12.2849783265741,11.5549173369161,8.9161901165405,14.0108657534612,12.8584513879629,15.6817079952959,6.8457055133717,12.26603965396,8.73248627411583,10.5650989918377,8.9964875777219,11.5899460037281,7.23152910854057,5.91117957133279,9.87195544084249,,1366.86732745586,267700140.239609,9497851.31693537
1991-12-01,,,,,,,20.3820954838363,,,,,,,,,,,,,,,,,,,,,,,,,16.65,,,,,89.4401,64.0975371982468,136.069404630827,47.0201225897222,11.4814617103542,12.4154713735571,11.6833768804254,9.14344402695516,14.1312820390389,13.0552159125951,15.967567352615,6.95745777910956,12.4146229514814,8.89491929727659,10.489058148675,8.54457671536432,11.650183945055,7.70317372750318,6.31213373525078,10.1777006605,,1426.93007881865,295440888.428547,12699984.7638287
1992-01-01,,,,,,,15.9082245222061,,,,,,,,,,,,,,,,,,,,,,,,,15.31,,,,,88.3777,66.0605358865189,135.733600176597,48.3960694908626,11.5883323997484,12.5590252404,11.7329319931495,9.14007717228407,14.2329827063602,13.3148030008965,16.2925614648774,7.11096349902581,12.6688732041867,8.98647930386936,10.6393037594136,9.05538382399728,11.6625701054172,7.67512157744973,6.3456603430936,10.1775956153693,,1665.68821467747,326394606.301816,13505854.640986
1992-02-01,,,,,,,15.7990806382367,,,,,,,,,,,,,,,,,,,,,,,,,14.56,,,,,86.2608,66.6063661301202,136.152214271658,48.7884843363703,11.7017176696581,12.6611945319324,11.7827125012601,9.13388789362333,14.3334806009187,13.4814212906602,16.5189989264927,7.22414360042078,12.80182224093,9.13132587233726,10.8714298731442,9.65563943202596,11.6504152345782,7.67558729337936,6.36954558142054,10.2650899087138,,1939.27096414371,379902500.821724,14336928.9766061
1992-03-01,,,,,,,14.5185507879784,,,,,,,,,,,,,,,,,,,,,,,,,11.84,,,,,84.4599,67.5345538230555,136.396056933278,49.4937002125637,11.8227388567924,12.7680798238158,11.8426996647106,9.1663817612137,14.4242022844807,13.6557724000916,16.7071893300166,7.35528535409861,12.9660719495251,9.29282817429101,11.2122619609961,10.5115928868769,11.6825425163272,7.72098979447826,6.405881942764,10.3511900553572,,1850.51927400399,406524218.69442,20174043.4280289
1992-04-01,,,,,,,13.8097757474123,,,,,,,,,,,,,,,,,,,,,,,,,12.44,,,,,84.4496,66.9981075859947,136.489484042829,49.009721521091,11.9419294986446,12.8947885630782,11.9207124458357,9.20790766746449,14.5350522910141,13.8465474583912,16.893208279528,7.49613892452867,13.1728273244759,9.4051994633818,11.2477631298718,10.4464786799372,11.7672281173095,7.8011603431611,6.44262302265855,10.5063210437786,,1835.31856268179,424793997.250843,13925657.6506839
1992-05-01,,,,,,,13.9968826753362,,,,,,,,,,,,,,,,,,,,,,,,,13.6,,,,,85.8513,67.8925787264353,136.989323075589,49.3328726365263,12.0423246947191,13.0553167183818,12.0481284181332,9.2998208144288,14.6931041414887,14.0479822561622,17.0901512193908,7.60967202217851,13.3933175992244,9.33568507743985,11.0101387691828,9.5956019835799,11.8986594136147,7.8832413982783,6.50138849613767,10.6305816787035,,1769.73134903653,422034572.248875,15350723.4384581
1992-06-01,,,,,,,13.565394307092,,,,,,,,,,,,,,,,,,,,,,,,,15.03,,,,,87.3854,69.3395088056831,137.499190658254,50.4320905387686,12.1387945307683,13.1997497848556,12.1503177568293,9.37919785505276,14.8054175256635,14.2455583546308,17.2934814217248,7.74454196351765,13.5980924571301,9.31724902231868,10.9123761951153,9.08792792393823,12.0753824097291,7.94781343202367,6.56261846099526,10.7317023185504,,1615.1053136357,408469439.903719,17652027.141323
1992-07-01,,,,,,,14.4764857051232,,,,,,,,,,,,,,,,,,,,,,,,,16.23,,,,,88.6282,69.2111764747561,137.401183220162,50.3387536980898,12.2541893203919,13.3454841773044,12.2611265769672,9.46507072714347,14.9312331456018,14.4308526379946,17.480891871634,7.93346829564356,13.7853577367797,9.34811317865548,10.8741253690359,8.87983543996491,12.1678468749577,8.04554178158654,6.62003332694175,10.8484098006825,,1574.30518955519,396327826.240971,12959113.3162686
1992-08-01,,,,,,,13.886887763762,,,,,,,,,,,,,,,,,,,,,,,,,16.49,,,,,88.2803,68.7589174785293,137.53700005698,50.1210874401414,12.3766499537361,13.4940374046526,12.3740265549476,9.55422865470125,15.0600842312293,14.6210551662616,17.6707362477475,8.10991002038655,13.9760040052511,9.40101861095886,10.8770916239087,8.726089585906,12.2907786650677,8.15247669155221,6.66789668526139,10.9880368506446,,1387.39499618265,354191501.539572,6241512.5738664
1992-09-01,,,,,,,12.4064135449749,,,,,,,,,,,,,,,,,,,,,,,,,17.54,,,,,87.458,68.3712141195739,137.718479130619,49.7859466208152,12.513861620282,13.6516535521375,12.4869398869684,9.65031033639374,15.1833026652311,14.8351357132991,17.8486918055956,8.96622000069609,14.1636108564063,9.49576195982476,10.9618455469761,8.81112699378908,12.3830793190416,8.2467469245614,6.71481003946711,11.088287323362,,1381.52879708606,348990409.570131,7566433.91268816
1992-10-01,,,,,,,11.3892663596719,,,,,,,,,,,,,,,,,,,,,,,,,19.39,,,,,86.2347,68.4281108287549,137.915466458282,49.9931961713773,12.6534929709579,13.7869102009432,12.5939953043145,9.72663702401677,15.3607736577908,14.9970164125193,18.0041463639223,9.14526872252738,14.32423266115,9.58065541186125,11.1537011844095,9.05690776863968,12.5058768732877,8.31803703895193,6.75226053390857,11.1558463035615,,1621.68437339487,398743215.253397,15094287.0883919
1992-11-01,,,,,,,10.6049910561438,,,,,,,,,,,,,,,,,,,,,,,,,18.15,,,,,83.0397,68.1015117247862,137.950005446107,49.3977019055424,12.7748020758324,13.9973634842023,12.7673769352646,9.79668890263941,15.5364522376306,15.1854550855089,18.183713112494,9.25932982164177,14.5290203745569,9.65461730121539,11.2789673688446,9.29633397954861,12.573100002971,8.35551450964244,6.81104345140864,11.3329362103596,,1689.09756605337,414749931.683816,12124217.6169056
1992-12-01,,,,,,,9.80080252187175,,,,,,,,,,,,,,,,,,,,,,,,,16.88,,,,,81.6362,68.2605679925776,137.998630758843,49.3973370529921,12.8862587652071,14.0483316820444,12.8175847721021,9.91135464343049,15.7209950901232,15.3330219898011,18.2380458696919,9.38294060493677,14.7255753770502,9.71619936669503,11.5350009192529,9.74682799147175,12.5496762629593,8.40647133880015,6.76179890817727,11.2286260883727,,1714.11996249011,416930755.110371,9291954.01710697
1993-01-01,63.2741,103.7939,32.321,68.1286,56.7712,,10.0667557047004,,,,,,,52.53,55.07,56.2,53.12,19.45,,,,,,,,,,,,,,16.72,,,,,79.9239,68.0555069682598,138.203801981499,49.0267706266596,12.9581506448533,14.1417848310417,12.8660517148261,9.9240252123136,15.7897706648808,15.491614237968,18.3450200998882,9.50614250742398,14.9261618630343,9.75143285090247,11.533548659526,9.86525334689247,12.6463946448369,8.41021708195775,6.84804088505183,11.2496235918625,,1664.15736902353,408618381.945374,11244195.0773133
1993-02-01,65.7562,104.8233,32.3373,70.0542,59.0705,,9.56709031122406,,,,,,,53.22,55.87,57.36,53.68,19.2,,,,,,,,,,,,,,17.74,,,,,78.937,68.7005288171212,138.327524459206,49.5917180033423,13.027391807381,14.2534296136177,12.9584667310501,9.99994696991609,15.8754676178847,15.6057394205019,18.4616979979173,9.59221265928835,15.0316575495042,9.75297592165217,11.4279750890169,9.4803835789177,12.6999626356402,8.43594544445334,6.93326336812578,11.3097173911169,,1590.77229008047,392430860.016385,7955530.53955584
1993-03-01,66.2257,106.0337,32.1504,70.1967,59.7753,,10.0439668565626,,,,,,,53.79,56.39,57.92,54.2,20.03,,,,,,,,,,,,,,17.47,,,,,75.0528,68.4258034344259,138.441479744554,49.4336331038375,13.0785239713355,14.347956644496,13.0281451990605,10.0521259869343,15.9570582459852,15.7381892844596,18.5893075104529,9.76643755729407,15.1640307713028,9.71593141033233,11.3020844084867,9.18694290569368,12.7162978740869,8.46700115722915,7.00462723655649,11.35208058419,,1751.6585941054,407295963.384567,13045834.0502184
1993-04-01,65.395,106.6237,32.249,69.1745,59.205,,9.2354642393428,,,,,,,53.19,55.59,56.55,54.7,20.8,,,,,,,,,,,,,,16.17,,,,,73.4863,67.9300971514452,138.960197013247,48.8505020600333,13.1240106297163,14.4231068652303,13.0781887660268,10.0634638828279,16.0018633886728,15.8566525219445,18.7294622901324,9.98593602877679,15.2591867600609,9.78281321774519,11.2174235180391,9.06781174244426,12.699566150717,8.51829220714507,7.08161790430949,11.5073530759089,,1675.31267045884,404764773.282734,13986822.0989216
1993-05-01,65.3877,106.171,32.1387,70.6659,58.8204,,9.6195657134057,,,,,,,53.98,56.74,58.31,55.04,19.55,,,,,,,,,,,,,,15.04,,,,,74.1314,67.0574871204052,138.845648742847,48.1742245803033,13.2068786329592,14.47740661652,13.0943058073151,10.0639183483537,16.0132875911649,15.9582798723328,18.8502355639625,10.1868698141428,15.3442231064485,9.91536495455177,11.3725261529352,9.38043261139856,12.6704071270727,8.61458589552948,7.18415133073267,11.6207271192659,,1547.21435675392,387060515.674436,6157895.90386825
1993-06-01,64.8995,107.0547,31.6767,69.2017,58.5171,,8.88054611817014,,,,,,,53.56,55.87,56.7,55.27,22.27,,,,,,,,,,,,,,15.5,,,,,73.3886,64.2828620921464,138.651110691681,46.3173329484287,13.2966380148132,14.5607721227523,13.1377025988275,10.0785453076403,16.0762417836351,16.0834094276702,18.9567148927083,10.3291070118043,15.4741215746508,10.0298905577241,11.5053240254217,9.66374381690019,12.6863464331962,8.71952144276526,7.27878322235211,11.7348638227781,,1716.21142605369,416557703.032352,11250310.7345939
1993-07-01,65.4891,106.8638,31.3811,68.8023,59.7516,,8.47503188108373,,,,,,,53.51,55.75,56.74,54.91,23.39,,,,,,,,,,,,,,13.85,,,,,72.055,64.2642257149966,139.14488657287,46.1560558839401,13.4052552433208,14.6660232108619,13.2147675115907,10.1324677907039,16.1614398871926,16.2204952835949,19.082065849222,10.4583130143736,15.631520021228,10.132631395026,11.596850491695,9.73686358147475,12.7844919928693,8.85358052054245,7.37508912106153,11.8330599176872,,1787.72235813463,431440312.55981,18798035.3586136
1993-08-01,65.6462,106.859,30.9204,69.605,59.9794,,9.61343297472518,,,,,,,53.25,55.74,56.63,55.0,21.87,,,,,,,,,,,,,,13.68,,,,,71.8167,64.2875392793927,139.272630276127,46.2035833077177,13.5451318300184,14.8064670179814,13.3294325147176,10.2340461250799,16.3023835941489,16.3839370010771,19.2058836182765,10.5550081896765,15.819470239484,10.2273892820541,11.6759615431558,9.8742657503097,12.8274674038044,9.00001627363429,7.476589262583,11.9355369416664,,1878.66998744319,446569245.780837,16567554.2587655
1993-09-01,65.4952,107.6211,30.7685,70.6204,59.6101,,8.53802022299868,,,,,,,53.71,56.29,57.38,55.15,22.32,,,,,,,,,,,,,,13.71,,,,,72.3752,63.9032329774033,139.265656141298,45.9735974968841,13.6896727331095,14.9447309597589,13.4462221017408,10.308639801601,16.4740523725884,16.5468137894459,19.3336743251354,10.9716459923741,16.0132958414466,10.3663087924801,11.8025889997873,10.1481237172665,12.8882224293008,9.15191818527417,7.59492553482554,12.0481285243165,,1898.07123774045,459821951.607577,14779183.249796
1993-10-01,65.7846,108.6707,30.1155,70.8752,59.9101,,7.97366158504613,,,,,,,53.78,56.2,57.54,55.04,22.65,,,,,,,,,,,,,,13.13,,,,,71.6809,62.7435391669709,139.419391628355,45.4959236171049,13.8181576328326,15.1106471032731,13.5794331918415,10.4110600054206,16.6624409600246,16.7505223496898,19.4876299981892,11.1107146370126,16.2389841762525,10.3478191037603,11.7616013720017,9.85659242274636,12.9431045394585,9.25870040301546,7.63214606028229,12.1525275821206,,2056.32910644093,485731983.74828,21014503.8031944
1993-11-01,65.8199,108.919,29.5359,72.8113,59.3183,,8.60560893849009,,,,,,,53.53,55.98,57.22,54.96,22.77,,,,,,,,,,,,,,14.38,,,,,71.431,64.1008935745814,139.730889604714,45.8454736102141,13.9291519374368,15.3088608502819,13.7485765158065,10.4880471456398,16.8286596950856,16.9031805806198,19.6617793080252,11.244822419537,16.3703387462967,10.3808330912312,11.755093653469,9.86036506123306,12.9809033520516,9.34920297852049,7.68664242596918,12.4137244898257,,2161.7459479937,522377541.261767,33655693.6289806
1993-12-01,66.8269,108.901,29.1006,74.8535,59.9164,,6.14923983537812,,,,,,,56.05,57.79,59.28,55.09,23.4,,,,,,,,,,,,,,11.78,,,,,69.6727,63.8613853437359,140.211245773321,45.4810996839024,13.970505029623,15.282417914831,13.7177985662944,10.5599725437805,16.9200644181627,16.9909902805836,19.74371493857,11.380137890822,16.4669741352977,10.3828350363405,11.8997694311147,10.0154096724491,13.0062910642822,9.4463340930449,7.63789432778708,12.3549385973807,,2501.40606140539,597439651.934863,34111113.2754902
1994-01-01,67.2986,107.6882,28.6621,76.588,59.7737,,5.9227647937745,,6.12558808779576,,,,,54.56,56.9,57.44,55.6,23.72,,,,,,,,,,,,,,10.52,,,,,68.3142,66.5874488925454,140.402232694582,47.2370523848911,13.9659232516417,15.2760631760619,13.7198496150897,10.5743157832618,16.88652952228,16.990817194973,19.8193841660825,11.4989681512047,16.4140067452488,10.3938551013065,11.8826886905167,10.2887771030896,12.9657789360912,9.3802365879837,7.69745562558291,12.3699492084437,,2763.14758628184,662390511.34756,32791339.39674
1994-02-01,66.9483,106.4203,28.0421,79.3859,58.2511,,6.12573789145454,,6.26359767255448,,,,,54.92,57.08,57.63,55.93,25.43,,,,,,,,,,,,,,9.45,,,,,68.8684,64.7260439392029,140.567320004952,45.9536366630544,13.9894642761756,15.3447748966964,13.7620223803702,10.5998216404728,16.9240518709872,17.0709876056138,19.9096167292054,11.5861439339685,16.4608643779609,10.3564611507183,11.7092084574473,9.76340104721238,12.9523550893069,9.38381735686412,7.79549165592716,12.3583089652332,,2641.67826055355,652823060.766305,36793389.0817
1994-03-01,67.6791,106.7289,28.21,82.247,59.0235,,5.45072032261503,,5.75835569267604,,,,,55.06,57.2,57.74,56.23,25.33,,,,,,,,,,,,,,9.73,,,,,73.2466,65.9806957385188,140.901681586442,46.8241209641654,14.0128464071291,15.3732571811073,13.7717597982649,10.6371971113958,16.8816284197493,17.1225667583803,20.0028596070404,11.7703378271834,16.4927710644496,10.3883858486365,11.6863893452645,9.86962154141614,12.8715858432551,9.39567897446742,7.86847948248982,12.3938978599669,,2403.76922583254,626385964.137757,26282596.6828211
1994-04-01,71.101,106.6297,28.0241,83.736,64.3437,,6.21064377600199,,6.20402928986512,,,,,56.05,58.31,59.83,56.91,24.96,,,,,,,,,,,,,,15.79,,,,,74.6595,66.785096017451,141.198236630836,47.3082292513698,13.994253136824,15.4126562982721,13.7990277669151,10.5921182507429,16.9016351572998,17.2120803394651,20.1115243328863,11.9274060839391,16.5505365564949,10.4213919587193,11.6020393159004,9.74429456212971,12.8864010358978,9.33542613783315,7.9361742470967,12.4286944920842,,2326.76917870943,604854264.217608,22429978.116014
1994-05-01,68.3968,107.2556,27.6585,82.5763,60.395,,5.57209257508703,,6.15588467043927,,,,,56.29,58.43,59.52,57.37,28.45,,,,,,,,,,,,,,16.36,,,,,74.1242,69.0889936922193,141.352758591384,48.8227599040267,14.0671403659218,15.4788770251254,13.830214830197,10.5847976799383,16.9517136218165,17.3063794567383,20.2197569865446,12.0876963082483,16.6343817414324,10.4820601387081,11.62756892614,9.66690911656297,12.8968948746066,9.423492960466,8.03960267202138,12.4793968873751,,2456.26139065123,627209596.062169,20893156.2408206
1994-06-01,68.3317,106.6031,27.7263,82.096,60.8119,,5.72216229359046,,6.38531905530037,,,,,56.69,58.69,59.92,57.56,28.59,,,,,,,,,,,,,,16.18,,,,,75.5373,72.333704947288,141.898793671223,50.8621657922626,14.1648493450093,15.5939520175719,13.9268478193933,10.6433053110027,17.0713481961013,17.420960789507,20.3215105047101,12.2385347156626,16.7359397248942,10.5430030979314,11.6652900781616,9.75998628461602,12.8935528756848,9.50872382215625,8.1117616129237,12.5534338695645,,2324.23156849574,608265260.689839,21765281.22786
1994-07-01,68.2218,106.8342,28.0445,81.0975,60.7632,,5.23954650412284,,5.54691985555897,,,,,56.95,59.07,60.35,57.91,27.63,,,,,,,,,,,,,,17.07,,,,,77.6318,75.5234505326696,142.173712593072,53.0763657889419,14.2901971650124,15.7094398275212,14.0364061407316,10.7242386750995,17.1897678042097,17.5385610851873,20.434211537622,12.3586496558343,16.8748006571449,10.660611789475,11.8347298719162,10.003902832994,13.0016220079124,9.63454272692015,8.15418174562769,12.6506951641124,,2480.5841912267,628620399.545452,16303661.2143
1994-08-01,69.0267,107.1093,28.1424,81.622,62.0331,,4.99697844266142,,4.97096255778473,,,,,57.23,59.46,60.91,58.06,29.17,,,,,,,,,,,,,,14.46,,,,,77.0657,73.6542473959787,142.84265135374,51.5174763256163,14.4572006271134,15.8613859517406,14.1707629838631,10.8816599590296,17.3315279303814,17.6943610908829,20.5590240967996,12.4649796608386,17.037803607812,10.7738058829984,11.9876040260633,10.2885375872866,13.0577274560482,9.78744040615687,8.22669764163516,12.7656136428846,,2640.89708742788,668498532.356395,38308955.0971347
1994-09-01,69.2477,106.243,28.5868,80.4299,62.8829,,4.83101147207054,,4.84519180387784,,,,,57.25,59.6,60.89,58.2,28.36,,,,,,,,,,,,,,13.76,,,,,77.8151,73.2451749938933,143.651826813467,50.9877623460718,14.6288456778901,16.0251632254344,14.349774631784,11.0857178368384,17.4676758990656,17.8285324247649,20.6995097331875,12.6190031894639,17.2490223801183,10.8921130342045,12.0952650344187,10.5231863723319,13.1339348234908,9.93791578706335,8.31371061601973,12.882322383563,,2790.9289610833,693424479.171547,25285644.5945974
1994-10-01,68.8101,107.1551,29.3433,81.2898,61.9266,,5.14749679511637,,4.82962801703689,,,,,57.48,59.56,61.22,57.95,29.66,,,,,,,,,,,,,,13.6,,,,,78.7498,72.6822006396203,144.205205003973,50.8513730827555,14.8102577861785,16.2300840050181,14.5534031395393,11.287091900028,17.6610690056026,18.0198954745396,20.8634143556207,12.7709175426511,17.4295974269117,10.9661087579237,12.2338792437655,10.6445239803295,13.1521145173965,10.0656166713516,8.35948429967968,13.0214567912096,,2619.26345992951,684283498.157993,20162038.1544454
1994-11-01,68.5995,106.1574,30.0845,78.8818,62.5265,,4.3813036612577,,4.2946555007081,,,,,57.85,59.8,61.56,58.23,30.87,,,,,,,,,,,,,,13.74,,,,,78.6637,74.5131139127597,145.03731256859,51.3071480122056,14.9431290092003,16.4582071572076,14.7753634877571,11.4615362722934,17.8180342893065,18.2046087890899,21.0405792150575,12.9299064170016,17.5984196063242,10.9853937085781,12.2873282140682,10.7575155169668,13.2516765222911,10.0632309906469,8.3276777166185,13.1946828955025,,2525.83746442495,669539523.773474,19574931.7706481
1994-12-01,68.4192,105.8577,31.1314,77.6215,61.6255,,4.91189353227018,,4.89634384349196,,,,,57.14,58.72,58.21,58.55,29.16,,,,,,,,,,,,,,18.51,,,,,88.0884,75.2666704484232,145.957727401573,51.5959535998208,14.9898068251072,16.5047020666354,14.8190833099045,11.6145379005457,18.0049846367447,18.3141745518511,21.1491032158933,13.0766654143066,17.7421969468854,10.9209481574449,12.2620340775434,10.6879883292123,13.1813080778744,10.1954702676765,8.32007348708542,13.095704032975,,2279.32731306419,615492297.504287,20972350.391583
1995-01-01,69.4001,106.2625,31.7634,67.3676,65.1587,,4.51162526953642,,4.60874023974188,,,,,54.5,58.19,59.83,55.73,17.85,,,,,,,,,,,,,,37.25,,,,,120.6125,76.2284564756884,147.089709148299,51.7596244921045,15.3869320439457,16.9438771968233,15.3591637229477,11.9452335451176,18.7379674759885,18.6651749202161,21.5712545046925,13.1893781517414,18.09303962998,11.2146200250986,12.6562077287615,11.0081899777625,13.7711682322544,10.2718867725666,8.62533941032653,13.1837394971547,,2075.00163620383,567540028.417091,29734789.8804163
1995-02-01,63.1824,105.0133,32.7777,55.0045,59.7709,,4.29081052339719,,4.24355701950667,,,,,53.93,57.68,58.94,55.74,16.54,,,,,,,,,,,,,,41.69,,,,,120.75,76.3255307534648,148.29381333266,51.4779678859703,15.9786357957583,17.6463725885116,16.1237276437999,12.5022665741622,19.6718272633824,19.223878743932,22.284590936511,13.2674650635455,18.591698039097,11.584160370961,13.2949355190749,11.5784183761195,14.3484860675967,10.3072883622604,8.66730528823108,13.3751274839065,,1571.44381704587,474051311.059746,14101875.865365
1995-03-01,62.1771,105.4609,33.2715,55.0042,58.3209,,7.72935376139738,,6.07115480482703,,,,,53.25,57.05,58.08,55.53,16.43,,,,,,,,,,,,,,69.54,,,,,138.4297,75.9446904198076,150.024726287402,50.6877984319273,16.8647985695458,18.3789967169503,16.8851775326873,13.0954972578107,20.5989684893762,19.9028988865115,23.0739607841179,13.4817035442457,19.4172294465622,12.7284052029273,13.9934950535325,12.4311251293386,14.960771671995,11.6903337208511,9.66982652639671,15.5809074764646,,1842.6215209084,510180845.492355,13866073.5090246
1995-04-01,59.5692,105.8461,34.3211,55.2073,54.1836,,11.366959054342,,11.2465612171653,,,,,52.71,56.08,58.03,54.13,17.85,,,,,,,,,,,,,,74.75,,,,,123.5495,76.4451465988213,150.269026170499,50.7878457444721,18.0918001935326,19.7011827232121,18.3412416000004,13.9802642633545,22.5471443870079,21.0937062258944,24.5804678936867,13.6624327810179,20.6669837292101,13.8950321381431,14.6131559692571,12.8748670858835,15.7934697809237,13.0984825084069,11.4455700833431,16.8434734044821,,1993.05355785981,544991198.697065,14465091.5407557
1995-05-01,59.2219,105.8566,34.8268,50.0558,54.741,,9.79877745198174,,10.3647690294537,,,,,52.21,55.8,57.49,54.11,17.65,,,,,,,,,,,,,,59.17,,,,,112.2471,75.9521129808716,150.73948097109,50.2926327132403,18.8803928884868,20.6584732196657,19.496468894413,14.8230117219137,23.9933089995538,21.7682758916156,25.6145941848644,13.8425469208598,21.2084918480733,14.2609191746521,15.2697855655051,13.6515277301029,16.2721548533947,13.2380375268727,11.5150383525498,17.0479403567209,,1952.25216400322,522693380.496535,14654314.964063
1995-06-01,59.547,107.0044,35.3926,52.2478,54.6362,,10.1797428209798,,11.1942255417557,,,,,52.58,56.13,58.0,54.15,17.87,,,,,,,,,,,,,,47.25,,,,,114.1509,74.8046556657552,151.080786009796,49.3998516722357,19.5388433155007,21.4270801964714,20.3932060473808,15.555496966118,25.021402547189,22.3371614261,26.4106861831505,14.0899695289165,21.6443731332836,14.6423901337108,15.9127980940093,14.7181038277031,16.6483641987588,13.423610528481,11.6582342829247,17.2621961899444,,2231.8333087907,598212242.328693,13497846.7719624
1995-07-01,59.9986,107.2294,35.6968,51.9761,55.4632,,14.9570744444119,,11.473591104477,,,,,52.61,55.96,57.51,54.33,18.29,,,,,,,,,,,,,,40.94,,,,,110.2455,73.7684204392239,151.558671372223,48.6318273612355,20.0271418558758,21.9607083736638,21.0071358023208,16.1033523691078,25.6694196729436,22.7586543131425,26.9804879963108,14.3124870918935,22.0315004710444,14.9732038283209,16.3801084880428,15.6247829018279,16.8353798570646,13.7137235422909,11.8867027564756,17.4361304140169,,2378.05215807522,647059699.920889,19465970.6365768
1995-08-01,60.1158,109.1827,36.1281,53.5718,55.3073,,14.8642957831811,,14.7292880902559,,,,,52.78,56.03,57.81,54.12,21.28,,,,,,,,,,,,,,35.14,,,,,107.2578,73.4746551776357,151.103833235251,48.5537062502735,20.4961679213851,22.4775069711725,21.5618709967474,16.6082085336377,26.322319920616,23.2029716042496,27.4512643469555,14.5459766248189,22.4436424215995,15.2298130245183,16.7536774526211,16.0736825411013,17.1500375170172,13.9676185078934,12.0658734949447,17.6202536743083,,2450.49422767775,651577294.998261,20725721.8715885
1995-09-01,61.0912,109.3277,36.6598,55.9492,56.1443,,16.17175395081,,13.3349126774763,,,,,52.84,56.25,58.03,54.35,18.21,,,,,,,,,,,,,,33.46,,,,,105.9845,73.6208954163992,151.013568620564,48.7376501205992,21.0013970036985,23.0346440932858,22.1748286489955,17.1107765305079,27.0562872558485,23.6670618541067,27.8902067926016,15.0985417694337,22.8853450741921,15.5287391860647,17.109812673148,16.569599141024,17.4981852363973,14.2412226233529,12.2510649225233,17.8994290264873,,2413.17222557134,634955509.896661,22301198.3385422
1995-10-01,58.5604,82.3124,36.7831,56.385,57.1851,,16.273823320509,,11.2779234647837,,,,,52.59,56.24,57.91,54.52,18.28,,,,,,,,,,,,,,40.29,,,,,111.2667,71.8715315853277,150.995122348598,48.0729706038288,21.5565546783953,23.5862701949318,22.7931609697341,17.6132200773162,27.7941781221068,24.1169756837902,28.3543938401348,15.2836043967668,23.3352654500979,16.0122996312943,17.9562592660623,18.0444850509035,17.747694414303,14.5425499154473,12.5001231597081,18.1891624880469,,2376.95915601685,632542177.484869,19140743.86759
1995-11-01,62.4623,105.4158,37.183,60.1292,57.8899,,20.4410228324299,,21.6836753656903,,,,,52.94,56.71,58.72,54.59,18.11,,,,,,,,,,,,,,53.16,,,,,124.2378,74.1416371102316,150.931041111632,49.0245482534441,22.0984083370343,24.1779898510894,23.4461881026283,18.2295206335728,28.3646741791205,24.6160593506647,28.8576985286339,15.4625443298981,23.9277425911662,16.5287666499805,18.8216486753715,18.6911223153946,18.8829208575972,14.7355908759247,12.7913635058346,18.4156594755134,,2636.34378760779,671573750.906414,20062348.018027
1995-12-01,66.7279,111.5134,37.1942,66.7864,60.0886,,12.1675771532904,,11.6942663004685,,,,,53.96,57.35,59.24,54.65,20.16,,,,,,,,,,,,,56602.0263946869,48.62,,,,,119.7625,75.3183617709996,151.004710043796,49.9309489595804,22.6971068844991,24.7790216697939,24.1100658713082,18.8921615441658,29.2221184399656,25.1385664145673,29.6547696053189,15.6455015981127,24.4267481399721,17.002150198208,19.4235006915644,18.9899611567611,19.6160971217277,15.3792116277984,13.1520475105868,19.0485541557796,,2689.21765693181,676697580.154955,25752907.0795458
1996-01-01,66.2192,113.6454,36.9661,64.3704,59.2771,,17.982245639274,,18.0805375509083,,,,,53.72,57.35,59.79,54.14,20.42,,,,,,,,,,,,,54949.390414323,40.99,,,,,112.644,74.7080515144986,151.045768534015,49.3748785880765,23.2724416188122,25.3502837364682,24.7688767794027,19.3926364319089,29.973143498591,25.6869006761729,30.3277561430773,16.0406787547816,24.9960528284129,17.5340884405513,19.8659615714374,18.8201847945604,20.60314649189,15.8985209393148,13.5570426346227,20.2299250736591,,3034.52552317888,744022115.311346,26746387.7370844
1996-02-01,65.7841,115.0202,37.2443,61.9217,59.7314,,19.3442195513969,,19.1798805720944,,,,,53.54,57.14,59.64,53.77,21.19,,,,,,,,,,,,,56496.8004608886,38.58,,,,,110.3057,75.142062234078,150.83304091883,49.804171885439,23.7543738833376,25.8642790484705,25.3245829110015,19.8193969896704,30.5870533210583,26.121365522358,30.837227513811,16.1262286909963,25.3980851616304,17.945524156964,20.3986589945845,18.5139427254156,21.5640621152338,16.114859909134,13.893529204189,20.3674544363679,,2867.19208110174,720567653.748304,25210803.672518
1996-03-01,66.9396,114.5745,37.1511,62.821,61.4685,,19.5585821061359,,18.9375848060598,,,,,54.58,58.13,61.29,54.17,21.79,,,,,,,,,,,,,59962.7225467514,41.45,,,,,109.4024,77.7919804054344,150.288893439469,51.8251816832978,24.2396843995991,26.3777413176566,25.910776653386,20.3005321612954,31.2802124497344,26.5178884959998,31.3690752019452,16.3626183242449,25.8333066324153,18.4192626331963,21.0312289170765,19.4138659733803,21.9928100424995,16.2949059810966,14.1325483979101,20.5859530966498,,3088.13404239337,784931783.285346,46041599.1132851
1996-04-01,66.3664,116.1409,36.946,63.7212,60.2697,,19.707247494497,,19.8365879537063,,,,,53.77,57.28,60.37,53.86,21.11,,,,,,,,,,,,,58282.7917478155,35.21,,,,,104.7595,76.0346140032364,150.274739763458,50.504575842892,24.8192141626295,27.0348453539289,26.6538382664117,20.9910100283639,31.9409848974622,27.1140532482239,32.1270153613749,16.5570583885646,26.4043773041017,18.9792783930774,21.743420420619,20.586471062152,22.5894185934015,16.5883637816253,14.7133949962512,20.8105056706113,,3204.18863089356,811526113.330581,28147967.5517016
1996-05-01,67.4228,116.1426,37.13,64.7559,61.4981,,18.7491197941295,,19.4690379760998,,,,,54.2,57.69,61.12,53.94,21.51,,,,,,,,,,,,,60807.0035550648,28.45,,,,,102.2257,74.7272300646252,150.539623174967,49.5709851480374,25.3364575997196,27.5215625760723,27.1333502900531,21.3129687194515,32.5691546958819,27.5689499038229,32.672055380547,16.7348085523877,26.8598200641414,19.4846574999447,22.5523522838134,21.2257678996331,23.3830885644897,16.8378930100398,14.9478635266093,21.0066692749407,,3224.23749617754,833595229.204284,29793896.260997
1996-06-01,68.5571,116.5444,37.3196,66.4551,62.762,,18.5800893055412,,18.2650547914786,,,,,54.4,57.91,61.26,54.28,19.75,,,,,,,,,,,,,63436.5787001261,27.81,,,,,101.9089,75.2148024825183,150.73049868598,49.8127320841803,25.8294992103031,28.0648126491661,27.6658412417174,21.7526712255263,33.2205858571594,28.0903523784428,33.1104506028377,16.918646325838,27.5068627451688,19.7961555673091,22.9068387122202,21.1270927132613,23.9973002519968,17.1398078286186,15.2327212483707,21.2538010501156,,3192.70635722065,846090996.525425,44103419.9079975
1996-07-01,68.3591,116.6484,37.3099,69.6007,61.837,,22.6993618104464,,19.5150714603229,,,,,54.81,58.38,62.11,54.24,20.74,,,,,,,,,,,,,62911.6808997702,31.25,,,,,102.004,75.3923828632456,151.158848427055,49.8469701743649,26.3155936960358,28.607894958901,28.2332575967034,22.1778931912804,33.9121753337669,28.5837719630918,33.6906176373772,17.1233910279887,28.0176625651926,20.0980340576843,23.1943588865203,20.9381817363277,24.6276629914708,17.5028912664042,15.5112649518823,21.5758857250495,,2973.719258932,809745852.611052,20916218.2830119
1996-08-01,68.393,115.164,37.4659,68.1863,62.5295,,19.9156693713414,,19.2526499116389,,,,,54.95,58.37,61.78,54.43,22.53,,,,,,,,,,,,,64212.3002868696,26.51,,,,,99.9454,75.5884514258107,151.498139983205,49.8332335707936,26.8192633184556,29.1175743577148,28.760911036457,22.6019400825426,34.6035381356894,29.046190511653,34.1726928341439,17.296976170799,28.4582460758376,20.4783089063233,23.6409565697238,20.918599630635,25.3433212404254,17.9098493960737,15.8674008698748,21.9056516585052,,3236.77077569001,844653046.995679,25519051.7038936
1996-09-01,68.5662,116.6459,37.1107,67.5683,62.7349,,23.1001581657967,,19.0532914302827,,,,,55.46,58.51,61.93,54.74,24.15,,,,,,,,,,,,,66403.1752302843,23.9,,,,,98.5335,76.3908445281731,151.889694814188,50.2781360795646,27.3099929252208,29.6311169057703,29.2789338158771,22.9658544878463,35.2940817962983,29.5238972128812,34.6255350849292,18.309935111461,28.9177101186563,20.8581198061535,24.0189544310007,21.1544708149987,25.9125499344552,18.2913089845774,16.2160667129107,22.2175651226004,,3288.3591501477,841494748.751958,18941731.8698668
1996-10-01,69.8687,117.4815,36.9969,69.8586,64.1103,,20.1543524946528,,19.3415928889724,,,,,55.99,59.21,62.44,55.53,24.06,,,,,,,,,,,,,67270.3418978809,25.75,,,,,98.813,77.0566669471167,151.382269736675,51.3297427393522,27.7764544075201,30.1101984459915,29.7490276424779,23.3263325205509,35.8938953866767,30.0015825126422,35.0276294494628,18.5139096439717,29.4515810746082,21.2040867962285,24.5132942404448,21.3801904938153,26.2936390269503,18.6262245332343,16.5737709326477,22.4896977211738,,3358.84080574448,850685108.603805,22754461.9890403
1996-11-01,70.627,117.5987,38.1498,68.9218,65.3785,,21.7124274167961,,23.8531666657128,,,,,56.22,59.6,62.86,55.87,22.39,,,,,,,,,,,,,69753.6522567484,29.57,,,,,100.9528,77.1164654343052,150.228305594335,51.2200383557615,28.1578942574024,30.5611140305762,30.2477283420706,23.6859281491708,36.4622184636849,30.3928410223954,35.4675294445383,18.7154389552139,29.8794997011725,21.5730522556161,24.9520150458965,21.4562225794316,27.1770965800265,18.8569999485352,16.9073927406466,22.7668209052126,,3276.93374775598,817379648.940358,21107983.6942917
1996-12-01,72.5325,119.3048,37.1823,73.2973,65.5813,,19.1414443215411,,19.5746757939925,,,,,56.58,59.93,62.95,56.09,23.71,,,,,,,,,,,,,71225.6879829597,27.23,,,,,96.4707,77.3516115162165,150.864571795919,51.3328244311152,28.8979903092993,31.1557433613404,30.7523545873307,24.1479566315295,37.1531976542782,31.0437676944803,36.3355130933445,18.9134717437445,30.588478143253,22.5601101480739,25.2634909107037,21.2404421193635,27.8173988537425,20.6475053242992,17.4910958484632,26.1913439804145,,3286.68894087505,818128712.129348,21729019.4794982
1997-01-01,70.7071,119.2269,37.9366,68.2952,64.5151,,20.2859196638151,,20.3525944579712,,,,,56.59,60.06,62.92,56.47,24.03,,,,,,,,,,,,,72727.3234176339,23.55,,,,,92.2802,77.775697861806,151.111068651466,51.3970427959008,29.3570174688763,31.6516557786356,31.4368825966653,24.7543324743491,37.7993692808534,31.4543580206085,36.9473354423024,19.1482635189625,30.9518976764667,22.8412668884827,25.8158892746577,22.0530819633275,28.3034265257056,20.7167621693146,17.614264325505,26.5538327720362,,3692.81812359052,899214703.005819,33807017.7986332
1997-02-01,71.2662,121.6978,37.5628,67.7872,65.6347,,19.5803167216217,,20.3508068065688,,,,,57.62,61.01,64.16,57.15,25.77,,,,,,,,,,,,,74304.648441493,19.8,,,,,88.4842,76.8525849117463,151.2212160901,50.8069626879976,29.774791990953,32.088214382106,31.8178827698626,24.96218982793,38.2902758022932,31.9295725001833,37.4095385753824,19.4007501475097,31.4003831026965,23.2214573731109,26.2027345717189,22.6788736584163,28.4422701571612,20.965285003994,17.8727572561041,26.9109721632959,,3871.31980706354,941193032.901959,29958737.335407
1997-03-01,71.7111,121.0837,38.1773,67.4263,66.4221,,19.7396668320692,,20.2916649180815,,,,,57.28,60.6,63.46,57.05,25.61,,,,,,,,,,,,,80250.0229999995,21.66,,,,,89.0033,76.6971431220733,151.839938311206,50.5510725203942,30.1432727148146,32.427647646644,32.1147770717055,25.1428125384236,38.7348968075826,32.2968869929186,37.818159910589,19.6318698553879,31.8596531684748,23.701715103271,26.6670505132519,23.7893977379977,28.3699604061818,21.2690452299947,18.1119959343941,27.4428880165132,,3707.47524190336,911865975.799073,20491584.8690615
1997-04-01,72.7843,120.8935,37.28,71.1582,67.3736,,18.90388502755,,19.4251833993267,,,,,58.4,61.6,65.0,57.87,27.78,,,,,,,,,,,,,79429.3175241531,21.35,,,,,87.4502,73.6636034520053,151.925107942528,48.4135474812463,30.4181101862699,32.8021992399114,32.4846653145993,25.3644433032756,39.1950900844252,32.6979262561514,38.2093715821733,19.8766344145664,32.297129650789,23.8149741805394,26.6011158806628,23.5417957787052,28.6111892516699,21.4804756165618,18.2953360590348,27.9768871496565,,3711.60170166872,908388102.609508,24370790.0377681
1997-05-01,73.5413,122.6551,37.2714,72.4668,67.7737,,20.0535316686269,,20.3326715352859,,,,,58.54,61.67,64.89,58.02,27.24,,,,,,,,,,,,,81079.4387612724,18.42,,,,,87.7243,75.7633954716707,151.838140899001,49.8487691820504,30.8027108201446,33.2472521601631,32.8799946927848,25.6189811819061,39.7247367040788,33.1689414638746,38.6366573197708,20.0787018163812,32.8484354213987,24.0275883108017,26.6174815580032,22.9626779834446,28.8979676096499,21.8110173925418,18.6635719929713,28.159547040914,,3947.97096966656,960281122.258127,19921702.9443652
1997-06-01,74.3658,124.3039,37.0125,72.0251,68.9601,,18.5147943878444,,19.5363020800246,,,,,59.37,62.32,66.02,58.2,29.73,,,,,,,,,,,,,82692.045023037,20.17,,,,,87.6987,75.3212308644439,151.712050195389,49.5910598028742,31.1719938617428,33.6809775187768,33.2645276427965,25.9216884102782,40.282244137165,33.6339789772914,39.0616749291687,20.2773433279225,33.3738500807856,24.1846734309162,26.575688481296,22.5562151317379,29.1002051224297,22.1524195798,19.0163209270761,28.3721241006244,,4340.96482474605,1038843426.71731,43501382.5193336
1997-07-01,74.9779,124.5807,36.9755,72.2912,69.9979,,19.5012616972452,,19.3453619351868,,,,,59.18,62.05,65.4,58.26,30.09,,,,,,,,,,,,,84618.8244582464,18.8,,,,,85.2859,74.7524917815956,151.439700431593,49.3323408965461,31.5768239713149,34.1122648331574,33.6470853449225,26.1552403973391,40.8028288036268,34.1004909439657,39.4962384828994,20.5098107893186,33.9120427189354,24.5024432723568,26.9145491771567,23.5020177734961,29.1417646966486,22.4717084191687,19.3220405470858,28.5841674315951,,4997.71758007219,1171542562.94628,50411429.1134221
1997-08-01,75.5331,125.819,37.1254,74.2038,69.8833,,18.6013192873811,,18.1564977581199,,,,,59.77,62.64,66.17,58.63,29.94,,,,,,,,,,,,,86853.0846402894,18.93,,,,,82.3144,75.1365531190224,151.756058979311,49.4700116309547,32.0118105625204,34.5084652698527,33.9604766320858,26.3766673157975,41.2650390228649,34.5800127748202,39.8975570557216,20.7324853222063,34.4424666440719,24.9105492210402,27.5493228453515,25.0965681315261,29.0870203856634,22.7554395227192,19.586467452848,28.7717209627526,,4616.36311005585,1117882486.68312,62106030.1027427
1997-09-01,75.6578,126.3388,36.9255,73.1691,70.3169,,19.0462440562285,,19.8573344601918,,,,,60.0,62.81,66.5,58.59,30.67,,,,,,,,,,,,,86966.7919964068,18.02,,,,,81.8914,74.4781546877688,151.807031263669,49.0802041434421,32.4250247560639,34.9625312551426,34.390494964529,26.7649536343447,41.7102276882372,35.0325261293126,40.3351669666863,21.9241838337984,34.9546281895658,25.2413187615436,27.9347500678547,25.3530014860939,29.6098632017336,23.036464182447,19.8802118596153,28.9393037531791,,5501.18388496314,1272594984.45407,44603254.4589252
1997-10-01,76.5804,126.5908,36.8537,73.2488,71.743,,20.9128383621676,,21.5806677339327,,,,,60.61,63.54,67.35,59.08,30.45,,,,,,,,,,,,,88830.8121826893,17.92,,,,,82.204,75.0067178575818,151.748078244004,49.7420496337611,32.7838939257993,35.3935909608822,34.780326196831,27.0803142855027,42.203667593095,35.5125225356687,40.7277431230746,22.1466028562483,35.4926689364518,25.3507910458411,27.9299958353634,24.5131017903128,29.8872535456005,23.3214033613927,20.2034391555731,29.1729998974157,,4889.14186789769,1162978970.57805,49181856.4674974
1997-11-01,77.1456,126.5504,35.9457,72.5707,72.7788,,17.8467986646054,,19.3443632845303,,,,,61.22,63.83,67.86,59.16,32.83,,,,,,,,,,,,,91515.3093962199,20.16,,,,,85.987,74.6029554334797,152.262824078851,48.9190909202237,33.0814721459977,35.824992347827,35.1818372038205,27.3806217311346,42.6590221684583,35.9648803430209,41.3380900696583,22.3660623571071,35.9057081313453,25.5191259069746,28.0244842714553,24.4986035780385,30.2197771100962,23.458365932131,20.4716578115444,29.3022547423456,,5052.24439978134,1214812625.68406,31816857.8568859
1997-12-01,77.2909,125.2873,35.9187,73.0938,72.6447,,18.5201123929354,,18.9159392096277,,,,,60.94,63.71,67.54,59.14,32.65,,,,,,,,,,,,,92558.3244761327,18.85,,,,,81.6067,73.5355697166156,152.698848105288,48.2029138906913,33.3662239535439,36.2301445213026,35.4970999741105,27.5629599593121,43.1763254300379,36.4336345947889,41.9543391292745,22.5674777042684,36.4032752495558,25.5985689553392,28.208214203563,24.71562899595,30.3463989634867,23.7067393848357,20.6277107989434,29.4106494365172,,5162.29529228235,1238682689.1913,31295667.5731302
1998-01-01,78.243,125.0086,35.6795,72.0365,74.7377,,18.4827382676482,,18.5102425786404,,,,,61.69,64.25,68.35,59.3,33.53,,,,,,,,,,,,,93887.3983766189,17.95,,,,,79.5093,72.5295312655056,151.418275431603,47.829515610118,33.7894144956626,36.6239381219321,35.9088528756089,27.9208242664356,43.5577517495299,36.951592114142,42.5925091233413,22.8978981992342,36.9385272228815,25.9735861633199,28.6402885801363,25.8267979187096,30.4523667537246,24.0644927488847,20.8023230950979,30.4387809889752,,4674.51042521496,1143502869.84869,27966838.5470518
1998-02-01,79.4678,127.9669,35.2443,75.3895,75.2498,,18.1190646492481,,18.1093864836349,,,,,62.44,65.11,70.08,59.29,32.7,,,,,,,,,,,,,96051.1024947598,18.74,,,,,81.8795,72.4627752196175,151.72417013298,47.7313151038177,34.2997570100496,37.1992540857421,36.5107272377538,28.5177805128578,44.0715249739684,37.4693245955166,43.1198796129164,23.0888495170205,37.4034825622009,26.3542441935179,29.0404287994883,26.5471495654341,30.6719041417012,24.2647960088448,21.0124925479985,30.7236307207568,,4781.12507835945,1165780947.52723,28548194.9037709
1998-03-01,79.9629,127.4804,34.8063,76.8061,75.6559,,17.9546691880963,,18.1460214461056,,,,,63.54,66.08,71.63,59.48,34.79,,,,,,,,,,,,,96573.5582474839,19.85,,,,,81.6267,72.0394161048699,151.196963918363,47.6493817530684,34.7407423480373,37.5477570983468,36.8444476495861,28.7536138475319,44.5250077621012,37.8243484495814,43.5929664782618,23.318823408473,37.7721690197275,26.9738608901752,29.911453435119,27.7991782163177,31.1831082965634,24.5064428039915,21.2343376161655,31.0751581898972,,4867.35884395745,1186341302.92734,30495716.7789268
1998-04-01,79.6368,128.3816,34.5881,76.3928,75.5136,,17.5755697719018,,17.699105166961,,,,,62.8,65.61,70.95,59.44,33.19,,,,,,,,,,,,,100485.590745636,19.03,,,,,80.4115,71.6694322682471,150.921014144014,47.4338821865571,35.0727458024907,37.9767261006328,37.2677502720321,29.0511073941767,45.0376752841121,38.2550057206934,44.1125455401024,23.537333719726,38.1732244048267,27.0700129286934,29.9391649355491,27.6831561507147,31.4691836309088,24.6819373203905,21.4561920904289,31.2466290281319,,4968.25381270671,1199386119.33961,27135265.1954061
1998-05-01,79.9705,128.4866,34.6674,76.4489,75.9242,,17.2306510388851,,17.8442534757642,,,,,63.44,66.2,71.88,59.74,33.54,,,,,,,,,,,,,101910.449297938,17.91,,,,,80.6206,71.3916312038083,150.798443977054,47.3199617958346,35.5004904166223,38.4446917085595,37.7031863212096,29.3674277023916,45.5769250150139,38.7313532730907,44.5871001623981,23.7777557907987,38.658146040431,27.3613416575638,30.4154742073945,28.6061281444023,31.6256549148266,24.8200925506442,21.5490519869116,31.3813421374201,,4441.09219574489,1122048158.20479,46719566.7543638
1998-06-01,79.0409,126.3572,34.6556,75.4577,75.1855,,17.4915835196352,,18.4634740403204,,,,,63.11,65.92,71.4,59.63,33.1,,,,,,,,,,,,,101958.312685878,19.5,,,,,81.8666,70.7140280056049,150.66450281894,46.8933978842631,36.0164127037785,38.9914577843475,38.3107220520392,30.1220385422157,46.1244112903239,39.1763791644771,45.0449618208391,23.9890786897895,39.1085902065232,27.7580444220999,30.92491675483,29.3702623796135,31.9128113342383,25.1731841497164,21.8055651927503,31.7328115201877,,4091.60785144529,1038679548.89716,24906771.1886456
1998-07-01,79.2233,126.7997,35.0736,76.6556,75.4389,,17.5096773490034,,17.7077899628452,,,,,63.11,66.12,71.53,59.92,33.32,,,,,,,,,,,,,105002.934938001,20.08,,,,,81.0041,71.1242218440181,151.046806454005,47.044550799695,36.5025219127294,39.4678319474582,38.7739129700102,30.4395791141259,46.6945242068899,39.6446312083004,45.5133656990967,24.2296915063889,39.6003591256227,28.2543937728563,31.63509680521,30.3073284813263,32.5896191679501,25.4868555222754,22.0585734729467,32.0621759249919,,4180.97436587768,1034642928.33171,24891032.2901268
1998-08-01,79.6922,126.2835,34.5645,76.5916,76.0358,,17.9448777303691,,17.9413486498238,,,,,63.5,66.51,71.89,60.32,33.04,,,,,,,,,,,,,106742.240492839,22.64,,,,,83.0837,70.2216572488856,150.494218089283,46.6230327655542,36.991032047767,39.9757866892648,39.2652207724459,30.8118589216973,47.3385458306581,40.1615277491537,45.9974790909289,24.3841952876485,40.1674382259093,28.5859923750103,31.9981669198085,30.0683065912653,33.1991080412809,25.8047633759542,22.2778402790094,32.4525009509351,,3017.50293511228,811472564.118984,18334515.5792652
1998-09-01,79.5242,120.8719,34.3596,79.2519,75.6367,,16.7191120502151,,17.4856620488451,,,,,63.37,66.44,71.51,60.56,32.58,,,,,,,,,,,,,106858.7333985,40.8,,,,,93.0844,70.1086263512917,150.780396000641,46.5535064520424,37.5587224594784,40.6668038226937,40.0566927250972,31.5747617214233,48.0805409324497,40.6824621195443,46.6948005285475,25.8991318853311,40.6232128827119,28.9294540783726,32.4016099635507,30.1712510205908,33.7831505645916,26.0995048327426,22.4931631238244,32.8007995476977,,3780.50173906776,896916173.118518,31627029.1709132
1998-10-01,79.6954,119.3096,34.4668,78.3775,76.3481,,18.7534246506012,,17.896417618246,,,,,63.66,66.66,71.98,60.32,33.86,,,,,,,,,,,,,109954.570512342,34.86,,,,,94.1694,69.7260669870275,150.397616339966,46.5794589628055,38.1551932473922,41.3063331882953,40.7891571519428,32.2902350303999,48.8408328823195,41.2153790568203,47.3155971946657,26.1288560987414,41.1001935308085,29.3405627193556,33.0978307961155,31.5909002248046,33.8089841198233,26.3589862304021,22.7805659426371,33.0727581021721,,4325.16875982993,977038401.143757,24877820.5869148
1998-11-01,79.6661,128.0135,34.3261,73.5342,76.0557,,17.6255277672165,,17.9305121549152,,,,,63.65,66.91,72.14,60.78,32.62,,,,,,,,,,,,,109753.313685327,32.12,,,,,90.4202,69.205485886981,150.117752830653,46.0798251873975,38.7425324612913,41.8566487880848,41.3203581988926,32.6232997650125,49.537260317119,41.7662033698128,47.8812703596235,26.3626097053171,41.7376852330864,30.0822273005112,33.9269815580373,33.4965892400325,33.974378576338,27.0198283829043,23.8860222167275,33.2361930274736,,3904.3558904607,905887499.996176,24090040.9295631
1998-12-01,80.3714,129.0302,35.1981,77.5534,75.9637,,17.8764261285698,,17.7767822145791,,,,,63.98,67.14,72.03,61.37,33.05,,,,,,,,,,,,,112180.244652338,33.66,,,,,88.161,68.9358375718036,149.608253022672,46.1064133235991,39.5014487429396,42.4806944125836,41.9229959955286,33.0712058683259,50.3046540750411,42.3686814145616,48.6191775147431,26.591788090291,42.3888581264416,31.1404028961552,35.014997383918,35.6559223573717,34.249992315484,28.2283469616373,24.4328446754341,35.4084864403957,,3907.99953293652,889346945.207879,20317675.8860044
1999-01-01,80.3224,127.5244,36.9701,80.3106,75.2247,,18.5513698936262,,18.2770653911322,,,,,63.79,67.01,71.7,61.58,30.86,,,,,,,,,,,,,115286.477424463,32.13,,,,,87.8422,69.6607612963303,149.148094867399,46.6286404139284,40.2230204049626,43.2156954460649,42.9174255886047,34.1978613553047,51.0486860050847,42.9242416694528,49.1920320165754,26.7436839479497,43.0749315481181,31.6317698074407,36.021205328088,38.5162783953642,34.2313856750953,28.3647041902065,24.4831785183957,35.9925660662765,,4065.42650163156,921214666.163359,19018167.3732886
1999-02-01,80.4913,125.2908,37.325,79.6877,75.8408,,18.3341096416546,,18.1833311737004,,,,,63.93,67.11,71.42,62.1,32.36,,,,,,,,,,,,,116864.73107709,28.76,,,,,84.4812,68.7305031380032,148.739953204852,46.1791334840754,40.6773796693358,43.8620332895716,43.5065340485413,34.5732111476795,51.8210068497061,43.6075219913756,49.6956582422955,27.0252307746824,43.9111751314201,31.7637259961329,35.692330011723,37.7152949459811,34.5779457650382,28.6435781009047,24.8176552409515,36.2838559595551,,4215.00273022284,949710180.259261,23502215.1521262
1999-03-01,80.6268,126.875,37.84,80.8074,75.7535,,17.8402212541633,,18.017847942947,,,,,64.19,67.34,71.5,62.48,34.11,,,,,,,,,,,,,126108.704085107,23.47,,,,,80.6516,70.5280579421654,148.486023437655,47.4961235935397,41.1303499019079,44.4953149701078,44.0520742138228,34.8640033343176,52.6550883700903,44.3448447292235,50.3971350668378,27.3138365467664,44.8511506186119,31.7941994494888,35.2494966198009,36.1205116561736,34.8190672040133,28.9005785898037,25.103307669707,36.5421909842984,,4700.18980469993,1042835584.07474,31120785.1717066
1999-04-01,81.3392,124.0481,38.3256,78.668,77.8356,,17.748782041265,,17.8245389989154,,,,,64.89,67.87,72.35,62.58,33.35,,,,,,,,,,,,,120315.07496167,20.29,,,,,77.3513,71.5270193665146,148.315341274281,48.1771328770529,41.5512775511301,45.0474374666086,44.5988588214109,35.1860661070621,53.427576058447,44.8804052884366,50.8859247806206,27.6512221619928,45.4801383703817,31.8718609069649,35.0676637140899,35.4604546082955,35.0413980300526,29.1865820484095,25.4029393492699,36.849198456284,,5223.58439936599,1116201547.38872,40472662.4384879
1999-05-01,80.6286,124.3911,38.4176,78.4682,76.8447,,17.0221740773169,,17.2123119376395,,,,,65.29,68.13,72.48,63.06,34.56,,,,,,,,,,,,,122814.74941393,19.89,,,,,75.8972,71.972268381826,148.575402593211,48.4298357578758,41.9622542689096,45.5659259190562,45.0994610450559,35.5027913116433,54.1138546412181,45.3920738547689,51.4083401070391,27.8666450642106,46.0008600850839,32.0692781575611,35.2846880167262,35.7281338990969,35.2090752507064,29.4197140147795,25.4847855953707,37.2259084618178,,5293.06034229621,1136817531.17258,31080031.1272114
1999-06-01,80.275,120.7588,38.5503,79.6092,76.6015,,17.535829228363,,18.2492592124028,,,,,65.31,67.84,71.64,63.57,36.37,,,,,,,,,,,,,124983.015380434,21.08,,,,,76.3155,72.6113694434909,149.002462275642,48.7168995266029,42.3333883736322,46.0320577699569,45.5192279877592,35.8489518628063,54.7196753326393,45.8859410522056,51.9398910000719,28.1307818608837,46.4752591517563,32.2371569451398,35.2722376264202,35.377038750791,35.2774742327953,29.77981817754,25.8193662755909,37.4866707863533,,5546.44866680075,1164648919.59651,32598022.9450584
1999-07-01,80.4422,123.3,39.0848,77.5364,77.5074,,15.9158430539762,,17.0807490637138,,,,,66.2,68.89,72.9,64.18,35.5,,,,,,,,,,,,,130200.233365467,19.78,,,,,74.3559,73.9163484834764,149.042003083148,49.567386230983,42.7494389361029,46.5071943026234,45.940751559554,36.1620452258393,55.2154064864778,46.4104529029886,52.4094682008949,28.3733172538133,47.0856891901466,32.5333517775977,35.4274592573428,35.8349780296088,35.3415170250993,30.1698333883007,26.2191117052367,37.7299281171584,,5219.53014146435,1113898273.33839,27579730.4304283
1999-08-01,80.6819,122.1844,38.8211,76.973,77.6429,,15.7797718277769,,16.2481915882342,,,,,66.6,69.11,73.08,64.54,37.36,,,,,,,,,,,,,132063.780129597,20.54,,,,,75.6232,74.539925016883,149.700725003839,49.7809081376043,43.0970587269476,46.9434940298372,46.3291293102989,36.4876675173774,55.6776269676916,46.8997328827263,52.8659688132841,28.6193904976737,47.6022343265079,32.6293979167202,35.2325664057059,35.3284558024654,35.1158787597864,30.4677360651032,26.5635245211365,37.9067018666331,,5172.87586777598,1104016509.88674,57142275.8872834
1999-09-01,81.5677,122.4706,39.3739,77.5397,78.7012,,16.3923543741472,,17.3181689357926,,,,,67.02,69.64,73.71,64.85,37.53,,,,,,,,,,,,,135465.516224185,19.71,,,,,75.1486,75.7465079985485,149.971815655817,50.5778287151092,43.4466428197413,47.3987742992887,46.688994992249,36.7231449076856,56.1201868958997,47.4256103041066,53.3038134432694,30.7107021092953,48.1746225194102,32.8009737640084,35.1867836408345,35.02604803393,35.1234024298638,30.8209325455735,26.9607189761088,38.1512301410852,,5449.25643131998,1102492026.33169,29296251.0776438
1999-10-01,81.0473,123.7972,39.5234,77.5184,77.1775,,15.4434565044772,,17.4171436470262,,,,,67.04,69.48,73.2,65.3,37.97,,,,,,,,,,,,,140373.131374797,17.87,,,,,77.1639,76.2603454352281,150.409253964701,50.7576612242428,43.7433006119219,47.7909775791773,47.0683621596401,37.0020604710071,56.6497553325511,47.8418932654832,53.6661149636387,30.9419087312524,48.6356252727916,32.8590985237334,35.0452056327275,34.36534911891,35.2328955959117,31.094060058738,27.2656273844498,38.384468618927,,5786.95217027981,1196755319.15487,30514833.6694134
1999-11-01,81.7357,125.4157,39.953,79.0628,77.6811,,15.741665858522,,16.7608360810763,,,,,67.51,69.85,73.59,65.46,40.6,,,,,,,,,,,,,140651.872210007,16.96,,,,,74.7423,77.5296262603647,150.737061136361,51.4091650447667,44.0254692183087,48.1576949339645,47.4404194938011,37.2255991683801,57.1413326904754,48.2025434164447,54.0290022778402,31.1823853279665,49.0093520219732,33.004056698056,35.0682261696981,34.082723355321,35.3258273572837,31.4595863414329,27.6994933679381,38.7980471515327,,6421.74223558468,1303165818.24525,38953019.7250103
1999-12-01,82.2705,123.2071,39.9462,80.1823,79.1456,,16.1688429278067,,16.0815055441978,,,,,68.41,70.68,75.16,65.39,40.8,,,,,,,,,,,,,161757.016246899,16.45,,,,,73.784,79.2154723163833,151.136468612644,52.4300007326403,44.3304364558993,48.5333739480536,47.7823248244551,37.5244204167099,57.5045799253979,48.5961340293748,54.4040200964189,31.4208555823962,49.4767789351582,33.147729970671,35.0870951169654,33.9914602357591,35.2264232627371,31.8301678999164,28.2477964537406,38.8168786541043,,7041.37155197992,1431113867.23939,38369238.8422308
2000-01-01,83.5087,127.0515,38.7945,80.2515,80.1949,,13.5194935915108,,13.5483828627997,,,,,69.6,71.85,76.93,65.95,41.7,,,,,,,,,,,,,149165.232463482,16.19,9.6253,6.64001,9.44531,,73.3167,78.2392843559827,151.721652552898,51.5730621450596,44.6855014285498,48.9179373794846,48.1491006983749,37.829808602261,57.9331820185503,49.0860897099187,54.8345872816846,31.6848255961727,50.0808802941646,33.3258595742577,35.1230703107901,34.4748182601801,35.3391609733563,32.1233721228349,28.4261140255423,39.5877879866125,571772884.093918,6729.38413202498,1366970377.49374,37487909.6560029
2000-02-01,84.7438,124.0969,39.3719,81.8953,81.753,,13.3270620603055,,13.3215371224296,,,,,69.92,72.13,77.1,66.28,43.66,,,,,,,,,,,,,148203.427694149,15.81,9.3662,6.45856,9.12362,,71.3904,78.8198890132003,152.395639592713,51.7127125590615,45.0174498308243,49.3188207517533,48.4799027841024,38.0898912635336,58.2887024937473,49.5434009117593,55.2760923445351,31.98510474066,50.5058299449495,33.5955588060486,34.9377518000381,34.5537263763087,35.5197650229776,32.411078766951,28.7364618506853,40.0045987243974,589510211.263918,7244.44434307391,1454062707.37258,49007455.7477238
2000-03-01,85.2064,126.8706,39.8817,80.1926,82.8595,,13.1550269985202,,13.287302821671,,,,,69.91,72.15,76.85,66.66,42.54,,,,,,,,,,,,,154964.053413439,13.66,9.2845,6.40092,8.8537,,69.9754,78.9433041605594,153.111101600307,51.5985846812519,45.3470168659187,49.5783494208169,48.7672076378033,38.3273585213254,58.6337696164879,49.7798422544599,55.5454165116817,32.2249909609271,50.7117848221591,33.9290059353948,35.1710754197395,34.8461428846961,35.5956738377494,32.7368166426565,29.1743524105609,40.169182922209,607821728.531915,7103.86841101393,1451851096.72206,48443064.3972758
2000-04-01,84.7186,129.6516,39.5235,80.9271,81.429,,12.9861075821286,,12.9601596190414,,,,,70.43,72.32,76.98,66.95,45.93,,,,,,,,,,,,,161601.001121792,12.93,9.4127,6.35178,8.52979,,69.985,76.986407570671,153.582495979469,50.0555303583572,45.6486015036766,49.8611815104339,49.0058317873638,38.5031020405639,58.9268789493704,50.1008064613817,55.9006289922077,32.4824650762646,51.0049135106168,34.2578027699556,35.4470607943251,35.8134314619664,35.5157452638833,33.0550536511811,29.6300361105036,40.3269646625504,618363058.813535,6365.96209832406,1296372762.53255,36120188.087889
2000-05-01,85.3409,128.9969,39.5198,81.3962,82.3849,,12.3905736824013,,13.2500152738559,,,,,71.1,72.99,78.01,67.12,47.88,,,,,,,,,,,,,158486.212917986,14.18,9.511,6.35249,8.84999,,69.261,78.906256140164,153.700126194032,51.3244243244109,45.9837201779113,50.169111786651,49.2713578327234,38.6956134130812,59.2622925101898,50.4376524768561,56.2305761006249,32.7686171596188,51.3002112158527,34.6954344707524,35.9754667042122,36.4728585807106,35.9808671372181,33.5619228551983,30.241529704938,40.5359997395175,626480293.92783,5715.20472988209,1228283283.70263,19994185.0711999
2000-06-01,86.1007,130.4526,39.2902,79.9696,83.6897,,12.5217347488303,,13.0050574693061,,,,,71.42,73.07,78.02,67.24,47.52,,,,,,,,,,,,,168914.404957757,15.65,9.8243,6.62816,9.40775,,72.4254,79.4530396321431,153.846205599353,51.644438384424,46.3405877688444,50.4566329548848,49.457095770529,38.8716191534448,59.5271180629822,50.8231780158181,56.5489886746091,33.0431037003587,51.7231020931997,35.2118206648876,36.7108527210238,37.7763311852638,36.1718665634374,33.9856938916341,30.7356498438092,40.7084580650205,640503235.864698,6619.62857569206,1366675199.34175,55021868.6595864
2000-07-01,86.8242,121.6377,38.5594,78.5463,88.058,,12.8845239043484,,13.5852236276258,,,,,72.42,73.97,79.39,67.71,50.15,,,,,,,,,,,,,166169.093458346,13.73,9.3667,6.30838,8.65764,,69.336,79.36453634861,154.068569063517,51.5016624865078,46.660843110911,50.7788483065035,49.7648131182302,39.0829094249022,59.9080732650966,51.1597012398186,56.8184902769923,33.3223528987174,52.0862387841608,35.4925967597607,36.7632990839634,37.549911017275,36.4495613734373,34.4729471280967,31.2533327772944,40.9294498626622,662878127.280392,6510.19873179927,1359667192.94337,34961031.1665521
2000-08-01,85.8451,131.5595,38.5182,79.2836,83.4082,,12.2750138090721,,12.9001040073893,,,,,72.15,73.98,79.27,67.83,47.75,,,,,,,,,,,,,165602.171426629,15.23,9.1995,6.24204,8.22251,,66.7662,79.9795234899219,153.650959803281,52.0446723173533,46.9887825591651,51.0546003229117,50.0082108633963,39.2788213669883,60.2041536185316,51.4744889042676,57.0404835739319,33.6044106803115,52.4277726079865,35.9009664180228,36.9560807186143,37.882674737779,36.2640246228349,34.9897302062578,31.905127626228,41.2449112919115,672994316.049456,6793.05534858288,1399673834.61378,23275899.2979431
2000-09-01,85.443,132.1465,38.402,77.2996,83.0419,,12.3437096690105,,12.8637477944198,,,,,72.65,74.31,79.34,68.37,49.71,,,,,,,,,,,,,170495.811577391,15.06,9.4459,6.28256,8.30672,,66.0865,80.662918970774,153.931834936634,52.472497604285,47.250010502866,51.3080753542061,50.2332766723473,39.488621287491,60.4050810149563,51.7298191964019,57.2574414857226,35.4204059028412,52.6896121479757,36.1695012521357,37.0449740643461,37.9925516739393,36.1838741864521,35.4056774983703,32.4046582092383,41.5041786417688,690060126.925686,6902.63404712229,1382172772.40805,41133415.4311194
2000-10-01,85.291,124.9098,37.9393,77.5367,83.7704,,12.2290750633044,,12.9116515535498,,,,,73.44,74.99,80.54,68.54,50.86,,,,,,,,,,,,,170484.963143458,15.88,9.5642,6.25929,8.03871,,66.3811,80.7820369361731,154.606608708358,52.2275135235116,47.5695919765572,51.6196578415069,50.3774938001801,39.6058224317027,60.6120120856855,52.242537494834,57.5370925284699,35.6885975192964,53.4477594013437,36.4894632098661,37.352616532607,38.828864337275,36.0753961375673,35.7362253965279,32.7913542451568,41.726487502274,694279519.089356,6801.49223722128,1399606019.29623,94074663.7561426
2000-11-01,84.3609,126.6178,37.2113,76.0319,82.809,,11.8945253758783,,13.2378440629965,,,,,73.57,74.81,80.02,68.74,54.09,,,,,,,,,,,,,175485.595486797,17.56,9.4155,6.13712,8.17265,,65.7248,79.722068201113,155.27818460219,51.3220813529522,47.8314939851035,51.9886224039787,50.690785636215,39.8150685864146,60.9994037161957,52.7058383933944,57.8507010553403,35.9389238311522,54.0709873483749,36.503236758189,37.4607609871073,38.4068856748599,36.293730900266,35.976370966147,33.1143515854635,41.8709177561511,706088074.572009,5907.98479052352,1246762987.61186,30930833.0323709
2000-12-01,82.3153,127.2986,36.6769,74.3821,80.307,,11.1797039336101,,11.1723148192834,,,,,72.99,74.41,79.35,68.7,50.97,,,,,,,,,517763173.229878,1769086760.22397,1935663564.63618,1971800868.09882,179977.871765355,17.05,9.6098,6.39628,8.93904,,65.1794,77.3845543720304,155.781983607124,49.6685538026615,48.2682248002004,52.2899755353834,50.9351523516879,39.9944007243029,61.3021891978484,53.052608994252,58.1497170197966,36.1855532267435,54.4740040483158,37.1254321222418,38.617558054954,40.5486415617698,36.4571294661691,36.2400117717257,33.4898925031861,41.9333938723301,714441992.926489,5578.01291762245,1178641701.93842,27112855.5806728
2001-01-01,85.035,129.2046,35.8299,73.9548,84.2664,,10.9396062748539,,10.6806925071209,,,,,73.33,74.59,79.19,69.23,54.7,,,,,,,,,509976915.586632,1753837546.02385,1941409855.75488,1969203423.46005,173118.056377781,17.89,9.6828,6.44923,9.00791,,67.8552,79.2013060088818,155.388343239317,51.0131611792853,48.3569010110583,52.4926339208426,51.1640274222212,40.167160608774,61.616938130721,53.2701069022045,58.4391078894483,36.4767338176539,54.5618331703483,36.9019575150579,37.8989398836497,39.3798810218534,36.6534362744081,36.3433640062148,33.8141068058192,41.9272729667019,724072918.876943,6551.68660629528,1327129525.79887,35005092.3747579
2001-02-01,84.3863,132.8184,35.4695,72.326,83.5922,,10.5140956121539,,10.498569077759,,,,,73.3,74.59,79.0,69.48,54.25,,,,,,,,,513722703.017042,1784785107.63034,1976483365.87864,1999302753.77106,174428.774480743,17.34,9.7025,6.33903,8.97287,,67.1771,78.7590053153639,155.577051303562,50.5968810868815,48.2743151256385,52.7572682192054,51.3817238939076,40.3863189013868,61.7678786398355,53.5645472493743,58.7111442207744,36.7148123798675,54.8564217489132,36.2649041717064,35.6488592113559,35.4534964279024,36.3146374434134,36.5138252513984,34.0947218541997,42.1168733425687,722992298.273698,5908.1529480364,1321844292.53392,26947425.3344137
2001-03-01,83.3433,132.0908,35.0204,73.2184,81.3844,,10.6829806927838,,10.6864992742548,,,,,73.22,74.5,78.68,69.6,52.85,,,,,,,,,511510623.29053,1807083212.08521,2005835897.89889,2025013371.58737,178629.434302626,15.8,9.4933,6.01334,8.36739,,65.3929,78.0594010275934,155.327918626391,50.3148531531437,48.6429556660229,53.0257340177259,51.5809066411853,40.6177767693956,61.929703054711,53.9255861894575,58.9816976695179,36.9450366071221,55.2849718762368,36.6589742811047,36.4939531642345,37.0915332819469,36.5189160827934,36.5475799099943,34.0272692517231,42.3755510921862,723183810.960532,5447.99500582724,1239730023.40704,41286892.0805626
2001-04-01,82.5842,128.6166,35.1362,70.1222,81.7076,,10.6119313944664,,10.7166029524367,,,,,72.98,74.53,78.95,69.35,50.31,,,,,,,,,520242027.50746,1840698954.67698,2034550758.64807,2059126587.08594,177327.518954664,14.96,9.2537,6.02185,8.20896,,62.8012,77.9138860982235,155.281088979911,50.1119781418209,48.9260984896986,53.2962794054712,51.8119877083273,40.8970420600722,62.0926833760464,54.2311587958596,59.2586651072771,37.2003182676345,55.6176053960629,37.0106295742787,37.2723627150072,38.0251760653773,37.1797835317294,36.4517633321298,33.8464492113628,42.6074750429862,723091894.725907,5745.5948922202,1273291751.97843,38301467.7592053
2001-05-01,83.1561,127.8056,34.7169,71.5514,82.3154,,10.4055303829745,,10.7593221505904,,,,,73.17,74.68,79.28,69.31,51.04,,,,,,,,,524235471.905152,1850294967.14721,2059596487.71181,2089326474.5837,179137.191097736,11.95,9.1835,5.9398,7.78761,,61.3574,77.8778631298318,155.454639456988,50.0975504790686,49.2129184492121,53.5697305174394,52.005870156195,41.1512975705111,62.2035808598291,54.5851368406964,59.5158210108486,37.4993875588092,56.0270676427708,37.41664449314,37.7279057847644,38.0936555748629,37.8637192566431,37.0434193717742,34.1680403087911,43.3803884792406,722617779.466496,6333.27832748659,1375077399.68894,49572879.2945494
2001-06-01,82.9374,131.4441,35.1384,72.0427,81.2073,,9.65199458107732,,9.96853035044738,,,,,74.6,75.7,80.91,69.54,52.91,,,,,,,,,532218546.660328,1876311794.20876,2072430539.38596,2102191719.36225,183542.163166565,9.43,9.0708,5.97584,7.69476,,60.3578,78.1668180027083,155.357530249485,50.2973116409168,49.4107805098675,53.8581954475739,52.2500048961019,41.3903705690583,62.4648682042837,54.9092370361132,59.7570606400878,37.793095124979,56.3796496649954,37.4513316220202,37.6402533049894,37.4665722814155,37.9199689772967,37.2682791674097,34.275516201111,43.6539031283435,724731950.478096,6416.80433726642,1357830274.67233,38978921.0730637
2001-07-01,82.9543,131.6691,35.13,74.4326,80.9979,,9.21531676599264,,9.85755680429936,,,,,73.29,74.81,79.25,69.66,51.53,,,,,,,,,545887891.926802,1914135200.78626,2096751204.72197,2128053074.0523,182919.381983691,9.39,9.1408,5.98412,8.00917,,60.7606,77.2587133276474,154.746577175174,49.9105579326408,49.4175027990226,54.0787755069775,52.3842882263286,41.5495399257501,62.5578270768698,55.2351523073269,60.055758011212,38.0599105946484,56.7024059616452,37.0037945552519,37.2812008116809,36.3856175576309,38.0158093904882,36.8312802248099,33.1973014765332,43.891763264189,727984481.15482,6553.10603263374,1385889252.31992,40096616.9183498
2001-08-01,82.9264,131.3006,36.4801,74.9345,80.2741,,9.07080995865195,,9.67802994438087,,,,,73.72,75.13,79.84,69.65,52.75,,,,,,,,,563533454.061726,1964769261.88041,2145380920.66573,2174315410.59816,187665.198974019,7.51,9.2,5.93584,8.43456,,61.4164,77.4323799168478,154.881329436298,49.9779740581656,49.752018034758,54.3065254308592,52.5107171354646,41.66741645507,62.6923061309815,55.5788727563696,60.3374010478112,38.2826538068654,57.0884820012068,37.5537260044749,38.7087764979262,39.0666954175666,38.3296995618167,36.6299990124375,32.7674650276935,44.0609734693073,744196392.346298,6428.28062092228,1330360676.1536,280995730.987774
2001-09-01,83.2251,130.4887,37.0474,74.2129,80.8163,,9.19580260731886,,9.62654719359257,,,,,74.01,75.38,80.62,69.37,53.18,,,,,,,,,595122478.920122,1990007091.36503,2172880682.6661,2204024190.91152,191427.312411747,9.32,9.5098,6.01809,8.71763,,63.1392,76.3751514031368,154.804175539279,49.4457275928208,50.1120386420048,54.5492453844789,52.6646229018364,41.8071440827109,62.8473906371513,55.9413200691714,60.6552556918732,40.4752983910179,57.3544151409427,38.0953908898398,39.4872104853454,40.1019898830057,38.7501560230435,36.9778978022748,33.2674324979223,44.1762940337717,731381576.168866,5859.90152777848,1133708521.79371,22135227.2950385
2001-10-01,81.5959,128.5273,38.3558,72.074,79.1289,,7.63385312223729,,9.2227536143478,,,,,73.81,75.15,80.37,69.06,52.41,,,,,,,,,595870077.320643,2025724408.21683,2201879104.52943,2229178849.49757,189953.545766175,8.36,9.2542,5.83274,8.37598,,62.3133,75.7430011450072,153.507461974379,49.2919834663897,50.3238538674935,54.7326322822063,52.7379453746005,41.9416876860282,62.8549942613914,56.2379126034639,60.9377533631772,40.7374806621628,57.6643373787146,38.3377085958699,39.8224394457644,40.4368561530865,39.0435462807633,37.0809977341076,33.3335218705412,44.374848086925,749213576.379841,5834.39400681484,1131614466.80606,28557270.9503168
2001-11-01,82.3206,132.2068,39.6705,73.0531,79.0764,,6.84719005427899,,7.23842875862087,,,,,73.9,75.2,80.51,68.96,53.29,,,,,,,,,609950566.244146,2024199823.02327,2242278303.18523,2268747342.00962,194257.226018531,7.43,9.2681,5.89572,8.24768,,60.5812,75.682105092152,153.082647035653,49.4317644481789,50.3256797463749,54.8976614771549,52.8231727677274,42.0452265682874,62.9004630641717,56.5246042506661,61.1892311806357,40.9954983614334,57.9508520357846,37.9983358526784,39.6452969020876,39.7754678104587,38.9714774050374,36.9947347646929,33.2735007710161,44.4918510897909,742463852.626385,6049.53671422414,1146347657.75742,37494371.1554464
2001-12-01,81.7447,133.1745,41.6143,72.9251,77.9924,,7.36393848397016,,7.31346890534148,,,,,74.21,75.29,80.61,69.1,54.1,,,,,,,,,612894172.259333,1996723752.21688,2173201704.1536,2213109361.03834,195395.521422355,6.29,9.1695,5.74102,8.11501,,59.8519,75.9612814012989,152.888628598558,49.6510241422607,50.3712982590194,55.0546440675009,52.8852075515483,42.1199056168034,62.9391242721467,56.7870281070692,61.4324386162308,41.2516326414472,58.1866710136436,37.7068482728014,39.1442280474871,37.9231127117978,38.9261174745074,36.9227875247284,33.0251615638677,44.7096512838856,760117499.087967,6294.93289968438,1136409126.62867,42533826.7293154
2002-01-01,80.9757,130.1038,40.6074,70.8317,78.279,,6.81814995902538,,6.96266033021177,,,,,73.94,75.25,80.74,68.86,52.05,,,,,,,,,616039686.937998,1999121659.54428,2190486400.80085,2222079952.74581,197307.435502194,6.97,9.1463,5.75202,7.896,,58.6604,76.0968461315457,152.786692302707,49.8587400628993,50.7120709041452,55.192926332217,52.8632808305997,42.1388798604297,62.8991545007262,57.1360000856069,61.6864411204589,41.4998212738961,58.5931890241725,38.4009239681185,40.0269427691613,41.5308128716869,38.7198098603469,37.241302176662,32.7085164142995,46.4677635410742,781166317.702281,6864.16515692461,1222574810.12766,30888980.8303997
2002-02-01,79.3143,129.0596,42.2608,69.5688,76.9159,,7.02313608624207,,7.20887891625107,,,,,73.33,74.74,80.02,68.63,52.2,,,,,,,,,622909641.804122,2005753399.38161,2214661595.29315,2240201094.65234,200458.636079609,7.91,9.1303,5.68973,7.90136,,57.9653,77.1280989200588,152.58750562867,50.4878708007339,50.6303638012775,55.4662946285833,52.9990341938509,42.2636283338315,62.9831484292592,57.5390650658365,62.1386591312509,41.6950436474116,59.023341865543,37.7891024349034,37.1838739278815,36.4977461944119,38.362204547515,37.8840729481771,33.7719684188596,46.6233638924289,800654820.578001,6573.84561348272,1162500577.18845,26312157.1767184
2002-03-01,80.2172,126.7195,43.1681,68.1279,78.2529,,6.25254427005262,,6.59178412721623,,,,,74.87,75.81,81.88,68.86,54.89,,,,,,,,,645370069.081771,2032379210.05307,2242156173.79417,2264329236.15928,219271.886387774,7.23,9.016,5.66079,7.8908,,55.5649,79.2814077781047,152.724723636621,52.0009981120165,50.9138576502439,55.6522477885465,53.0943371223977,42.4619199789987,62.9643300133122,57.8511638460371,62.4244688365814,41.9829004763387,59.28266054889,38.0967274580077,37.4249159211149,37.0148695301177,38.1802757735411,38.3482566554186,34.4287091431976,46.7760424389687,808146547.623983,7078.24612995711,1243455159.43019,28487154.6300149
2002-04-01,81.6375,128.8576,44.5823,70.4392,79.0649,,5.9096854574096,,5.98292485671814,,,,,75.16,76.28,82.46,69.08,57.14,,,,,,,,,640082449.853171,2026045733.41999,2248701705.48667,2279485044.68208,204277.044096557,5.76,9.372,5.9709,8.44511,,56.0843,79.0163126788612,152.780305305631,51.6641603540454,51.2327606408904,55.8573130774702,53.2035745768077,42.5966642893066,63.0388027090201,58.1676235644436,62.7380612131036,42.2358217053816,59.6185834516821,38.685265483079,38.0702092341609,38.6746598025322,38.0816760943007,38.7848709840054,35.0692209856734,47.0168546271675,828128804.793738,7233.24511508056,1257089797.48122,53790125.8731732
2002-05-01,81.0221,129.2757,46.3653,70.8847,77.7875,,6.34171670863256,,6.60514968111464,,,,,75.04,75.94,81.76,69.17,59.0,,,,,,,,,644286596.961643,2065098905.67314,2261617930.82021,2291847730.5485,210552.022730435,6.61,9.6562,6.32037,9.06331,,59.3188,79.1065808778493,152.812394390996,51.7753461038529,51.5554611889608,56.0304130863741,53.2709944205497,42.7225329104208,63.0330755390151,58.4594972068798,63.0608604813025,42.4689156015008,59.8771040340201,39.3722517689172,38.5380465385162,39.9082997727617,38.0786016870055,39.9003204063979,36.4044193742363,47.2664884384952,836554704.154582,6811.20048129816,1212779788.36426,32989952.3357238
2002-06-01,81.2203,128.3251,46.8479,70.6649,78.2966,,5.73982706369376,,6.06980592106547,,,,,75.37,76.15,82.02,69.33,57.09,,,,,,,,,654081359.85805,2068643099.3996,2275256631.89936,2304502565.41577,214311.087125493,7.3,9.9568,6.5467,9.9329,,61.6367,79.5586110976367,153.248359208778,51.881222167873,51.8872329236798,56.2059814346691,53.3306231609763,42.8141043885998,63.0605999673397,58.7651288425911,63.3967717029256,42.7276822711635,60.1319717574448,40.0507927498338,39.714309810756,42.6023424978535,38.1469179666858,40.2892202073147,36.8110588251747,47.5034245307102,849936044.447606,6306.41567695126,1111803857.60586,26829377.1854151
2002-07-01,81.4308,128.3683,47.7701,71.7122,78.6428,,7.02038706925661,,6.52442818676432,,,,,74.92,76.28,82.52,69.01,56.76,,,,,,,,,662032685.360476,2090910910.96449,2291977491.48936,2321589860.27606,215199.508877377,7.38,9.7861,6.17806,9.57472,,63.1505,80.052080689146,154.190686051212,51.9022083913941,52.1592799119619,56.4023669490022,53.4411100620088,42.9421901108301,63.1442625762296,59.049121936853,63.7140380885411,43.0048901508144,60.3494284267612,40.4777703421847,40.6158624824748,43.9883386845184,38.5505384122918,40.514696600905,36.8782963775245,47.7024049771522,842244844.903692,6126.18213211229,1049960079.01754,25692352.9790492
2002-08-01,82.3729,129.2764,47.9399,72.7794,79.2384,,6.00332126718427,,6.4570821219192,,,,,75.05,76.33,82.38,69.19,56.83,,,,,,,,,667315002.232729,2089506149.74478,2297250367.18586,2323310771.58912,220104.504288493,6.68,9.9109,6.35437,9.76818,,62.8038,80.0729447785757,154.95816066647,51.6580780630175,52.3768787217096,56.6237340475083,53.5523080938041,43.0980748224771,63.2041881433558,59.3682855532078,64.0275950726763,43.3149696695631,60.6155464797665,40.7069407940017,40.7389410603978,43.4610156010105,38.7562365421085,40.7911940766908,37.2314636304586,47.8962592108484,854566066.783283,6352.54585145424,1082212503.8245,26381773.7424969
2002-09-01,82.3385,127.7506,48.6536,73.9596,78.8839,,5.44659791915793,,6.16101454865564,,,,,75.08,76.31,82.39,69.3,56.9,,,,,,,,,672500725.287864,2076581855.87626,2293135280.22662,2323523322.13358,220831.424889229,7.34,10.2299,6.44934,10.07441,,63.9382,80.3554390449474,155.528279498342,51.7840809179233,52.5739741503887,56.8210827678377,53.6230334455214,43.2293342528371,63.2127975388444,59.6955481216662,64.3125551225396,44.6114896911476,60.8476410120983,40.8005333587608,40.3856783830364,42.2718248524301,38.7569125804933,41.1635917272909,37.6530997120237,48.1683751062743,848507557.548558,6116.07821444797,1038261025.79625,20600069.4180832
2002-10-01,83.2591,134.2775,48.5712,74.0249,79.4631,,5.35248811642408,,5.85016448086375,,,,,75.43,76.59,82.53,69.61,57.62,,,,,,,,,672349871.154719,2077074866.05036,2302028308.70527,2333236107.04367,223865.784348325,7.66,10.1552,6.48481,10.01506,,63.7873,80.0360080437213,155.667757204974,51.3782149994282,52.7749730471571,56.9952917017436,53.7475663627829,43.4184035278735,63.2747150771717,59.9012893871245,64.5956455045879,44.8531246549414,60.9880755450725,41.1117848443801,40.2349811815335,41.5913581063058,38.926111061929,41.6623551040003,38.3071926400119,48.3523323210493,856905647.088101,6242.68507974313,1069432512.56447,18202726.694774
2002-11-01,83.2951,127.2054,47.444,74.9507,80.2094,,5.30756647210432,,5.77433079753069,,,,,74.69,75.96,81.52,69.49,56.62,,,,,,,,,679959815.184991,2150027110.72321,2414133870.5972,2442040462.80797,228133.106462342,7.3,10.1465,6.47722,10.07243,,64.4905,78.7277451155895,155.689485432022,50.5369530603202,52.9923742715818,57.14146144452,53.8114324270768,43.5417074105202,63.2805632231408,60.1467319974283,64.8719673947878,45.1184350405495,61.1629877827552,41.5887421044035,41.4180925823287,44.5583907183664,38.8761979924721,41.9560521238426,38.6353697589388,48.5461166852231,868134276.23989,6303.72965150402,1094492624.56739,39562786.9805412
2002-12-01,82.4616,130.656,49.202,74.3,78.3954,,5.76621104874663,,5.73474245177633,,,,,74.56,75.96,81.51,69.52,55.49,,,,,,,,,692171787.427082,2118242389.60906,2350204828.59997,2385962535.53608,229854.594959818,6.88,10.1465,6.42223,10.64469,,64.9237,81.13102505631,156.172154219403,51.9100952234879,53.1986872799362,57.2899085954096,53.8804658816101,43.6498427245289,63.3129508960398,60.3726911943667,65.1131721946083,45.3840918940014,61.3251133989034,41.917853413111,42.4922393556893,46.3433149196115,38.8458030329851,41.916838119384,38.4851959659645,48.6286312014316,872745284.638969,6035.76706938816,1060272712.26811,20626652.2557794
2003-01-01,80.8118,130.6168,48.2093,74.5726,76.4904,,5.36750792278121,,5.44118731718216,,,,,75.56,77.0,83.13,69.88,56.16,,,,,,,,,700071201.400455,2170564383.09438,2390911550.97151,2432315532.38352,235337.23503642,8.27,11.0324,7.40682,11.91168,,68.5776,82.0830965313036,156.391254775619,52.5428517295051,53.3516062081304,57.4512698565986,53.9305809753961,43.7446019259333,63.3539365987247,60.6473901358296,65.343066491261,45.6483250430986,61.5994734629509,42.0020292223023,41.6487753651514,45.2324414462808,39.0289759223961,42.2238620383707,39.1617324935951,48.6213026659826,864373610.717575,5808.53546888296,975634352.107541,17418921.0575423
2003-02-01,82.6084,132.0129,48.3384,76.4472,78.7728,,5.00374706208214,,5.17183662953668,,,,,75.8,77.71,84.22,70.2,53.4,,,,,,,,,702588944.627542,2183511447.74533,2390543913.172,2420262254.0421,239514.752028346,9.04,11.0324,7.40682,11.91168,,71.2386,82.6473649346873,157.611685129965,52.3641025053021,53.4363938521898,57.6320352601786,54.0327323318499,43.8982316086454,63.3823611425893,60.8767918847859,65.5809598802429,46.00638324418,61.795932519619,42.0232833081196,40.9794728278413,45.1438299756107,39.4378082174138,42.2414862945961,39.2973015564943,48.5930836244377,868651484.672767,5790.23007860584,966995907.123179,18675913.0167674
2003-03-01,82.0687,133.0515,48.2887,73.2932,77.8954,,5.12265141600541,,5.42709376475523,,,,,75.82,77.52,83.91,70.1,54.18,,,,,,,,,717643991.945719,2152895026.82757,2376610075.51702,2405545058.95424,240903.445265549,9.17,10.7889,7.33289,11.7599,,71.2197,81.1391648739814,157.262125009571,51.6951185776403,53.7707114744307,57.8348125843266,54.2004683628435,44.1116375940842,63.5036642217555,61.1376779478435,65.8449559794394,46.3030751561163,61.9448586894319,42.5533892921948,42.330594749745,47.3767699395675,39.8378009209714,42.3901953327248,39.5051754026587,48.6089427784904,875913421.004467,5726.45183969945,952670284.790585,14722417.7875598
2003-04-01,82.2488,131.7192,47.779,74.2023,78.2488,,5.08059810708404,,5.42911528306686,,,,,76.23,77.56,83.77,70.42,56.07,,,,,,,,,714293894.430525,2165451986.27851,2383153389.47248,2417548335.40402,246884.658481515,7.86,10.3,7.16818,11.46287,,69.1805,80.4102409861098,156.894399268411,51.2214409389777,53.9132198926058,58.031356789682,54.3023277510223,44.2666622935498,63.5583825762581,61.4314291613933,66.0334029751063,46.6067072657987,62.3652732329771,42.5666847854345,42.0806280114639,45.673349260649,40.2561135785671,42.4879410643097,39.7482258353455,48.6606372667416,883319988.489681,6337.31313747864,1023011835.10403,58574344.4036497
2003-05-01,82.5024,132.567,47.858,72.7187,78.7454,,4.81080814661474,,5.00410934004839,,,,,76.01,77.79,83.87,70.65,51.68,,,,,,,,,724513320.319367,2193577892.39544,2408237242.26128,2442918662.23948,248171.008944613,5.25,10.3377,7.5337,12.23053,,68.8524,82.4139205343459,156.990976886036,52.5161100176821,54.0165984604672,58.2455876735294,54.438924799698,44.4318030652796,63.6657381962354,61.7146591894345,66.2518026042008,46.8673418646973,62.7081143244118,42.3075336090741,42.0690659821007,45.360128318026,40.3793247322243,42.4008001693739,39.3632965924016,48.7831287825388,908539945.858127,6588.05350623741,1071926060.60408,19995530.6366357
2003-06-01,83.0175,133.6681,47.5143,73.3992,79.2837,,5.42367980185695,,5.52305121499418,,,,,76.57,78.17,84.67,70.6,53.31,,,,,,,,,725865437.880699,2146855701.36307,2367664334.80036,2403628800.93778,242145.088058141,5.2,10.437,7.66692,11.92219,,70.6987,82.1734357116872,157.190726666921,52.222396302539,54.1644790377715,58.39450197577,54.4962465563424,44.573360941444,63.637112199648,61.9507836028703,66.4857449841761,47.0924557707894,62.921554433453,42.4519433132618,42.3350652195959,45.754697940503,40.4586104152024,42.5639718954451,39.4772390080445,48.9510624623819,924443359.409795,7020.03144123575,1122605878.65634,31140949.9779003
2003-07-01,82.7838,134.5868,47.1055,74.2873,78.7308,,4.57448297007158,,4.86577759849788,,,,,76.98,78.2,84.61,70.74,61.02,,,,,,,,,733946805.584928,2207611036.1886,2432066293.9544,2475081308.32536,248229.292712868,4.57,10.5243,7.46773,11.89562,,69.5314,82.4360747346947,157.099930817185,52.4836451525045,54.335979695566,58.5747616793252,54.5845248824235,44.7091849892971,63.6764471571613,62.2192611518153,66.6835812547769,47.3931672161256,63.2057934141479,42.6152186755947,42.5236239056466,45.8749158848782,40.3575407729885,42.7981562511986,39.6319743367329,49.1265530977556,949122530.440437,7508.83892128826,1182770153.09894,26664205.7789914
2003-08-01,82.5735,134.622,46.8768,73.2561,78.365,,4.97482527287955,,5.36761665239123,,,,,76.19,77.64,83.66,70.7,56.67,,,,,,,,,741733376.1558,2210043374.4298,2444268878.14567,2491621390.33062,253384.973889101,4.45,11.0475,7.96845,12.13016,,70.8244,82.0065884652248,157.343888257365,52.0633222682206,54.5041827356785,58.8178661419068,54.7125226769446,44.8515572135606,63.7869439435452,62.5567123885058,66.9324240403212,48.1220642063072,63.4165572385194,42.6122613415307,42.1365987224793,44.5659293801972,40.2306500524062,43.0499409382626,39.9365866019428,49.3243800562879,950646063.124049,7785.36655117504,1218044681.75397,24428210.8133181
2003-09-01,82.3868,134.3232,46.8272,72.1644,78.5184,,4.73107153597154,,4.94556211628728,,,,,76.43,77.97,84.07,70.86,55.77,,,,,,,,,743721358.916529,2228239363.02397,2476578548.4886,2524186618.38562,249358.513569815,4.73,11.0133,8.16163,12.80847,,72.537,82.2798647756582,157.677659223784,52.3064220938641,54.6898822970335,58.9252557432767,54.8150032446212,44.9638179941986,63.8774142347104,62.6946562924488,67.1449060867596,48.4891315966379,63.5887092905855,42.9287460066417,42.5450113213795,44.7525329369267,40.6052671844133,43.278629471186,40.1914661364253,49.5125687907579,986410085.744857,8194.70567378404,1268297669.25322,27113758.5692139
2003-10-01,82.9659,136.9638,46.7909,74.0713,78.7369,,4.73625329378164,,5.1924177334981,,,,,76.42,77.93,83.62,71.23,56.9,,,,,,,,,754204834.172669,2221406486.26354,2463324194.01235,2507137641.00721,258990.235027675,5.11,11.0525,8.3915,12.84743,,75.7939,83.1167594483379,158.750432081011,52.356086511277,54.847246511262,59.0882025952439,54.9092255222553,45.0918868434255,63.9317279271799,62.9099887172013,67.3901643828563,48.7159563281752,63.7767069086581,43.0910632514291,42.735745371189,44.7134074362466,41.04338463748,43.3587912273064,40.2213369837108,49.7149427924159,1002877083.05935,8337.79702757895,1306380000.67242,33495301.6352488
2003-11-01,82.4306,136.3835,47.4424,71.9306,78.1207,,4.45625538812448,,4.65839729823624,,,,,76.7,78.33,84.06,71.77,55.97,,,,,,,,,767023013.06101,2191160594.20552,2458347169.27811,2498661450.02442,261310.543117609,4.99,11.3985,8.76875,13.65426,,74.8285,87.6922096750257,159.741568358631,54.8646417591798,55.0805544112662,59.2826364614973,55.0862615974781,45.3568586427764,64.0322754255458,63.1215401722919,67.5850900104824,49.0065292488998,63.9424150716425,43.4676135506894,43.4339404118714,45.6094199693342,41.7533209988681,43.6753236611756,40.5673705622781,49.9205517741789,1006611281.78003,8628.28911263704,1348305361.36128,35989719.4006579
2003-12-01,83.8505,136.9156,47.3266,74.2121,79.6651,,4.22730430098556,,4.20207846954705,,,,,77.8,79.49,85.79,72.14,56.72,,,,,,,,,777475658.044751,2267658832.47228,2528293286.0445,2570380652.85197,265682.630629976,6.06,11.2372,8.70355,14.16449,,77.1563,89.0608988560084,160.520340658814,55.4663364527668,55.2658274094404,59.478215835894,55.2520601564039,45.6337557280381,64.1033394797307,63.3414417066879,67.784347204484,49.281050442009,64.1392677372303,43.6626871849721,43.9421073208899,45.2656215536306,42.0433543678463,43.7847824003387,40.6763206706095,49.9509457946017,1021605378.31371,8629.21402463618,1350962718.39706,24134333.4212258
2004-01-01,84.1064,135.6555,56.6145,80.1986,78.4264,,4.67325948692253,,4.95438601040383,,,,,76.43,78.07,83.28,71.93,53.76,,,,,,,,,790567382.002887,2307483676.3854,2543527024.87781,2592069557.90254,266642.897475384,4.95,11.0214,8.29052,13.68197,,75.4644,90.1309198135078,161.646589252457,55.7914645796192,55.5825683000381,59.6407065186387,55.412038233725,45.8841243172018,64.1750433420753,63.5181208041122,67.942189239668,49.5404272115291,64.2630985052471,44.3482239863462,44.5876664007335,46.2247840085014,43.2313860600135,44.0867788137215,40.8594644475083,50.8804818528553,1024184008.39435,9112.51482760911,1426625097.60173,42277086.6272189
2004-02-01,84.2263,135.0241,57.1767,77.2672,79.1226,,4.51336086454462,,4.67306248605232,,,,,77.45,78.82,84.68,71.93,58.8,,,,,,,,,799399806.138107,2274257901.41566,2531276281.35822,2585932671.22383,271611.719268877,5.57,11.0606,8.24678,13.74058,,75.8635,90.6450760503393,162.435004148753,55.7327867967226,55.8437828760306,59.82033750183,55.5798784827296,46.157422143935,64.2340138401348,63.6762947881413,68.1166651965092,49.8316087948978,64.3829602766665,45.0331867251779,45.151150502316,48.8688016601141,43.9894941380667,44.5542156743086,41.2459066931081,51.6306311420967,1037839840.13284,9831.35628720713,1536638497.61317,55477678.8612719
2004-03-01,85.9841,135.6976,58.6788,79.7628,80.68,,4.43371402700307,,4.5845302844926,,,,,78.05,79.29,85.44,72.09,59.63,,,,,,,,,799812505.214412,2295170605.68297,2537252003.15982,2607294625.57601,270308.680520487,6.28,11.1748,8.52,13.73606,,74.8333,91.6019150946657,163.783671928947,56.0354316091243,56.0281144405044,60.014384500365,55.7297044165098,46.396546460772,64.2914251166038,63.9393490957008,68.5005642539543,50.1221008207239,64.4357292539449,45.0436845833537,44.9830459698401,45.9279653720699,44.8141347708589,44.8304128193272,41.4631754435011,51.994395131107,1055692500.16972,10286.171369985,1606693867.4616,95822383.8550823
2004-04-01,85.8519,137.1502,58.0073,79.6207,80.3493,,4.36800416520862,,4.50381853897799,,,,,77.7,79.04,84.76,72.28,58.58,,,,,,,,,812510794.261768,2308665058.0801,2554863700.75835,2603385030.86807,276124.328797526,5.98,11.4093,8.30129,13.67747,,76.2808,91.4683750531058,165.452811942242,55.2762091862881,56.1773110603489,60.210500458662,55.8800271658238,46.6471693759367,64.3453971863661,64.1953930784289,68.8062930119679,50.4481393073629,64.6682335995213,45.0524287579246,44.2452251427216,43.9873397810635,44.6459181024804,45.2475729144188,41.852229759552,52.6479471824505,1060768429.19411,9755.66488760046,1534706684.42689,42383348.8106493
2004-05-01,85.4983,136.1877,57.2936,78.5078,80.1338,,4.29470515754944,,4.54919620326647,,,,,77.72,78.81,84.4,72.35,60.56,,,,,,,,,831189314.205154,2298861267.27082,2557650056.28163,2604390328.90026,279229.256659055,6.59,11.4147,8.37531,13.96823,,77.7161,91.43150623896,166.595267382248,54.8913429755304,56.3720635429458,60.4112688037302,56.050088132216,46.9067545992527,64.4462821163892,64.4063704906271,69.049970987686,50.7613428000292,64.7955629132359,45.170184295537,44.1387258535818,43.7428366124916,44.5901646325349,45.7633350816074,42.358164388761,52.7892501094454,1064234725.37622,9984.37500538029,1547495002.5625,34292737.1550018
2004-06-01,86.0186,136.968,57.6908,79.5176,80.6942,,4.84099053340926,,4.90525354726813,,,,,77.78,78.91,84.25,72.75,59.94,,,,,,,,,845245485.354811,2330993697.7508,2600753318.63055,2660174463.12419,281166.66773836,6.57,11.5258,8.59237,14.01768,,77.6204,91.8907361825077,166.378716903599,55.1585113575748,56.5898177365517,60.6313232789169,56.2824584153589,47.201183012349,64.5953737116797,64.6155672712958,69.2308745883266,51.0191164726455,65.0069120459153,45.3131893162251,43.9366385546105,42.7547087511439,44.7861800150889,46.2077866534213,42.9623488263324,52.9619483243308,1063785223.21549,10343.5304656548,1600756976.89358,30509641.9598841
2004-07-01,85.5888,134.6807,58.2061,78.2138,80.8643,,4.14985691594413,,4.44824420685468,,,,,77.97,79.3,84.49,73.18,60.6,,,,,,,,,842400308.221275,2320390894.69366,2587209654.35344,2642524890.34629,287884.314696426,6.81,11.4079,8.58445,13.73169,,78.3796,92.1107532457483,167.628444486748,54.9542450859862,56.804216837831,60.8142909521068,56.4970607818448,47.5030509176684,64.7222916513647,64.770867506401,69.4203341134781,51.3945281052387,65.0070851690837,45.6068768202407,44.1733935000972,42.0806458930733,45.2053679728185,46.5924351761563,43.376364976322,53.2138190344601,1072311155.815,10307.2260204332,1614151223.53741,33341251.3995581
2004-08-01,85.5741,134.3289,58.8005,76.7257,81.0501,,4.25938691618597,,4.49541593644646,,,,,78.42,79.4,84.63,73.33,62.74,,,,,,,,,848357323.305621,2337406016.45933,2589257139.94676,2652546406.12546,289267.616843407,7.21,11.3807,8.63158,13.83097,,77.1329,93.5407657130924,167.505174943134,55.692893599091,57.1404123954921,61.0282787916424,56.6981539544222,47.7983206393707,64.8323967447362,64.9830326693426,69.5876239862446,51.6633367960723,65.2086856883177,46.3639194649584,45.675130626523,44.2076018978248,46.0472022636943,46.9181366526238,43.8032596032631,53.3768894297001,1079728735.53075,10566.3979189497,1623765065.99116,33263204.5128971
2004-09-01,85.6715,137.2887,58.946,78.4151,80.4114,,4.59354432272536,,4.71455990431734,,,,,78.27,79.26,84.28,73.48,62.17,,,,,,,,,855280056.310697,2376676760.07303,2576264970.05224,2657772998.09162,293008.773678189,7.36,11.3884,8.98488,14.13984,,77.4044,94.0434100547513,168.528487366279,55.8995149683661,57.4551897470881,61.216196983926,56.8912338694257,48.0603595597377,64.959676041186,65.183049584194,69.7815316435711,52.1948375260929,65.4002585580793,46.943009341257,46.6625401307901,46.2430631263546,46.2981355614502,47.1864942447004,44.1478985888546,53.5277331878934,1068380567.57061,11274.5068656894,1732865758.07684,46470909.2421551
2004-10-01,85.9971,139.0924,59.3019,78.7648,80.4064,,3.62749068945331,,4.574921694406,,,,,78.16,79.31,84.19,73.74,61.18,,,,,,,,,871385170.493508,2409105066.47154,2623203017.24736,2711671886.88159,297241.878801196,7.76,11.539,9.46671,14.69376,,77.3682,96.8174837824006,169.161628818481,57.2847751691075,57.7885919277736,61.4214545266921,57.0879480765938,48.3300128765732,65.0781333742173,65.3883693730014,69.9337401227036,52.417800443327,65.6364204980227,47.6651337341318,48.2566071544233,50.2901458293339,46.530568551586,47.3453314848608,44.2938052493829,53.7570141825704,1064343601.36049,11836.585101834,1793378197.22411,43407498.1124687
2004-11-01,86.0383,136.9701,59.2284,79.712,80.5101,,4.21258065732424,,4.40007774716481,,,,,79.47,80.52,86.01,74.06,62.63,,,,,,,,,868585975.497838,2442662761.09049,2627214021.21532,2721678344.57285,297123.938754266,8.2,11.2373,9.46462,14.93212,,78.5995,95.5567945012906,170.124715450471,56.1673268657627,58.0635517137945,61.6063058691695,57.2310611701224,48.521393035299,65.1830269120856,65.6094411629085,70.112398345098,52.7028277838797,65.8516808659739,48.0877754988667,49.1604119509339,52.6053789365929,46.9436631353558,47.5628347031307,44.3667819886154,53.92415752709,1074096994.2408,12087.0432428101,1799229253.5568,45041760.9188192
2004-12-01,86.2867,132.5022,60.1633,79.6217,81.6343,,4.25732977207221,,4.35855304402552,,,,,79.25,80.18,85.35,74.15,63.99,,,,,,,,,861382940.189514,2422397541.91752,2636951579.53532,2731860409.97421,298664.436560549,8.5,11.1495,9.29512,15.16332,,78.2486,94.9304867829095,170.49429085475,55.7152376047107,58.0807521051615,61.7914246443394,57.3688287787268,48.7941011678222,65.2132954315935,65.8246137975698,70.2809119169628,52.9880645591181,66.083958999389,47.8213445263384,48.2514051117868,48.3982419742039,47.3549096159888,47.75654394052,44.5740348175135,54.0915772228547,1084198761.65868,12657.0632512887,1882041711.12036,52260230.8377841
2005-01-01,86.5007,136.0769,61.1991,82.0078,81.0126,,4.35295034817184,,4.62010973948186,,,,,79.49,80.28,85.58,74.12,65.35,,,,,,,,,884813067.23024,2433242850.03219,2645248469.97424,2757788352.86339,303684.254685524,8.6,11.2141,9.05314,14.61085,,78.1923,95.452390300491,171.534882837624,55.6577181731539,58.0777787925807,61.9701801059114,57.5003370607876,48.8792264520713,65.3622140232727,66.0771340936223,70.4063343834256,53.4298811183082,66.3476760404662,47.2851174388272,46.0791873752319,43.5529127928025,47.4156302085156,47.8519344191182,44.7622324436939,54.2422767650206,1099548027.49705,12673.9947863101,1905034123.23821,48454181.2865215
2005-02-01,86.875,136.1108,62.1366,80.0406,81.9119,,4.58529979218311,,4.79348042060888,,,,,78.92,79.8,84.57,74.2,64.18,,,,,,,,,898431065.076731,2432440315.10808,2660224978.29214,2766695375.0689,305290.213010468,9.15,11.0965,9.0179,14.72173,,76.9929,96.7440930720345,172.298394816856,56.1087766890673,58.2145666739588,62.1347691548719,57.633828766767,49.0097716746837,65.5030515776929,66.2424019072418,70.5255669503768,53.647348898215,66.5444188512617,47.5029846817526,46.5289831164077,46.3247603114163,47.5518228802271,47.8244742866389,44.7116035827603,54.3629906717696,1085768303.25087,13676.1306397575,2032094949.8186,49704607.9886652
2005-03-01,86.6509,134.8492,61.1293,81.3829,81.0957,,4.62702440881719,,4.80515042220332,,,,,78.63,79.5,84.02,74.2,63.34,,,,,,,,,893220400.174354,2446733139.89937,2669255188.0109,2773668436.39045,314438.586932085,9.41,11.1783,9.24513,14.4949,,77.3508,98.3526843657648,173.79013984386,56.7044867683168,58.4819264337746,62.2925843824341,57.771337098826,49.1725403020319,65.6069063141899,66.4348964452393,70.6033525304278,53.9216443105235,66.7472941013489,47.9073797190441,47.514270256992,47.6258840615807,47.7002886790243,47.9869422906697,44.883145242511,54.5338999637783,1106668486.31006,12430.1743220999,1872567144.39007,42069201.0273988
2005-04-01,86.9475,137.463,61.6422,80.3865,81.497,,4.39826752948823,,4.61992089659838,,,,,78.9,79.76,84.88,73.79,64.19,,,,,,,,,904332051.513447,2475297119.75713,2675952123.71929,2794066749.76319,309984.165261004,9.63,11.0832,8.8291,14.32393,,76.5199,98.7843386914038,173.519931676656,57.0029777315739,58.7668617106054,62.4152906324843,57.9211467973219,49.3456622918413,65.7332852385929,66.5575097566775,70.6784430935206,54.1828405228537,66.9088441098354,48.6335264128102,49.1637098498668,52.008847000481,47.6028401007976,48.0586653207131,44.9499881295183,54.7855711099668,1119143068.65316,12210.5625020814,1797130607.54255,43403400.5735074
2005-05-01,87.7324,140.0757,62.0426,81.0102,81.6293,,4.4723798171908,,4.60750091122843,,,,,79.41,80.26,85.78,73.87,63.91,,,,,,,,,907278840.555531,2468043007.01763,2679587541.66213,2798182986.23416,311079.08053935,9.75,10.916,8.70638,13.48126,,75.2872,98.8121553087181,173.377574852624,56.9930861028767,59.0030701191072,62.600423709473,58.0638426832471,49.5292510158581,65.8764760779854,66.7454613042989,70.7599902199517,54.4600578822491,67.1349886757974,48.9936562955286,50.4658287402719,55.2296743792574,47.6927262274084,48.0403778876484,44.6555862734638,54.9417804237836,1129256826.57636,12956.0663807197,1926592430.34194,39361001.7288055
2005-06-01,86.6569,139.2864,63.2091,81.3715,80.3627,,4.26670987924951,,4.37501973589643,,,,,78.77,79.4,84.17,73.88,65.69,,,,,,,,,923936167.688184,2500620281.77083,2707356105.87613,2834683568.19668,317170.745719818,9.63,10.7752,8.79612,13.02291,,72.9589,100.067017621077,173.745098661126,57.4761566367566,59.0921624936171,62.7871112119473,58.2621738528446,49.7357157302376,66.0210071807762,66.9343919842532,70.8858930276891,54.7513590960804,67.3444433094895,48.7077307849165,49.4116840537153,51.9386083656315,48.0124473181623,48.3312019906993,45.0280992495186,55.1847496965252,1156638776.84096,13603.288776811,2032895636.97305,45785853.8855904
2005-07-01,85.3801,128.4313,63.178,79.8732,80.7607,,4.95535529690896,,4.68619508725817,,,,,79.5,80.02,85.41,73.83,67.3,,,,,,,,,937651427.039044,2555140443.98784,2759463968.24661,2890332798.57494,320964.358647468,9.61,10.6057,8.64715,12.86896,,71.149,100.608619742095,174.293051202854,57.653764292286,59.3495324746268,62.9682622068478,58.3908896173612,49.8776162354146,66.1352907391351,67.1716481535039,71.0646664815161,55.0360969050745,67.5844300545868,49.1861998158115,50.2967191987955,52.7556097732204,48.4909445918121,48.5639852774496,45.3260408419801,55.2683807647598,1167221073.173,14652.3792133443,2139939285.26428,47175699.0336576
2005-08-01,87.5995,140.082,62.2163,80.192,81.9474,,4.10458340905134,,4.50224075815476,,,,,80.05,81.0,86.94,74.06,63.15,,,,,,,,,942558564.43263,2592892087.11288,2787506868.02797,2919786700.34289,319111.616179103,9.6,10.7995,9.09815,13.27043,,71.9238,102.560072318499,175.494027547322,58.1121204071356,59.4032383452159,63.1154984981633,58.4997974326196,50.0412824505266,66.1928479272856,67.3460612820035,71.224439637033,55.2749853294726,67.7318114469522,49.0729746379119,49.8067170611041,50.9663876708137,48.500330494427,48.7575796319885,45.5730508447346,55.3719040916047,1196585345.82651,14642.0197159265,2157738621.11432,78108379.5787715
2005-09-01,88.2939,137.2923,62.5685,81.0316,83.4298,,4.43748395226125,,4.54195869508181,,,,,80.79,81.73,88.04,74.31,64.86,,,,,,,,,948813923.667759,2627265325.21822,2840862288.27395,2976416320.26878,325914.980595997,9.21,10.7907,9.29112,13.02977,,72.7939,103.349119131694,176.947722049165,58.3953431229879,59.4646732591023,63.272038911882,58.6179895717379,50.2007809678323,66.2758413300688,67.5451248490671,71.4355321524879,55.7316474605683,67.8838959638054,48.8404459277148,48.6372784090397,47.9872676129307,48.4092102513489,49.0035926679833,45.848334653089,55.6072394196269,1224445806.57253,16323.2560945823,2376724738.22533,64851689.5004691
2005-10-01,88.5365,134.7492,62.9991,81.0238,84.1159,,4.5872521395312,,4.60155707127973,,,,,80.99,81.56,87.88,74.21,65.97,,,,,,,,,964088704.140355,2681220869.71282,2890058637.80294,3029116430.26555,329410.815637315,8.91,10.7857,9.14897,12.91695,,72.0896,103.568462269677,178.017487097352,58.2714625868063,59.5491187722552,63.4484406908402,58.7476433883225,50.3236472949213,66.4094536118996,67.7681732381146,71.6912599633568,55.9592569223545,68.0682649216304,48.6648906119817,47.7568426447628,46.5539051440137,48.1763285020728,49.3169143642893,46.3222679087326,55.7431154482731,1233137474.82674,15959.235636268,2326958707.83963,63266326.2512515
2005-11-01,89.842,139.0746,63.5339,83.6537,84.6973,,4.86152748050968,,5.06929618761398,,,,,81.01,81.64,88.09,74.14,65.12,,,,,,,,,965941440.050866,2703144567.39529,2915705798.03774,3050944012.15643,330094.778521637,8.71,10.5793,9.05842,12.46876,,69.5325,103.131764938523,178.273858356831,57.948425085183,59.7472022231965,63.6224383128428,58.8627562379627,50.4464172989609,66.540576380932,67.9929074128368,71.8960546674854,56.2440748983674,68.2597400711236,48.8833360692199,46.9447209397206,45.7841168101646,47.8740896784285,50.1173798951148,47.1663602495982,55.9249414711439,1245570090.40802,16810.8692793759,2468469530.73294,54532080.8629596
2005-12-01,90.9417,140.5071,62.368,84.579,85.6207,,4.48541051648999,,4.57875817607509,,,,,81.53,81.8,87.92,74.61,67.91,,,,,,,,,975025544.12893,2764467852.93521,2948365989.97701,3084380985.49326,334698.424036954,8.22,10.6344,9.11028,12.53902,,68.9022,104.500928663125,179.547946390091,58.3472012247727,59.9918425490289,63.8044164184338,58.9822304640657,50.5592746883179,66.6604647095055,68.2062405963737,72.0755524532385,56.5256471362821,68.4977462547451,49.4421414806799,48.0305948900448,47.6662813255759,47.7862280251295,50.4328235525431,47.6192980414247,56.0631235117319,1263666714.49345,17446.9031765039,2499780482.49237,50581110.7497462
2006-01-01,91.1862,139.365,67.7191,84.2917,86.2844,,4.45820232023537,,4.55425867601502,,,,,82.51,82.77,89.47,75.02,69.39,,,,,,,,,994343256.659007,2802779336.14215,2966663920.80448,3107847188.57397,340183.073286043,7.88,10.4433,9.13277,12.67608,,69.267,107.371299548411,179.945550538944,59.7900721221292,60.3234198794631,63.8916720926701,59.0883034138853,50.6187085688679,66.7883498294973,68.3282842010017,72.2674101920335,56.8187640229606,68.4646790420319,50.4226861418347,49.4713933472773,52.0544109445852,47.6494687237032,50.8188397233495,48.3087451710421,55.906358251312,1289218063.79972,18466.5153415932,2642685197.2101,68160587.6233769
2006-02-01,90.5976,137.383,69.6,84.4437,85.4956,,4.21760575625457,,4.32290420189777,,,,,82.37,82.72,89.03,75.41,68.03,,,,,,,,,1005109315.50539,2856972687.93035,3039840804.01826,3189380042.93193,344395.665849632,7.61,10.456,9.18884,12.45623,,68.194,107.23999476911,179.924374177444,59.6736591311074,60.3776626049488,64.0365614831049,59.2001273926029,50.7899156264512,66.8427323120006,68.4720058689322,72.4122853776816,57.1225459635852,68.5488164580767,50.3305725874946,49.5738846262838,54.1272216889357,47.5389745767162,50.6629785522237,48.1882345745082,55.8260773595352,1330060573.92911,18764.9686809199,2696357645.6266,62466893.9973994
2006-03-01,91.4501,138.5427,69.3425,86.6413,85.7868,,4.19196628194784,,4.31657861808222,,,,,82.19,82.78,88.68,75.86,66.36,,,,,,,,,1035606572.72055,2952619866.56455,3157476840.61106,3307028595.53688,354851.650277251,7.37,10.8935,9.34183,13.19748,,69.991,106.424444361217,179.879172515493,59.3244717987732,60.4713011447339,64.2731449090507,59.3631610874227,50.9878067271982,66.9690299744263,68.7842273131662,72.7518385110032,57.4120106989995,68.8084818148043,49.9062793789964,48.2509177274507,49.9652528065863,47.324777659759,50.8194507799895,48.4209463929217,55.9351599510673,1298099752.72014,18991.68255041,2721789439.60015,75367398.6835081
2006-04-01,91.5608,137.5701,70.1999,87.4226,85.896,,4.42832079227835,,4.45489355952733,,,,,83.11,83.55,89.65,76.54,68.67,,,,,,,,,1056966688.26878,3045266381.60951,3234276500.04618,3415342361.08953,361141.953832955,7.17,11.0903,9.89676,13.96823,,73.0023,107.088585280994,180.289755978012,59.5203907041686,60.6627530550129,64.5029083313074,59.5034682978484,51.1369704679276,67.0956636873165,69.1259289581608,73.0202468561745,57.7015826207894,69.2835635265156,49.9804749062654,47.7510882580858,48.7398324656596,47.2143131847893,51.1193477536637,48.9035293160211,56.0017094132364,1325659242.20492,20643.5683005879,2901673846.67698,61975186.9368505
2006-05-01,92.4712,136.9581,71.1675,88.0524,87.1223,,4.13995418807116,,4.40320669955521,,,,,83.32,83.73,89.69,76.8,70.49,,,,,,,,,1065446991.79872,3042842773.70308,3247112781.67684,3422675158.21406,362456.50321848,7.02,11.2966,10.2705,14.5003,,75.7577,107.928248110866,181.048230612947,59.5796779918525,60.8110964735609,64.6497960364235,59.5555042422002,51.2535929871473,67.1512858123169,69.3208632019799,73.3134255855799,58.0006167072739,69.3124047413481,50.091968331298,48.6211933861867,50.4806417914856,47.5096605973552,51.0076476099611,48.5732063308294,56.1621626379781,1336417383.26208,18541.7837402407,2679180432.21613,85718775.8593014
2006-06-01,92.5493,134.1213,72.1132,88.3775,87.5936,,4.44768201171861,,4.54564934741209,,,,,83.71,84.23,90.54,76.79,69.7,,,,,,,,,1091488952.30875,3062074838.62988,3297357098.21489,3481562213.78687,373533.731359685,7.02,11.2723,10.12602,14.39811,,77.1863,106.453614519477,182.106733160491,58.2558098125575,61.0019177511359,64.8662509045793,59.7506365880586,51.4623257898309,67.2630998284611,69.5805568586307,73.6376095845698,58.2608568381628,69.5216729951519,50.1382814225315,48.5053732660918,50.1416366174274,47.5788169801448,51.2104868774916,48.837811843381,56.3231223778212,1367175487.01033,19268.0677826206,2753288556.0527,79476820.3852274
2006-07-01,92.5184,133.5253,72.4198,88.8034,87.6266,,4.78284890794034,,4.60933311087259,,,,,83.69,84.05,90.17,76.96,70.7,,,,,,,,,1107531382.27713,3038339352.74475,3259098152.80455,3419667015.6208,374553.196349046,7.03,10.9181,9.66634,13.9315,,74.5359,108.442650776766,183.034971776975,59.010404734117,61.1766148392454,65.0721624899875,59.9181846678538,51.6943838800626,67.3725162866799,69.8255314046882,73.8598704837587,58.5281932527021,69.7569403628403,50.2362085602417,48.422383215396,49.0891778444341,47.6930223472945,51.4183041625365,49.0368359296916,56.5316027520856,1386696671.98931,20255.077589035,2896870444.63393,70904451.149742
2006-08-01,92.9528,136.197,72.9762,91.9039,86.5587,,4.12928314505555,,4.25981087025044,,,,,83.83,84.03,89.76,77.34,72.53,,,,,,,,,1090940888.25497,3038987453.67955,3293362928.69267,3435940061.37379,378465.665146833,7.03,10.9037,9.83383,13.95783,,73.7198,110.579086232939,184.736419866762,59.3634470947342,61.4599211282721,65.2496818523004,60.0883180579716,51.9025561271249,67.4958693534474,70.0134420280011,74.0710465226755,58.7096367365882,69.9214957794105,50.9060800071477,49.9846132625946,52.2178753275911,48.062999175798,51.6061097650424,49.1722644936336,56.8494350098217,1535696236.04383,21480.3144248776,3053118266.89289,71735981.9903963
2006-09-01,92.6379,136.6846,73.0197,91.2905,86.4242,,4.17774866908292,,4.27773115754755,,,,,84.1,84.21,89.95,77.58,74.35,,,,,,,,,1100502888.31067,3049883507.54526,3314223138.54303,3470083640.00651,382834.285937838,7.06,10.9935,9.8482,13.92217,,73.299,108.611191011641,184.999496572427,58.5695397502164,61.8936059039201,65.4769904039615,60.3299995383667,52.2575780943873,67.6459578933452,70.2214837040422,74.218416863015,58.9704752504144,70.1753359211694,51.8626218960474,52.1215078252909,56.3345920828244,48.831135050979,51.6813205277228,49.227040537065,56.9808657731372,1589638145.77195,21967.2406344119,3153779342.06434,77700126.0409012
2006-10-01,92.6491,135.8387,73.1015,90.5975,86.6449,,4.02744333668446,,4.15812315275362,,,,,84.22,84.15,89.67,77.76,75.02,,,,,,,,,1100340565.52138,3036894648.15661,3267181296.81626,3436206440.31571,383056.863351268,7.05,10.764,9.59277,13.7424,,72.158,108.247652861081,185.985275435613,58.3104689603966,62.1017290624885,65.6583129435712,60.5204235358272,52.4676202844226,67.8235050452504,70.3956207983384,74.3735733275539,59.2218088226354,70.3632734611858,52.134010801001,53.2012897064349,58.9592174026161,49.2329210136614,51.5314867655731,48.9848649079296,57.1214172624245,1651922609.66224,23273.8709609983,3331574959.36092,96644704.8586682
2006-11-01,92.8363,136.0421,73.7801,90.4381,87.1886,,4.05057583415025,,4.34734816190833,,,,,84.28,84.09,89.36,77.99,76.15,,,,,,,,,1121529432.11308,3050549061.3504,3330217161.22084,3505154550.24556,399604.207246438,7.04,10.9975,9.63084,14.57389,,72.3953,108.366143709698,186.768990060453,58.2273756107813,62.1773126901857,65.8834093526791,60.7637968298892,52.8514936287842,67.9654462186357,70.596451963561,74.5330564743274,59.5048841596073,70.527859742106,51.8097899011841,51.3573281223963,55.0320958835903,49.3533212231321,52.0348925236205,49.432712323018,57.2595181505592,1725344241.22954,25056.1069151419,3561862755.57437,100063846.723694
2006-12-01,91.9223,128.7468,73.909,90.395,86.4995,,4.65559130064185,,4.65718832238919,,,,,84.03,84.32,89.68,78.18,71.4,,,,,,,,,1114490238.85847,3109693334.26533,3405980701.28692,3582977300.02704,397407.742151361,7.04,10.8116,9.2796,14.23347,,72.7836,110.405551752509,187.603344368585,59.1158776586316,62.419418961694,66.1255963467494,61.0009455486571,53.1269860181282,68.1296894124522,70.8122236386402,74.7618611259923,59.785118898545,70.7258326188655,52.0920344702006,51.9163230663142,55.2368390805106,49.5546104457717,52.2270775935064,49.6584212847669,57.4543753318953,1783170920.51422,26019.1531958583,3721026284.55835,88102330.1455398
2007-01-01,92.0214,135.879,75.2064,89.3446,86.2172,,4.09032894692527,,4.11244743412864,82.5612017231455,51.4014035899303,,,83.31,83.8,88.02,78.78,69.47,,,,,,,,,1116136137.45231,3110088327.43143,3362872304.03465,3541489480.14299,392722.062527092,7.04,11.0382,9.34969,14.34745,,72.139,108.585847862272,187.280116753094,58.1942908975821,62.7090350410592,66.3750164538095,61.3479848684813,53.7117427928917,68.2220067872554,71.0252680487532,74.9857423238858,60.0373021289994,70.8886415502687,52.5132733278901,52.2008335155004,55.7678888155901,49.8306015481869,52.5217531506231,49.9415400901182,57.7332583579809,1796987850.18966,27319.2795990312,3895195829.71282,102964456.42503
2007-02-01,92.7175,136.5046,74.3769,90.9215,86.2197,,4.3647324331989,,4.48433308682565,82.1158728223553,51.3729750980015,,,83.67,84.0,88.48,78.73,71.34,,,,,,,,,1121309207.28258,3155071644.02942,3392164171.98162,3569399910.44433,397011.501010142,7.04,11.1682,9.52759,14.74984,,72.7045,109.534813600718,189.390631765872,57.9859549300411,62.856422104002,66.5737913451853,61.5029592038576,53.8886012655509,68.3584985212817,71.2338688330937,75.1590663792442,60.3281893375657,71.1046429401452,52.5742250579794,52.5456601882154,57.3254156244706,50.0764653051062,52.5958648243811,50.060004918256,57.9222660174966,1841252441.9197,27035.9553884634,3890384122.99902,122853866.80376
2007-03-01,93.6884,137.2518,75.6061,91.1977,87.7347,,4.29952007274752,,4.45741963143079,81.8995115597955,51.328059909718,,,84.29,84.42,88.98,78.99,73.91,,,,,,,,,1146608215.37759,3181480648.49132,3461958103.31292,3639965002.08456,410729.791930488,7.04,11.0322,9.57738,14.75446,,74.4622,108.959823423893,190.218637717564,57.4716804997681,63.0073700648415,66.7432438910611,61.6427718316816,54.0397221555289,68.4844847548772,71.4282937525988,75.3525645233896,60.6182202709249,71.2602563657497,52.5717959044317,52.4632872090936,56.6205305723854,49.9614407124125,52.5531692206445,50.0559282381819,58.0100052622593,1867588749.66914,28309.8684677436,4085448626.54011,103933854.150975
2007-04-01,93.436,137.3594,74.718,90.9423,87.5131,,4.33465008953533,,4.42752024350559,81.673997128602,51.2942057831963,,,84.15,84.16,88.01,79.46,74.44,,,,,,,,,1141373646.24574,3168431556.6447,3403710805.70252,3591605152.82187,404415.210538557,7.01,10.9278,9.88671,14.91426,,74.6272,109.588736993477,191.300926521278,57.4498989130356,63.0946400380481,66.9020498762298,61.8001813138555,54.1934436843962,68.6417491665063,71.5999831942412,75.5223805010226,60.90501461826,71.4038408394629,52.4724602120048,52.3746955310993,55.5622502479601,50.421754047992,52.2992124880615,49.6469150679655,58.1039402575953,1912347491.28684,29025.363202885,4198302279.96902,101451204.450361
2007-05-01,93.4515,135.0509,76.009,90.5087,87.9902,,4.19272315578793,,4.29327587168655,81.4120661032229,51.273752989509,,,84.25,84.39,88.68,79.53,73.68,,,,,,,,,1150669950.98971,3212546711.82116,3463014487.24721,3665698026.11892,412434.499776748,7.24,10.7445,10.05008,14.4535,,74.1507,109.950667015569,191.802936690836,57.2770173811827,63.231767970019,67.0782488948061,61.9275853946156,54.3586641977545,68.7860843738145,71.7889300751568,75.6750707601406,61.1829458689439,71.5680979491733,52.444655961561,51.660738562342,52.4122970574318,51.1222316222724,52.9479123139359,50.446964253509,58.2772927999556,1984506348.85354,30877.1472220703,4475608590.61124,116349780.204242
2007-06-01,93.4291,137.9088,75.7169,88.7316,87.8171,,4.53994219041388,,4.60933401398828,81.2610885273962,51.402013835708,,,84.95,84.87,89.47,79.51,76.3,,,,,,,,,1171557172.54664,3248452479.50193,3482058201.85347,3682148117.69492,415010.309747018,7.2,10.7946,10.13764,14.58351,,73.9197,111.145627359382,192.202644264898,57.5323798711088,63.434069893769,67.2915614687555,62.1842499870786,54.7209954288575,68.8851082411952,71.9848195670718,75.8223010675463,61.4985202581869,71.7640004990239,52.6104008192593,51.7809111460359,52.1151335868343,51.5192688580669,53.1882704552815,50.7079435346212,58.4604467805672,1996004576.23441,31292.6859802174,4546809191.68701,122142464.636911
2007-07-01,93.4079,136.8826,76.3685,90.5604,87.4211,,4.25529412432687,,4.92272566847333,81.0940418782316,51.5159350617786,,,83.76,84.39,88.48,79.61,69.16,,,,,,,,,1181291314.32669,3273613768.12472,3473270904.58737,3684828395.52753,414154.970236201,7.19,10.9273,10.245,14.96275,,74.2397,113.194499181413,192.737657075439,58.357775749416,63.6957618279389,67.5266631236569,62.4768922429266,55.1665769862246,69.0380099899137,72.1635190985559,76.0067301388272,61.7704570129118,71.894442841076,52.9699387726456,52.391999504514,53.2367473873226,51.5668307649885,53.3779650062539,50.903387873816,58.5752562438033,2028523799.47406,30687.029496338,4498620073.98147,149188578.993839
2007-08-01,92.9256,125.5126,76.8222,93.5122,87.5571,,4.1225445569707,,4.21235858522654,81.3082453294486,51.9256327402024,,,84.62,84.8,89.32,79.55,74.16,,,,,,,,,1206124892.81327,3377072975.92779,3652892318.71482,3858767927.05455,427019.304106784,7.2,11.0378,10.44055,15.04673,,75.8685,112.790767950182,192.669169644675,57.9379007379396,63.9363593582774,67.7766777190016,62.731937854698,55.5510426529296,69.14613417042,72.4223708075221,76.2478039166245,62.1001264951589,72.1285311247973,53.2311475021273,53.041724708087,54.3874269152623,51.7202048483858,53.4671532465007,51.029226429305,58.6480221892404,1996343286.14737,30685.0766812026,4488974732.92282,148486528.986433
2007-09-01,93.4827,135.349,77.8451,95.0955,86.3559,,4.10446939345973,,4.19003449413783,81.0669844503231,52.0262892671656,,,84.51,84.65,89.1,79.66,74.77,,,,,,,,,1226310994.35441,3393444802.63479,3644617106.50201,3870620277.06006,430061.684692173,7.21,10.9315,10.87794,15.55553,,76.2822,115.944346240379,194.097439158553,59.4706416971515,64.2487540907057,67.9960851202297,62.9613629527071,55.9483408390328,69.2423060751627,72.6241998332709,76.4585255278671,62.3819757271255,72.2656354245218,53.801590477189,53.9261230843627,56.0606662986433,52.0660081321886,53.6782686188932,51.2944534110682,58.7672520232838,2054772497.26526,30232.1141579725,4467970811.33993,117220104.728696
2007-10-01,93.1493,132.5247,78.4195,96.0855,86.14,,4.51491542711797,,4.35043384741885,81.2866581609919,52.3964738485358,,,85.07,85.42,90.01,80.14,71.93,,,,,,,,,1213492587.71685,3397762769.78584,3648551699.79759,3892192351.11697,433801.920289887,7.2,10.7023,11.26674,15.47981,,75.675,119.20852183984,195.798096872316,61.028585171737,64.4391359858271,68.245507262208,63.2644675806329,56.4573614781918,69.3680083344419,72.8243387389735,76.6434194024921,62.6540917892486,72.517294463124,53.7607475441979,53.554944770257,55.3271085566088,52.1961219697632,53.9382494700591,51.6724671530561,58.9391221941399,2095105519.68535,31763.4133196005,4608308967.34498,147233046.550813
2007-11-01,92.5166,130.1785,78.5906,97.0307,85.1961,,4.39677660824867,,4.47934160531388,81.2733696082745,52.4937934481452,,,84.85,84.89,88.91,80.23,73.91,,,,,,,,,1216434714.80849,3450047055.66599,3711848393.54468,3970061140.61416,436506.350141665,7.44,10.8968,10.8968,15.99759,,77.043,121.781968102012,198.390091785198,61.727742613507,64.6172731080049,68.4679614041353,63.5484336017908,56.9621832705485,69.4953614968509,72.9761131025579,76.8283657276679,62.9361345965319,72.5214950208188,53.9097400682689,53.8556234249469,56.8713770904342,52.2558673524661,53.829004735117,51.2325944474926,59.1216803560276,2111630845.43745,29992.7958730633,4379124849.95868,138872440.333697
2007-12-01,93.0979,131.1917,79.3119,98.0565,84.9652,,4.41054479817037,,4.4469523539366,81.2128333255157,52.6571441194888,,,84.15,84.11,87.47,80.17,73.63,,,,,,,,,1236625511.59445,3457796807.61333,3709567844.85447,3969851033.56455,438570.319099097,7.44,10.9157,11.06284,15.94893,,76.381,122.72640986106,199.570564422161,61.933359780343,64.7836919554963,68.6840419282798,63.7751190780668,57.1313386885903,69.6911159732083,73.1609663513518,77.0034041718197,63.2214531385562,72.6991095207718,53.8366130236746,53.634148612675,55.4093178360074,52.423224859691,53.9304988978399,51.3419850104017,59.3256885736854,2109596432.6363,29082.1282140146,4279230123.38344,89532618.6013138
2008-01-01,92.8982,129.9785,79.1476,97.1324,86.1487,,4.41943794295017,,4.42973052125069,82.6193897833353,53.3300977695516,88.3365416176892,57.1860883137028,85.22,85.25,89.93,79.64,75.03,,,,,,,,,1234756739.15706,3503710050.53976,3778744540.75394,4074564414.12145,439939.708361872,7.42,10.8262,10.77131,16.03902,,77.3896,123.57728114708,201.60548764409,61.758597126631,65.034905400015,68.9204634766583,63.9828086701604,57.3938565996286,69.8036834240909,73.4684644371899,77.3088395597857,63.5416161752255,72.9618188205791,54.1824065841829,54.0118342227581,56.1503007363479,52.6238567806339,54.159648153062,51.5979657640564,59.3768393796954,2139342523.73851,28989.1604550373,4246830777.64207,141288224.143068
2008-02-01,94.867,129.7591,82.2578,99.7824,87.0691,,4.48548791789458,,4.52779786780763,83.013331880067,53.8794171069554,89.039813167704,57.8403271779823,85.82,85.77,90.61,79.96,76.29,,,,,,,,,1241801982.43868,3516397673.98154,3790077411.09923,4101145533.17311,444136.133907205,7.43,10.7243,10.95659,16.27734,,76.6229,125.707934455692,202.873439821173,62.3410543867557,65.1769393393497,69.1627812769787,64.2114432471089,57.7326903787329,69.954431804368,73.6934079376636,77.6118128615206,63.7689616443838,73.1555336534582,54.1696998644034,53.5594801333712,55.302121999933,52.6670550006173,54.5918366634289,51.9874047553112,60.2000601989379,2191635255.481,29595.1633648621,4350577036.15972,123736697.769247
2008-03-01,92.7252,128.5774,78.7604,97.084,85.8693,,4.37683881108409,,4.45123778654529,82.5281725501401,53.8938455618146,87.778976277445,57.2433347221952,85.52,85.37,89.79,80.11,76.22,,,,,,,,,1231463163.87354,3519644553.2163,3798194016.75811,4105657172.1938,447915.856990342,7.43,10.6482,10.35921,16.82416,,78.4865,127.911912007142,205.864604852448,62.3837017352791,65.6621356577695,69.4572072986495,64.541069007905,58.1822359020062,70.1567393374122,73.9473150990811,77.8616899445494,64.0606276354689,73.4083435546122,55.0343033695281,54.7744566122121,57.1620374560298,53.276901656875,55.1086939509047,52.4394300829661,61.0414923125035,2204499904.65742,30459.5465092933,4456111751.96918,120844221.084405
2008-04-01,92.7581,125.561,79.3124,97.0141,86.543,,4.38285088300337,,4.48341814423085,82.1579095292605,53.9413194094944,87.479507977082,57.536238008852,85.86,86.33,91.02,80.8,73.37,,,,,,,,,1247807236.01376,3575325692.64076,3865362078.63686,4183817959.31759,449520.009516182,7.44,10.5095,10.43436,16.36119,,77.3335,128.919970920114,207.39150964036,62.221762107007,65.9511103676019,69.7814652417146,64.9001693791494,58.7644199225916,70.3001089413818,74.2329881221579,78.1379395829692,64.3577129095221,73.6839011877738,55.2910464132579,55.2493346782543,57.1997266875581,53.9431835652435,55.1104755622222,52.2565655529403,61.3457868785941,2190129401.04223,30234.3724025138,4366904843.29918,176519687.561693
2008-05-01,92.8723,126.7463,79.6236,98.6222,86.054,,4.61189656349547,,4.70453339344428,81.9855605363875,54.197373308647,90.6041427960198,59.8992009118512,86.23,86.52,91.19,81.25,75.6,,,,,,,,,1255918570.46195,3658876700.50743,3928244139.44511,4246270804.12399,456644.059044162,7.44,10.3306,10.39713,16.05065,,76.5854,132.589215879937,209.753610719125,62.9963880770243,66.3565727080329,70.1389979094496,65.3043164972865,59.3898455469938,70.5168073069322,74.5339358943959,78.4508677039915,64.6338670088445,73.9760270209078,55.744527826434,55.5489664167927,57.2210838722028,54.4016775221522,55.8429094542725,53.2129078958752,61.5524504918272,2183157001.10963,31226.9764203533,4508942020.20823,123654859.350284
2008-06-01,93.912,128.181,78.7541,100.1035,86.7642,,4.28858243220959,,4.34320691179453,81.3253076701952,54.1522767886631,87.5260721884665,58.2653695444918,86.63,87.01,91.82,81.4,74.81,,,,,,,,,1245106542.62068,3646880456.22759,3923025138.36543,4247820061.82788,456032.352746463,7.56,10.3069,10.16157,16.24574,,75.4636,136.43161163532,212.299068078513,63.7080316371329,66.7539450075727,70.5012170102561,65.7170933933091,59.9290829726467,70.7860534754718,74.8586827520455,78.7155416631576,64.9230445943682,74.3740686556626,56.2632654726865,56.3439359090196,58.6913767274634,54.8828158806449,56.252246432903,53.7012552879231,61.6862744828064,2171749204.48996,29462.4795506287,4265883980.71945,123880056.206987
2008-07-01,92.1827,127.9837,78.1301,99.2357,84.7802,,4.57737724323824,,4.4412754543414,81.061788517082,54.2847388203572,85.9668163206011,57.5801938787884,86.74,86.59,91.53,80.88,79.31,,,,,,,,,1254274172.65919,3694295937.42996,3991703033.86579,4345334018.90271,469837.286250649,7.93,10.0353,9.78763,15.65306,,75.1218,139.888297458512,216.858172412189,63.8655096930821,67.1283329358776,70.8171160717532,66.0554605477449,60.3576329660669,71.0473305132988,75.1532144248639,78.9831707566902,65.2408569668489,74.6854368215639,56.7733631886955,56.8465428655762,58.4351877846208,55.5600930330873,56.7580596875524,54.1412447738354,62.22863861104,2199959917.22856,27367.3451294337,3995752631.4074,125229193.043023
2008-08-01,92.177,127.3674,79.4194,95.1109,85.2044,,4.66999410655892,,4.71003719263022,80.3357694489719,54.1601094416928,87.4527885360309,58.9369972721254,85.69,85.93,90.17,81.13,74.43,,,,,,,,,1269830033.03834,3677884346.37522,3972811988.73589,4345497260.26619,480186.529572645,8.18,10.2847,9.71359,15.12468,,71.9181,136.271086794324,215.84668412281,62.404527394304,67.5044618852969,71.1861526112954,66.5146981522087,60.8780515907576,71.4129421244579,75.459758494531,79.2206089071146,65.5897463054053,75.0178123762092,57.2230363976584,57.0715843600458,57.7751237325143,56.240929877551,57.3576546402261,54.6391268554323,63.1315911537323,2234459598.6631,26452.8130099869,3877709899.91014,87207139.1079563
2008-09-01,91.4199,125.3647,77.7642,93.6672,85.3836,,4.65989833747301,,4.75190764985369,79.6321110526903,53.9394346965447,86.7274700969121,58.6810495714218,85.16,85.55,89.23,81.27,72.61,,,,,,,,,1266644860.66185,3720188325.24648,4000718619.95018,4372497629.66994,478113.300575429,8.17,10.9814,10.32965,15.42667,,73.583,128.717591874081,215.721864405695,59.3684547254566,67.8013802220142,71.5162931247555,66.8457352276159,61.2515709424613,71.7425382371735,75.7789388351913,79.4012706395391,66.0562645730513,75.3502521301579,57.4024698100421,56.4837703970862,55.8651968591675,56.5353675528849,57.9205072872201,55.0391299867057,64.0298695654269,2251729761.00102,24861.4354291244,3673871147.70012,115748235.688197
2008-10-01,91.5323,128.6883,78.0629,95.5242,84.5403,,4.51791409680262,,4.70822557964073,78.8418300263305,53.7588566901716,88.0847137462223,59.9665498450788,84.08,84.93,88.55,80.78,68.76,,,,,,,,,1316070726.76622,3803411094.19409,4043035543.3994,4388670058.79704,496722.225429788,7.74,12.7125,10.44573,16.16267,,83.4572,114.152465869914,211.04884626817,54.1978471208396,68.180317724832,71.747847529698,67.0166537197728,61.3652576230527,72.0037114399187,76.0783520340034,79.7923575660736,66.3431010989196,75.6392267208749,58.1407616536999,57.6601337991666,58.3576631760162,57.0275843099126,58.4465926208219,55.6905425462121,64.3634020099911,2259227045.46647,20656.1011757228,3031735760.83505,138138177.567292
2008-11-01,89.9923,128.6861,78.2048,93.0878,82.533,,4.65623162826076,,4.73801376426452,77.9443826741825,53.5208971022017,86.3598954975355,59.1643644762483,83.33,84.65,87.87,81.1,63.04,,,,,,,,,1341020469.58864,3828624617.86343,4110938910.81492,4433339134.96719,511116.655395934,7.43,13.3225,10.72754,16.8956,,84.0919,103.412224757178,207.114708219151,50.1459739795546,68.6527980085874,72.1521165016056,67.48367304044,62.0050528073375,72.3566189208858,76.3976521737357,80.0886828677358,66.6238101283166,75.9264771590826,58.8634177478888,59.0971176384987,60.9522387079908,58.1121401285857,58.653745103506,55.5441197906764,64.8655859285829,2304382082.52019,20690.9815884754,2987841154.87545,80546135.5892145
2008-12-01,88.9848,127.3154,76.8231,92.6089,81.3332,,4.56793831995354,,4.48257329931912,77.0482748328193,53.1979717693594,85.5357874737004,58.8680674171817,80.64,81.88,82.29,81.39,61.45,,,,,,,,,1360427973.04474,3863242135.93308,4232513060.72942,4552335707.3859,513956.992143453,8.02,13.8325,11.28635,19.55916,,87.3242,100.263043427393,203.757820491854,49.3723882825924,69.0265610510982,72.4865319586483,67.949076209077,62.569847282296,72.6226958162665,76.5971376715274,80.2321350502688,66.9030074838145,76.1712690393472,59.1073475026202,59.8588368826907,61.3660569490194,58.8785172199731,58.6145720772764,55.4569936938805,65.100808196813,2404509536.1588,22072.1651803199,3174065424.71317,87186241.742716
2009-01-01,84.3245,125.1156,76.6648,92.601,74.9279,,4.62653008990753,,4.65304763440367,76.0196073089342,52.0850357849037,88.1773194527429,60.6624526877455,78.42,80.52,79.07,81.86,55.66,,,,,,,,,1378944508.21181,3919604579.6678,4319658079.1987,4638303072.8811,529041.73338764,7.59,14.3097,11.53634,18.33788,,89.2199,99.9877901154676,203.495515855848,49.3177894381628,69.1286218682085,72.7315172898797,68.3538703381094,62.9369684544029,72.9873611955613,76.7074862531582,80.335068744577,67.1343451616385,76.1780541647369,58.8474291080099,59.7826097895167,60.1737716704731,59.5377360038879,58.2265501027517,54.5471149436197,65.6932235043302,2481015092.71759,19930.11483047,2926754052.95325,85249275.6724076
2009-02-01,83.9632,124.4849,76.9966,89.4947,74.8702,,4.18447076882251,,4.19877636355211,75.0245300587492,51.6520978092189,86.2018694427891,59.4459276214219,78.52,80.7,78.92,82.47,55.73,,,,,,,,,1407561875.78633,3942296882.36549,4403615876.00301,4698664831.90863,533769.601646965,7.12,15.0698,11.89505,19.14467,,91.9823,98.7011771717018,202.547483552292,48.8037748813697,69.1970660063624,73.0044603469815,68.7055325721454,63.2176056596739,73.4576341637115,76.877449808224,80.6378049268127,67.5054684180066,76.2430067465361,58.5547542951042,59.3950418613577,58.0142666646928,60.2319003835509,58.1185927164566,54.4783501822826,65.9192500696191,2459362800.14293,18156.264829414,2707067677.7607,75700095.1009521
2009-03-01,83.238,123.8315,77.5818,89.8555,73.977,,4.49607442164626,,4.36860304025016,74.1397411551229,51.2742640274739,85.142768623775,58.8946151860566,78.64,80.9,79.67,82.27,55.19,,,,,,,,,1402599874.62677,3960917550.25472,4398888396.71418,4689284704.43226,533532.843449443,7.03,14.1517,11.22881,18.76657,,92.2631,96.7904463774314,201.116730078821,48.2993622528158,69.6114480710888,73.3252225085001,69.1273585711523,63.6267527359109,73.8853822274913,77.0963212865521,80.9330622479599,67.7807854636839,76.3696493872928,59.0628215580132,60.5577800442598,59.5439203653178,61.1322272115252,58.0933623274604,54.4923887761226,66.0195527091774,2573782924.58473,19271.5221868537,2801220160.54462,96696363.410899
2009-04-01,83.2663,124.4338,77.9856,89.0695,74.3661,,4.27659565758625,,4.31510285860246,73.690630202448,51.3766580599049,87.0785006401799,60.8194232778665,78.23,80.0,78.75,80.93,57.16,,,,,,,,,1413247511.92374,3984180595.99357,4418442927.98813,4710661921.04735,541653.839966307,6.05,13.8443,11.6407,18.35754,,85.1528,99.7105913958487,199.428632613354,50.3268524991195,69.98719299504,73.7136672117144,69.5456827466846,64.0249147198527,74.3143534293182,77.4374256748934,81.0121209925019,68.0402572802098,76.9410695114425,59.6926135582738,61.8337192721826,61.7194545806149,61.6722934186885,58.1772589950834,54.458826849279,66.1721764150946,2639261907.47231,21796.0412943043,3134837351.23835,130760774.498113
2009-05-01,83.0497,123.6471,77.6082,91.565,73.1433,,4.52657788090203,,4.41307768127447,73.0349068506238,51.1918005021309,86.1812965490741,60.3877106654954,75.49,77.1,76.25,78.48,53.89,,,,,,,,,1427953047.42977,3947657062.1541,4352415403.6679,4654489439.71005,542049.922103691,5.29,13.1667,12.0079,18.60586,,85.735,104.039344741499,199.059853749428,52.2449298381076,70.3144926104778,73.878337900471,69.9062037951829,64.336635416574,74.7207957498837,77.4205065409601,81.1208305273635,68.32180190442,76.7095366249727,60.3433209069509,63.0637359044543,64.8238940779145,61.8025863721977,58.5658564685666,54.8566187170688,66.342665439926,2680429545.75008,23776.9314088279,3404121753.75953,110899028.482402
2009-06-01,82.8547,121.483,77.7979,90.656,73.4463,,4.06610945690506,,4.06139229779305,73.2242021755926,51.5737535704311,85.3436213128446,60.0849914717657,77.96,79.66,77.99,81.66,56.52,,,,,,,,,1418855638.15968,3974094095.15642,4426417160.8565,4729504780.4193,542747.43112448,4.98,13.1722,11.34456,18.47796,,87.8258,106.79665738604,200.055753802748,53.0991928133326,70.579852008068,74.1110484085621,70.2423465908747,64.6506874713966,75.090644112683,77.5547214599386,81.2662766332328,68.5675642984241,76.8051977343505,60.6785862503968,63.8686344911783,66.8102356293778,62.1013354229705,58.713981342516,54.9641552210469,66.4385237097633,2702233607.87965,24398.0112999456,3495573191.45516,105845673.735285
2009-07-01,84.7289,123.4802,78.9025,90.6505,76.187,,4.77706584562215,,4.96164133533579,72.3225824369018,51.0913661905984,86.4284467187281,61.0400878880349,78.93,80.78,79.2,82.58,57.26,,,,,,,,,1442005367.47582,4018407610.11155,4458640507.09439,4758930648.77496,548316.130509159,4.59,13.2125,12.22817,18.72872,,88.0485,105.762896287089,199.219671356506,52.8236259516239,70.7702415853426,74.366291300296,70.5690982916032,64.9293452711865,75.4717610793444,77.7451253478851,81.4380998714757,68.8406851281079,76.9916987142242,60.65944161407,63.6184363003618,66.2006423602772,61.6906736207448,58.8352484015213,54.9869786870347,66.5552322589641,2732774466.00696,26903.5998671112,3817871339.32374,120112986.769292
2009-08-01,84.6871,121.504,79.0985,89.6903,76.3231,,4.19083668993006,,4.28959656150043,72.9917537570657,51.7284627928682,85.5431614442255,60.5735516315112,79.72,81.33,80.13,82.76,59.26,,,,,,,,,1442544698.48937,3940911803.7281,4433251533.96256,4741296491.61506,548599.255193117,4.49,13.314,12.10256,19.10426,,86.3059,110.291803704201,199.956878789672,54.6918335326549,70.9578899114883,74.5777044511455,70.8633330319079,65.224580462578,75.7486940531731,77.895010715091,81.5966067831453,68.8721625634032,77.1641829973175,60.8152990925177,63.6125546273346,66.9048356002533,61.2916509263847,59.1069866496809,55.1068033233222,67.171406000429,2772311425.72298,28365.5950645178,4015964122.83286,144381070.924422
2009-09-01,85.921,123.3026,79.3995,90.7045,77.8266,,4.44070252609776,,4.52397974577644,73.4962895828211,52.289913090271,86.0543335110628,61.0599203333045,79.47,81.09,80.4,82.08,58.82,,,,,,,,,1437477988.65091,3983308015.16282,4450253456.85611,4770033952.58607,546995.291601651,4.48,13.4928,12.58069,19.72512,,89.6782,111.682732776975,200.56366181142,55.3509511149259,71.1630832264853,74.8002693421431,71.148373872722,65.5954676434968,75.9790749031538,78.0703304804363,81.765082990319,68.8528988290232,77.3386783744043,60.9694614047228,63.8591684623438,67.893733313797,61.1162946124055,59.1305783577154,54.9951357037893,67.4234827361263,2807351340.50088,29289.0587108707,4194853890.32731,158787537.77218
2009-10-01,86.3595,123.4947,80.0652,87.7696,79.315,,4.49723716131311,,4.49680586871845,73.9375835727162,52.6885806894136,87.0745067374372,61.9555821415131,80.32,81.82,82.17,81.55,60.16,,,,,,,,,1494485059.6574,3989574395.49232,4505600488.80332,4870400525.0735,555389.689878409,4.51,13.1479,12.20112,19.39447,,89.4284,113.214548719096,201.620452620854,56.2509054951176,71.2798518833965,75.0608631441456,71.396541350251,65.9276336454419,76.1878607743347,78.3535011427598,81.9387241609482,69.1373222384193,77.773877454084,60.601364249976,62.7512531825627,65.499765351791,60.8846233315831,59.2790825738084,55.1970793784219,67.5877939356859,2829630837.52836,28916.0890764295,4167494130.95561,148602732.476847
2009-11-01,87.6763,122.7498,79.0071,87.4315,81.5727,,4.28069398112454,,4.34848977095745,74.4615432068063,53.1149342786747,87.1538485859891,62.0250903919149,81.18,82.47,83.97,80.78,61.59,,,,,,,,,1485521666.55239,4001538443.32017,4536483496.49815,4909122995.12962,554535.911055259,4.51,12.9157,12.21916,19.36451,,88.6404,116.058940503325,203.147233286482,57.3643494577575,71.3249806679537,75.2566848446522,71.592923256741,66.1457168017257,76.4237949245327,78.4942512219311,82.0568153843145,69.4157428178124,77.8117611677194,60.3288825550747,61.7813456239403,63.2111966785043,60.9063253080175,59.4071871651816,55.311579553706,67.7583954439972,2874517315.56237,31148.7566812954,4439753090.17763,144923674.905011
2009-12-01,88.0627,123.2083,78.604,88.3925,82.0133,,5.08661629288162,,5.10504084761323,74.9499919275931,53.5335649878297,87.6184224735517,62.4359111210856,81.69,82.91,85.44,79.97,62.65,,,,,,,,,1483982001.91336,4024919036.2641,4508412345.56044,4880378998.96271,565089.806176879,4.5,13.0659,12.47336,18.74565,,85.7394,117.339724993557,204.80974386088,57.5755119301176,71.4844987503735,75.5022384926612,71.7491218137918,66.1963405236732,76.5635443315505,78.838341184392,82.324214463011,69.6957899126095,78.2765534185428,60.0934941886503,60.8839717463243,60.7445863559062,60.9063030434824,59.533939127869,55.5826568780759,67.8922759548255,2827022676.05059,31561.7636782098,4507053227.39509,183435658.220811
2010-01-01,87.8859,125.1316,78.5224,96.7676,78.8452,,4.52328832327607,,4.64547416963228,74.9222472359758,53.5933324299848,87.3453012548708,62.7426815434638,80.71,81.85,83.5,79.8,65.04,,,,,,,,,1508774962.89775,4018200549.55629,4474552499.83658,4857302601.0598,575507.494664966,4.49,13.0098,12.22154,18.08362,,83.888,117.592469989125,205.31461670387,57.6245858465247,72.189514372838,75.9776845726162,72.2376702251253,66.6304777365585,77.0101127083481,79.3001185504716,82.6459300568379,69.9739204710148,78.8793453086763,61.4035242669649,62.8178055907466,65.4168007535768,61.1721488880888,60.4581307999371,56.0965878406726,69.5314181175051,2828466181.28079,31018.7857500875,4438387072.18817,167935552.884238
2010-02-01,87.492,126.1554,77.9933,89.4018,80.5284,,4.55081324983157,,4.65190720682694,75.314260132302,54.354602718186,87.400627995744,63.1721084522556,81.01,82.11,84.64,79.08,65.23,,,,,,,,,1504131854.58411,4050708553.71449,4485848781.86319,4890964826.60777,577279.715868977,4.49,12.7769,12.08669,17.43536,,83.3782,117.532719267806,205.661710237541,57.4195612222442,72.4973679738357,76.2065037189859,72.4826360264228,66.9964371369923,77.1924072702464,79.5094721554971,82.9116643311464,70.2613144276211,79.1344921490677,62.0816671848188,63.6571620124342,67.4444766507592,61.2603559322116,61.109220181611,56.5887748148764,70.8286490903339,2901945598.84381,32150.8713400821,4624580737.64455,175250340.906596
2010-03-01,88.5241,126.0378,78.7596,91.5895,81.6683,,4.63996082753293,,4.73628116751569,75.5906234119612,54.8872104151657,88.2389160757785,64.0976859823448,81.61,82.81,86.03,79.03,65.97,,,,,,,,,1522783435.53278,4026396291.8694,4515914240.21325,4945088622.06692,596470.588786023,4.45,12.3306,12.1412,16.6759,,80.732,118.240512135021,206.378472813959,57.4290015296941,73.0316617932658,76.4251861436849,72.6161607501294,67.0891318953055,77.3788188460781,79.8005072635715,83.0703597885728,70.5507001928602,79.5035792762263,63.2909159366845,66.0610319754153,73.6931159008451,61.395732428356,61.5389679956061,56.9461122384949,71.5152950743028,2975939960.56665,32620.0732378279,4709694836.61991,194937484.145609
2010-04-01,89.489,127.0668,78.5247,92.6299,82.1205,,4.81706090964158,,4.80591849430665,76.1132964918778,55.3437019840289,87.9437924130705,64.0524954656648,82.25,83.51,87.66,78.42,62.18,,,,,,,,,1524026655.37468,4038429180.08421,4532229695.58334,5004961669.67344,578340.90479938,4.44,12.2626,12.11116,16.30313,,78.3195,118.199491893663,207.501957173055,57.1128360399022,72.9516263722359,76.6052591526547,72.7713174261449,67.1508030336457,77.6059443125619,79.9894088389845,83.1735940171825,70.8183090181684,79.7225722139609,62.9241761670651,64.1406163888634,67.9071907714824,61.4210675523476,61.9833351151798,57.2501804309623,72.0568068059695,3012953134.52391,32500.9802315114,4692279478.68159,191071582.824222
2010-05-01,88.9567,127.3328,79.2145,87.7123,82.8543,,4.71309523261062,,4.80351580528385,76.8250666084228,56.0083607594977,87.5726583428271,63.7836959962144,82.63,83.68,88.58,78.25,66.53,,,,,,,,,1551015745.30823,4119511344.23959,4592577285.3785,5076387226.64375,587514.657246017,4.52,12.9146,12.31485,15.83976,,79.7502,115.539131831564,207.9826215948,55.4717820915171,73.0923182864603,76.8030764463563,72.9570615279862,67.3068640964252,77.8122259372703,80.2162507987393,83.3773390759729,71.0962845397371,79.9775587937501,62.6419396568708,63.1197602731966,65.5400813599879,61.4631684364202,62.2808340174996,57.3911253607762,72.2697473728032,3027348416.8636,31540.2423361725,4559264805.78337,183291210.489424
2010-06-01,88.9769,126.4349,80.157,87.5895,82.8461,,4.60549678418369,,4.60507131654744,77.0913273236874,56.3193938971714,87.640619068346,63.9849407438156,82.76,84.0,89.11,78.09,63.12,,,,,,,,,1566028624.91853,4140249477.31733,4614533634.93813,5121941720.03745,589575.896326662,4.59,12.8441,12.09079,15.7276,,79.3288,115.421318441307,208.266472372538,55.1069251041947,73.2041565441232,76.9674997959725,73.0455880770645,67.3411822680444,77.9824366094101,80.4500389581991,83.5735119418729,71.3645280468361,80.2503220298472,62.5941613448148,62.6363351292376,64.9943110805954,61.3979037664284,62.5895073875516,57.668630090114,72.6559669623297,3095607257.74995,31276.7108870284,4543658011.59122,325523379.093207
2010-07-01,88.7344,125.0916,83.5437,88.6654,82.334,,4.70813919862139,,4.554741614323,77.5796521610878,56.8075264457215,88.3794385783189,64.68857026038,82.69,83.94,89.48,77.5,63.8,,,,,,,,,1591066297.47064,4172676181.89386,4663663324.47796,5198032880.52361,600834.65515171,4.6,12.6455,12.27246,16.48088,,81.7357,115.654628926459,208.922713929406,55.162815443638,73.3431536331867,77.1505614525762,73.1872890862816,67.4916835667303,78.1212735184443,80.6819837124911,83.7381315757201,71.6361995875683,80.542035723509,62.6496396796556,62.3135590085932,63.668595104854,61.0066333666013,62.8645984260441,57.9477479703998,72.7515219134538,3130133982.9364,32163.4675428449,4640616393.40865,163385588.39258
2010-08-01,89.4632,126.0952,79.9207,87.3343,83.6389,,4.68061964250441,,4.84843167838886,77.9456618897495,57.2537477086862,88.9866087996412,65.3225915037501,82.7,83.97,90.02,77.02,64.3,,,,,,,,,1597014194.99259,4269545795.26942,4750224147.2958,5316143162.25011,604717.580147382,4.52,13.1676,12.35239,16.73865,,81.8421,117.748799791844,210.247073317682,55.6534114430131,73.5885175135806,77.32832578443,73.4086351353004,67.7377198373445,78.3211507759302,80.8257083216327,83.9153848726953,71.8820081041685,80.6264916626061,63.0706741947666,62.9813041126214,64.5950519653109,61.7836465227353,63.1550044428874,58.3240514080951,72.8504025985262,3126039238.03445,32136.9061213166,4662115675.33792,174708607.003542
2010-09-01,88.9677,127.1612,81.7007,87.7484,82.6688,,4.6208372025753,,4.68111797816597,78.0135545473161,57.5629291685332,88.6087824989824,65.189394727302,83.79,85.02,91.9,77.04,65.93,,,,,,,,,1606160566.33541,4263570110.54384,4763441252.15092,5351021860.50295,614160.08162012,4.43,12.5998,12.26376,17.19369,,83.018,119.933439548793,211.607117390892,56.4073493853627,73.8418920961689,77.54468675717,73.6303484496754,67.9258071374937,78.5924496759177,81.0771849815068,84.0444619434379,72.1307494414167,80.8595154799813,63.4194492031279,63.361654391209,65.315475042904,62.09421591987,63.5122745649134,58.7869251517851,72.9788732061831,3180477095.73327,33466.0555176506,4904274636.55633,167077650.271698
2010-10-01,89.026,124.348,81.5323,89.259,82.5541,,3.82830470784908,,4.71226763215201,78.0789286386748,57.808299922904,88.3397829657302,65.3996493175839,83.69,84.52,90.68,77.41,66.98,,,,,,,,,1619731789.74679,4310534389.13784,4805810081.92067,5494676640.88708,612198.913974513,4.03,12.3387,12.12524,17.15079,,82.3824,123.975541054757,213.95301393009,58.034054097414,74.1682399000629,77.7147116027931,73.9333112099642,68.1979866447925,78.9636960311287,81.1276548938359,84.1828811230481,72.4179437439309,80.7679914118423,64.1233727374522,64.7879374689203,68.5313248997234,62.3307606751977,63.6920159824896,59.0252604971065,73.1130332220143,3190009891.80072,35874.7321714269,5199097296.9961,171775487.337633
2010-11-01,88.8483,123.6685,82.4535,88.0576,82.782,,5.00910546066158,,5.12715043060226,78.4400062397266,58.3110275253764,87.8099796282398,65.2032879304344,84.47,85.43,91.86,77.59,65.45,,,,,53.2731530188966,50.515158062602,52.1340001962304,46.6512658790595,1631122161.18567,4312612807.62088,4751527798.8755,5450256124.37808,613489.269229453,3.97,12.4664,12.14103,16.22751,,80.441,126.939464356418,215.90570691788,58.9701967647275,74.4007362197124,77.9865842878132,74.2269489164118,68.642499409086,79.155862300451,81.2838367604978,84.2961693681904,72.6924321485271,80.8374063102001,64.2967000235932,65.3382814569188,69.7308175881608,62.4848433727024,63.6474188854451,58.9251121338305,73.2934236178913,3162196651.47524,36828.0283826897,5350050132.41824,207954127.979191
2010-12-01,89.6744,124.4923,83.4782,89.2809,83.6566,,4.21274595101784,,4.2230520751276,78.6864644384416,58.597807460222,89.2797989902054,66.4039964279324,84.74,85.9,92.84,77.81,64.33,,,,,53.1015237362134,49.7753999242557,52.9149315791074,50.1401788371084,1692070049.50649,4336935991.88935,4781745058.39928,5508110846.82238,623083.299876086,4.3,12.3496,12.4279,16.56328,,79.7396,129.854846632775,216.987491129875,60.1173995215869,74.6152330234722,78.2079774714155,74.4845912432104,69.0902949796684,79.1318393835793,81.4839132113724,84.4563147681246,72.9645011494717,81.0517038902249,64.3162075037099,65.160583979787,69.2331455100319,62.3713852437965,63.7396036658924,59.0791353028037,73.5285927598392,3228205284.59528,37780.8500821673,5470732684.93475,254290947.132863
2011-01-01,89.814,124.9385,83.3629,91.3595,83.1176,,4.52617478292087,,4.59769481587999,78.8727242669156,58.6105182185763,88.5363464266324,65.9663905112763,86.14,87.07,94.88,78.02,67.28,,,,,60.1446419955004,52.8718932116628,59.0492277304434,58.5909643356387,1687984593.07746,4368254817.57557,4833069578.66982,5556637800.44551,622882.756594136,4.14,12.1519,12.16284,16.66876,,78.1736,132.045324882903,219.118479694906,60.5896413719597,74.8953695169443,78.4626289273104,74.8008599397935,69.6355495902905,79.1914961366311,81.671044862994,84.5671121498888,73.1938425741047,81.2970231220677,64.6693140900279,65.3911294539153,70.4303316924383,62.2029428762482,64.0862988049847,59.4464753096937,73.8263531152563,3195004355.62345,37563.5403132597,5518718071.00125,161222473.214835
2011-02-01,89.6149,124.4679,84.1116,88.9579,83.8,,4.69588988951003,,4.80189160748851,79.1856995231698,59.2038909381042,88.0702112885921,65.9133273621514,86.02,86.91,94.35,78.36,66.69,,,,,49.1876395852367,51.9595721905271,51.4603720366448,48.4563794348196,1710782349.01069,4401485656.01726,4873207037.63895,5639798384.36125,630439.254967766,4.04,12.1062,12.43573,16.72229,,78.431,134.993492076828,221.878877159939,61.1625249975007,75.0696964078061,78.6686446019247,75.149061489439,70.1751756640736,79.3623871730494,81.808581083077,84.6885367550257,73.3962241261485,81.5501755812465,64.8241112643824,65.4846721007311,70.3126712390154,62.4808239287773,64.273556123171,59.7715781180979,73.9374247568064,3222769625.73776,37301.6898370566,5506738842.30311,177013609.322929
2011-03-01,90.2916,125.6071,85.2877,88.1302,84.7064,,4.44965025421248,,4.57130200245095,79.581206967269,59.5935429929425,89.2218836363502,66.8240971868274,85.72,86.54,93.17,78.74,67.17,,,,,50.7359529357825,50.697052989714,51.4077256810539,47.9556572394998,1731446356.38732,4443929436.84305,4898876879.86497,5689238107.81453,633129.912891196,4.27,11.9084,12.2678,16.88849,,79.3093,137.980176681742,222.459270652064,62.047355755261,75.2121646661183,78.8644101745336,75.4825099656219,70.7994286526035,79.4909964152151,81.8572636626743,84.8369393854423,73.6820872357543,81.3439953427274,64.7742308500239,64.8573862948942,68.5861663349812,62.6535529387217,64.5336562174043,60.1957093732033,73.9009154757469,3257419292.16226,36688.0840811174,5434258225.29347,158908063.32404
2011-04-01,90.2081,126.1755,85.7892,90.537,83.5988,,4.5240654028463,,4.56669276253457,79.6851489846664,59.9463009797211,89.2864333589945,67.2119101022453,85.7,86.55,92.42,79.69,67.76,,,,,55.2132404319867,52.7325081674685,53.6957800774136,51.6934706167178,1765221800.96322,4501149203.55881,4960895182.84045,5809393789.32916,649372.130129546,4.28,11.5278,12.0786,17.10495,,78.7315,140.706839577549,224.535059311698,62.5668466689511,75.4025943286863,79.0368740582896,75.7460388184236,71.1787205023073,79.625541510437,81.9368429841274,85.0159628379522,73.9678957412788,81.2513027174715,65.4289570500294,66.5946833606154,71.8490142839126,62.9464581822166,64.5176894267703,60.1680540671256,74.0512703465587,3342827243.61732,36761.1055299751,5426053216.96364,158612320.093829
2011-05-01,91.0013,126.126,85.2686,91.0716,84.604,,4.48008484321192,,4.54613369285367,79.6353632060213,59.9670799482279,90.5317612118266,68.0944485923,86.12,87.01,93.29,79.88,69.84,,,,,52.3170375883174,52.1353082047017,53.0107881747397,50.1173270248955,1750842488.58544,4500289786.26379,4971807889.49373,5898601765.8055,641959.026545043,4.31,11.578,11.97802,16.68158,,78.8634,140.220238663226,225.437043424756,62.0205944363557,75.4911330747643,79.2032589371599,75.9993622244925,71.5668260395063,79.7635329019182,82.0351722761135,85.1810963509303,74.2170047738671,81.2599646892464,64.8277877557909,65.1188674104606,68.1657347175478,63.2401339036267,64.6204504581454,59.9640555471715,74.3090856846095,3443201422.05332,35698.945443758,5310861921.69517,168916238.174335
2011-06-01,91.8422,126.9643,86.1517,96.1395,84.4521,,4.65486603960781,,4.74231502087749,79.7305281324339,60.184013270262,91.1370462344752,68.7092472082911,86.27,87.03,92.84,80.28,69.13,,,,,53.2980723040985,52.9076212707196,55.142811199262,48.1277112895792,1796085651.19167,4534003454.33961,5035685611.10175,5988928415.63678,646709.655954942,4.37,11.723,12.14069,16.96084,,79.9494,139.818527207564,226.444839370435,61.4407949414537,75.6158539253456,79.4160265551116,76.263513006844,71.9906629688302,79.9110653997934,82.2029525494831,85.343192057458,74.4634138741111,81.4235065242323,64.6761928513396,64.2699790324904,66.1111517845443,63.6384764174589,64.9040122200221,60.413739689088,74.4457621015205,3527434222.02341,36827.3141338109,5460584528.73811,190364254.313564
2011-07-01,91.6423,126.52,85.5753,93.0424,84.9665,,4.65131052754127,,4.53048794951685,79.7947966816416,60.4955754418328,90.428612073013,68.5406871268707,86.8,87.62,93.59,80.82,69.49,,,,,54.1811568914671,52.6341815728898,55.1223837144784,52.6067821318731,1803396221.6794,4581612765.86707,5069276114.65456,6053735321.06403,653933.041041769,4.14,11.7425,12.27784,16.89394,,78.9464,141.426634865885,226.959538066264,62.2030503400248,75.9448858617325,79.6198164458045,76.4938827947102,72.3453847883874,80.0407373247622,82.3697366887733,85.4737208548845,74.7164388005067,81.6007558946353,65.4910579390383,65.8343960600513,67.3493257361324,64.4267459059663,65.2716596588321,60.771582070809,74.6637408420736,3592062940.33368,35908.6901034277,5389103113.80452,194663070.265004
2011-08-01,92.0725,126.7596,85.7878,95.2671,84.9262,,4.77350315084042,,4.95574013250871,79.8260024367792,60.6161438524113,89.129650222705,67.6653586879022,87.19,88.11,94.18,81.09,69.17,,,,,52.8230391355161,52.9717125461781,52.8419097772083,49.100377486671,1805276692.45815,4636702328.99516,5164620663.63914,6249054159.2028,656940.870466238,4.05,12.348,12.68411,17.83175,,82.8404,138.340696670979,227.140252265646,60.6145514131176,76.1169304746083,79.8098281070938,76.627833540235,72.5715176797777,80.1077632757278,82.6047866126915,85.6016698049842,75.3254338421509,81.8926051952004,65.562781301262,65.7196596851477,66.7409523435084,65.0605976252595,65.5199722177223,61.0170959354555,74.7900549474315,3761697318.44978,36403.6460116369,5469321179.50138,229900519.619588
2011-09-01,91.9301,125.5093,86.1614,93.1093,85.4655,,4.44258594081069,,4.5137208232305,80.2000181766404,61.0181701011767,91.7120925851017,69.6017609899791,87.45,88.57,94.38,81.73,69.23,,,,,53.1252156596785,53.6717267654124,54.3880551003984,49.2230821515851,1913472230.72251,4701026820.01859,5302839556.96201,6300611873.76723,670488.704103645,4.23,13.7994,13.21914,18.53535,,86.3457,136.33834748199,227.456068069586,59.77860658588,76.1800352332173,79.9611851539057,76.8699902652156,72.8541459336784,80.3020102695559,82.7510725670874,85.7390810995984,75.1716299892771,82.1112705890748,65.393213405959,64.7879344613389,64.4000243946537,65.1887101261162,65.8839547278897,61.4604931872438,74.8883420420765,3755395529.85269,33707.0951252621,5172499283.50157,176506753.997456
2011-10-01,93.1381,128.3506,85.6802,94.7314,86.3645,,3.86557427377397,,4.49298013115441,80.2858642090075,61.3043012998081,89.266671746394,68.2387240509477,87.67,88.91,94.76,82.12,68.86,,,,,53.063216858165,52.3059113348241,55.0284293319348,50.7458175598938,1903401726.19711,4738019367.10704,5299447395.26951,6378438214.5537,675396.92472603,4.36,13.1802,13.20261,18.44042,,89.2605,132.917511289903,226.731235077087,58.6777947649629,76.5539319892073,80.1897554563667,77.116005327054,73.2494571364155,80.478284684312,82.954979579856,85.8878520934556,75.5059332770898,82.3210853943175,66.1219478005235,65.3185017689652,63.9856581397886,66.1992991419958,66.5172370751983,62.3265189644308,75.0065401537426,3901906831.06593,36316.3619643853,5515077872.7431,164887330.048914
2011-11-01,93.9653,127.8226,85.4112,98.0129,86.8838,,4.58010249375882,,4.64012509637196,80.2532266627508,61.6549869225654,89.8669734584275,69.0434872044467,86.91,88.13,93.94,81.08,67.9,,,,,53.3162127425706,52.3722333956994,54.2982617006172,49.3984322514146,1898903310.75998,4802760760.11052,5343013849.17147,6417873421.50059,683943.897710485,4.35,13.61,13.41674,18.34628,,88.8015,135.79598186508,226.934094526793,59.9438245339962,76.9752797376708,80.5394158383657,77.4044445328426,73.6399348113276,80.6889698340374,83.2501591977643,86.0203922328508,75.7797568643692,82.6512391793206,66.9170062390589,65.9224498293777,64.0014958773929,67.1289063282802,67.2792385361043,63.4037501911703,75.1149630931631,3940881466.54382,36646.6548216839,5580635037.48959,269945492.718648
2011-12-01,94.4674,128.2968,87.8438,97.3844,87.5756,,4.54439760035343,,4.66533078012485,80.5097232110077,62.176278882017,90.4470130864008,69.7986846812253,88.05,89.1,94.6,82.68,70.98,,,,,54.0225254554344,53.553088860746,53.8971167703553,49.8535271836161,1933548098.85075,4852478039.69227,5444712945.38572,6582589405.25507,689198.39172053,4.34,13.9476,13.68078,18.10399,,87.8387,134.720054945874,226.426596450301,59.6677864101902,77.4385980940879,80.8332154336785,77.8139970129193,74.1286400797897,81.004213519989,83.4466826726135,86.146647618691,76.0526314020849,82.8765656073182,67.7127879232532,67.5961963125616,66.0876011117062,68.4628288310143,67.6274134601931,63.908745475771,75.2650404552734,3968969280.58376,36344.2434951528,5558424451.28051,169543247.180801
2012-01-01,94.5739,126.6328,85.7425,94.6997,89.0279,,4.54567886213795,,4.66602220714412,80.9590570762998,62.6809315691518,89.596147195748,69.4257906227793,86.69,87.5,91.73,82.57,70.78,,,,,51.342606304158,52.1411494290032,52.3577232744254,49.6772566710715,1933630705.25632,4898698333.25281,5470720569.86349,6677352126.06574,699350.64519408,4.27,13.0077,13.02201,17.09342,,85.4912,135.959547430611,226.879263368086,60.1578630939562,77.9170515660601,81.0959013215296,78.2448496198667,74.676887762873,81.3108067698956,83.5381017180758,86.2508602361932,76.3462087741217,82.9778461392135,68.7532586522063,70.2592370539864,70.5104402233928,70.0963352414985,67.7626428940982,64.1289517255131,75.2531522334792,4077062714.46175,37705.7868125374,5766086474.30253,156339138.936489
2012-02-01,94.5607,127.4287,86.7112,94.7091,88.9231,,4.47547090758424,,4.59388520985973,81.1925584779491,63.0990101877787,91.4081152976706,71.0537385930345,86.85,87.79,92.25,82.51,69.46,,,,,54.1065432918084,52.6077279494167,53.4237267252522,50.454942604131,1926840041.83253,4932373729.89665,5520733903.20893,6760779030.3214,702654.220766925,4.32,12.7891,12.94449,17.20773,,81.7803,139.474365606341,226.52367603969,61.8243714556493,77.9872293285045,81.319744023073,78.7332327293615,75.3252135365698,81.5718938404489,83.6474247348092,86.376524868886,76.6215191357324,83.0791859031641,68.4005708679535,69.0143300433631,67.1329282766355,70.3469143549121,67.8134202277111,64.4688098928418,74.8278038123338,4110677028.63916,37856.2633473982,5809022092.86227,263493169.258322
2012-03-01,94.6579,128.1665,86.1563,94.3476,89.1068,,4.49641902048207,,4.62000592882045,81.4592755998728,63.3106758390798,92.1193950938953,71.6166578755819,87.77,88.63,94.02,82.27,70.85,,,,,54.6904836667628,53.6454649559308,55.0633110186503,53.2299199558024,2021302002.14476,5067443289.46178,5668669556.18265,6900612418.87576,720706.737021529,4.24,12.8093,12.84273,17.09273,,81.2651,137.942711309807,228.285293778231,60.4124941723206,77.9950988897895,81.482691842034,78.9051182537474,75.5301482087809,81.7718036572506,83.7770953699308,86.5044097165003,76.8915561008937,83.11379239116,68.0334929476594,68.0574340692083,64.6472807856581,70.3884916641896,67.863583748417,64.7347406378383,74.3537861934965,4104900794.52384,38882.2549270258,5938179897.60365,226002940.865821
2012-04-01,95.1554,128.0344,86.6775,95.6255,89.4415,,4.60178008644921,,4.6292549845634,81.5860058542749,63.5002135765922,91.178240550977,70.9508268104967,88.11,88.9,94.24,82.71,73.13,,,,,53.1001787800643,52.9579102721061,53.0960693770708,50.4985089759666,2017050983.08333,5055670509.0221,5643631394.73066,6965978967.95888,735997.962289711,4.29,12.9942,13.15598,17.19003,,83.7768,133.745512875558,228.25159718428,58.5577172926939,78.0157659443799,81.7141404763327,79.1847742117133,75.8154007703096,82.0215951630179,83.9618372426086,86.6464058744615,77.1538660364385,83.3252492667347,67.7809047398703,67.26341971997,62.388160412557,70.3259323790246,67.8074523034753,64.7999551260174,74.5285254732731,4191994647.71032,39363.0628755255,6015611352.67889,177469558.005748
2012-05-01,94.7518,128.6841,86.764,95.799,88.7261,,4.30067339356129,,4.52379310958172,81.8564009621604,64.0411541272021,92.8026366118734,72.5181597951614,87.11,88.47,93.43,82.73,68.89,,,,,55.7388889957144,53.5853367353297,54.0250637509831,49.1140430513313,2052489402.7912,5088584467.5593,5716657694.05819,7056541704.48603,746861.879199801,4.39,14.3047,13.87599,17.71494,,86.5311,130.537605466079,226.678136182807,57.5282502406925,78.4088454237904,81.9663681741721,79.4696139365796,76.1733694644061,82.2639070079659,84.1622156651104,86.7836563196007,77.5607955842971,83.5415960191634,68.166781164108,68.6835895510927,66.6293306451438,70.0406682521076,67.8349920156522,64.5959640396727,74.5435036290409,4259661052.56165,38078.0950714945,5834512831.80567,219852636.927415
2012-06-01,95.2355,128.9594,87.1176,94.1571,89.7225,,4.46057501645395,,4.55662950136555,82.1346537425297,64.6667274342655,91.3667898460604,71.865300974498,88.49,89.61,95.12,83.23,70.39,,,,,54.750035811328,52.8658510800834,53.2090464895515,51.7882675843201,2113720621.64953,5103330216.40549,5791359722.04619,7241297175.50573,760182.554567831,4.34,13.4084,13.15713,16.98844,,87.9361,125.60610206842,225.798734756028,55.4819335133113,78.8814249062209,82.1985450649406,79.8518196859451,76.6533581914985,82.5774867301999,84.271585742161,86.9296804614096,77.8790840413226,83.5709873850549,69.3543685438885,71.4607787864442,74.6476906658709,70.1265942857475,68.1796019825139,65.1994695642281,74.640053061087,4389870228.08759,40483.3253623614,6159127713.89895,224564623.312724
2012-07-01,95.9831,129.1487,87.1783,98.5666,89.5488,,4.27235744800921,,4.62014207386925,82.354479913501,65.1935694900195,90.2312873230257,71.4172388785609,88.7,89.59,94.94,83.41,71.58,,,,,51.8818751129461,52.3579349835999,53.2897744162072,50.7985395922699,2076776682.06356,5115157304.18626,5806734246.19047,7327915731.37854,757180.663373854,4.15,13.2833,13.24226,16.32916,,83.3475,128.248936364876,226.863410424549,56.5819969917951,79.3075077329479,82.4879737208658,80.2834481450298,77.1267783699266,82.9797086754154,84.4129394892253,87.1043006981248,78.1389531601463,83.6376964056396,70.282266989073,73.2934524672056,73.3728915719164,72.6714542646992,68.5364495403834,65.6261756136427,74.702412632433,4514085323.81348,40634.8859821053,6225985438.60118,218525952.586055
2012-08-01,94.6252,128.7279,86.3878,95.4708,88.5417,,4.63936695733646,,4.6475161007611,82.4939909835267,65.4807935022919,91.255184659429,72.4356978149233,89.34,89.96,95.22,83.84,74.22,,,,,53.8162327005745,52.0598712176828,53.5643115476925,50.309233082233,2099382726.33563,5143471054.62938,5832106790.95394,7383312262.315,761887.403033647,4.13,13.2571,13.42215,16.70262,,82.6166,132.016821285648,227.764712246714,57.8099565839958,79.5774909972271,82.7404153258043,80.5996176129377,77.450727507408,83.3060058508325,84.6010859168086,87.2643423115943,78.4747456004754,83.8729626592191,70.5458783575788,73.4090645546388,72.6314164941364,73.9207066531906,68.9346548326866,66.1045485655368,74.7732938106243,4565771800.53192,40144.2351147589,6171869517.90968,207192439.746067
2012-09-01,95.8681,128.6713,86.4066,96.9628,89.8354,,4.83583441569978,,4.95223139166748,82.6381817092954,65.8249487445593,91.3571939193111,72.6359417681739,89.65,90.32,95.86,83.95,74.64,,,,,53.7917878766016,52.0653517027672,54.1191207240938,50.4347596606532,2115052125.72687,5157885564.29576,5874051223.67783,7472606411.62893,759495.447131682,4.17,12.8695,13.08545,16.59522,,82.5505,134.754793147344,228.055573261564,58.9896225003292,79.8146141853133,82.8302110678754,80.8446958600567,77.7876859148698,83.453544410068,84.6324528909176,87.4296836720053,78.6209557855427,83.6913058186293,71.1988489030019,75.2273183036507,73.3399753060984,76.6080348606137,69.0620769060267,66.1126946120343,74.9737586663684,4629113901.5633,41170.3670456124,6331921235.57624,293790401.297823
2012-10-01,94.0317,127.8658,87.1345,94.5462,87.9187,,4.71169062062273,,4.77902798828706,82.8451361744741,66.1274899006188,91.4174091906581,73.1943084875211,89.81,90.25,95.58,84.02,74.75,,,,,52.3963736680711,54.3727584916792,53.4487416561149,50.0774109312137,2096774472.09472,5208688347.17094,5864795747.14684,7536187968.84102,766462.840366235,4.21,13.0911,13.08848,17.00534,,81.7499,134.499517235875,228.565804247081,58.8325802524402,80.0501674796931,83.0450305577807,81.0541525794824,78.0615372919642,83.6800081889498,84.8237704333343,87.5911253593966,78.9227670376074,83.8498079324715,71.4743592924744,75.575070196184,72.7603230609735,77.422892984756,69.08805682285,65.9948182709839,75.1968912418268,4650575556.06151,41504.4392653594,6453702001.63507,293826569.000972
2012-11-01,94.8276,130.0827,87.6719,95.0398,88.6533,,4.67189494054083,,4.75208154103424,82.703029478694,66.1673168963789,92.4475542046148,73.9449752343966,90.68,90.52,95.61,84.26,81.13,,,,,53.2400197906861,53.436348213998,53.5281174287015,52.9831031952679,2136669200.46466,5209440741.08638,5906509474.25127,7617448803.78214,767652.947540648,4.29,12.9268,13.00488,16.79967,,81.8074,133.661722467656,227.784019070911,58.6536504780675,80.1534100104872,83.1745216910927,81.3949823123264,78.4369251347033,83.9643325528426,84.667502728414,87.7502746411184,79.2014715329238,83.0903152675261,71.640272221617,74.5371035078625,69.8810647141273,77.4506500226135,69.8265764268352,67.0304427361375,75.4949673344146,4743546972.83569,41500.7965569655,6438477166.99363,249739200.078829
2012-12-01,94.3046,128.7088,86.6521,91.1137,89.2871,,4.81797820287165,,4.88510914054132,83.5851859426213,66.8482125380163,94.1442127097272,75.1822582517298,88.84,88.58,92.67,83.84,79.47,,,,,53.2586246632694,53.6934376652879,53.7333099210318,50.6136313138037,2129440625.36993,5202156979.71646,5910890492.38196,7704947554.12415,767772.263926924,4.05,12.9658,13.02441,17.13819,,80.396,135.081336903375,228.456736112834,59.2071874024408,80.1973970939448,83.1839430505836,81.6718318211567,78.6287833537823,84.3387160855341,84.4283134300471,87.9008851203117,79.4896625168978,82.2879085157519,71.5728261051942,73.7426197417986,67.7231359324401,77.5807169742155,70.1652381198411,67.4695158264022,75.6226561305259,4773218292.60554,43153.444903707,6677898159.65489,210098532.31971
2013-01-01,94.4334,130.9902,88.4406,94.214,88.1097,,4.48992407387887,4.75215634077404,4.53396390081764,83.4011632274509,66.7503682810186,93.6629274043053,74.9341241217208,90.11,89.89,94.61,84.37,80.1,,,,,52.4766849689584,51.9985336403306,53.2812701868426,49.4993239274602,2127712467.3457,5227063337.75585,5970300938.45537,7828161696.34023,761975.125866033,4.15,12.7094,12.72465,17.25174,,78.8936,136.372913194928,227.664993606905,60.1106023947835,80.4692613914712,83.4561356982817,81.6853749449198,78.6441826960272,84.3350553508249,84.9094590843575,88.0415570516046,79.8221447006325,83.3192009107748,71.7710793984816,74.0724577655033,68.7286361376254,77.4945490933665,70.3777008603245,67.7403670484762,75.7251347276126,4866444615.78172,45401.2737537613,7019290916.47114,311721470.238345
2013-02-01,95.1402,129.9973,87.985,95.7732,88.8129,,4.42313015150845,4.70641485986116,4.5505145343467,83.4935248738222,67.2244018278559,91.1322275830413,73.352936968838,90.62,90.35,95.45,84.44,81.18,,,,,52.6635804051585,51.9126204673722,54.8734568828869,50.4557039620195,2144003426.33384,5269300067.79185,5964965414.49608,7855029995.3107,769177.099888595,4.19,12.7795,12.43318,16.70664,,78.2873,137.130746663522,227.543425935365,60.4367091418926,80.8039256387926,83.7531018775018,81.8058434998995,78.8403757907826,84.2502111324571,85.5105118538637,88.1846772772305,80.0938457450591,84.4758354532698,72.1768488086565,74.2488289393768,70.3698347531871,76.8682133262878,70.7874533762953,68.0404409295717,76.4674428044362,4934281768.93278,44120.841767827,6958112060.21648,262744623.068201
2013-03-01,94.1541,128.6977,86.1476,94.612,88.0244,,4.41430300944762,4.57878044573473,4.57133247319138,83.5534176471579,67.7177724554505,89.0425732098641,72.2210737361703,90.42,90.1,94.75,84.71,80.35,,,,,52.7958666070898,53.9250101965361,54.2998356417588,52.7010620305552,2171287917.18806,5329841959.50481,6069833735.00243,8025746940.43771,797911.86100367,3.98,12.3612,12.15848,15.78525,,76.0178,135.950970014513,227.493706858675,59.7512658991571,81.3118392640121,83.9524471172742,81.9615379358141,79.0703205344995,84.3843067634434,85.7516925233486,88.3335565257577,80.3775140355685,84.7802203961618,73.6190402872331,77.6723139754608,76.9516484300783,78.2293793736457,71.3400398014842,68.5475433104884,76.8440839597071,5039593636.17221,43571.9819604766,6941069671.63813,244263201.752466
2013-04-01,93.2917,128.337,86.8771,90.1118,88.0096,,4.39540404413963,4.52220787949313,4.59659774616343,83.9181051755488,68.3993331831956,90.9566546136793,74.0622431162609,90.23,89.91,94.6,84.43,81.73,,,,,54.6997781639001,49.2899667224203,53.2486143548927,46.0112072882397,2164402013.29919,5313778944.76412,5977737473.04046,8053126937.60344,768359.825203182,3.82,12.1456,12.07637,16.01397,,73.7574,133.945734259707,226.475720089213,59.1235613531766,81.6833795349117,84.1144522348098,82.0967637763994,79.2825711299452,84.4383146748437,85.9334326500678,88.4737416957968,80.6645165626514,84.9803343826454,74.8874159561875,79.0319165254783,78.6588417247474,79.2428887855583,72.294441368615,69.1626261339893,79.1893042127806,5195760888.07192,42287.1926135066,6884116683.08013,275285110.787101
2013-05-01,94.7842,127.8439,88.6932,95.2434,88.9244,,4.4978088454508,4.49884172799281,4.59200547826848,84.3346887786774,69.0214763806218,89.1747234958299,72.9082405630017,90.92,90.77,95.24,85.58,82.45,,,,,51.7533078155597,50.7060649801208,54.1110762835757,50.2811832296945,2195967193.4216,5355502760.30003,6085676792.08288,8104388068.17938,775268.29997561,3.72,12.8035,12.38867,16.59334,,73.781,134.288461927783,226.621776052715,59.2179842916819,82.0141928375513,84.3301272441225,82.274920368283,79.5793954000906,84.5589560579651,86.1275239451487,88.6456217599663,80.9538875350019,85.1703205975242,75.3826486782825,79.1895447347963,77.1409842096163,80.5387112696316,73.0145988547908,69.9153193068101,79.3763781531102,5051336972.9857,41968.287178508,6835883695.28307,276955893.862818
2013-06-01,93.8333,127.3687,87.9216,90.9703,88.6315,,4.46858565871012,4.44039837356708,4.64515062874392,84.2949650153752,69.0549055410147,90.5821654704964,74.1427165235223,90.7,90.38,95.04,85.16,82.08,,,,,50.6719536894905,50.8237056412252,52.9638436453013,50.1403178129419,2222462796.13534,5466314835.69942,6139380540.98422,8063555106.47232,783205.356261395,3.78,13.0279,12.35045,16.93627,,78.8224,131.431689605588,226.086443436334,58.0430326232537,82.0801672821246,84.4797963367507,82.3656360416257,79.69568995621,84.6384302781913,86.348704968232,88.8557413893438,81.2489708007321,85.4072953720998,75.1581618909409,77.7805325045248,73.5845358175969,80.7768861725354,73.5951778434961,70.5792982354341,79.9941400784981,4957615223.44936,40755.1265407403,6684320227.86037,486300610.102922
2013-07-01,94.0031,127.6652,88.6254,91.6721,88.7361,,4.00382087604033,4.52200353919364,4.44223521356547,84.2819349579263,68.9985948370261,90.5167910075163,74.1312285697346,91.07,90.66,94.96,85.63,83.06,,,,,51.6732049251446,51.1516570048906,52.2200122639105,50.9146857176222,2236946488.70781,5525127252.975,6188066390.21475,8105859456.74088,779932.511721023,3.85,12.8464,12.49569,17.05873,2.09525,75.9784,131.76435718098,227.473297742735,57.9841493344084,82.0857060283131,84.5610270981701,82.4373687819768,79.8445979186091,84.6519114858641,86.4069730868211,89.0297638595086,81.567036127954,85.2633310764319,74.9168826460248,76.4442571563848,69.1465295221771,80.3592804751195,74.0165137045213,70.9753913681709,80.3318323655562,4911363276.67448,40701.8167127469,6638434514.98303,255844042.260529
2013-08-01,94.9134,127.8074,88.6857,93.0903,89.6635,,4.3339478315062,4.56393799992283,4.4516745624596,84.3613994019665,69.2496503157062,91.7074562838861,75.3047292484719,91.16,91.05,95.44,85.88,80.09,,,,,52.2120687681738,50.8333983105793,53.016653822955,49.8986412057723,2271830648.47464,5572576571.27918,6285789316.47581,8209035402.65878,792419.406212356,3.84,13.3415,12.64908,17.59077,2.18134,76.9394,132.271842206569,225.889022386204,58.4376261652786,82.3187920957812,84.6896719968862,82.5899588513847,80.0706119549963,84.7636063648277,86.5088338776137,89.2285176196791,82.0120756995751,85.1855063874093,75.4850161714967,77.1928400587513,72.8795214817136,79.902440097993,74.4756740324468,71.4297588615908,80.6614161078698,4990341065.84349,39943.7106918806,6523589866.90831,268083482.793746
2013-09-01,94.0101,127.5996,87.9807,92.5479,88.2454,,4.34116939652573,4.95565925753732,4.46925974169642,84.2417262520584,69.3339133574991,91.6380135388949,75.3555048320086,90.69,90.22,93.65,86.15,83.34,,,,,51.2999160690202,50.1306899641407,52.0940654147319,49.6956508997656,2289127362.42889,5598817492.77844,6345149538.7346,8293501925.49186,802524.85420259,3.64,13.1747,12.81767,17.83196,2.15406,78.1364,131.37952313248,226.84345305233,57.8432539249846,82.5120793265795,84.8942405790337,82.8718558891449,80.3013837960973,85.064042074369,86.7178706346302,89.3531965345267,82.1383084233547,85.4762972891715,75.6104311935343,76.9604860098336,72.9091633570491,79.5975906868908,74.9262844070457,71.9229334751839,80.8731268627393,5044314629.28787,40396.3517995012,6617377028.27218,221115016.787506
2013-10-01,95.0101,129.0101,88.2733,93.9031,89.4002,,4.48342207339557,4.59000997155745,4.48158738709645,84.415953313913,69.6430264378582,91.7172314870082,76.0082849746256,91.02,90.77,94.84,86.06,82.13,,,,,52.9443614517346,50.5645394959193,50.9681067175151,49.3910998857181,2261417245.74786,5629351338.79109,6410844997.21547,8402915254.94772,806841.941363119,3.39,13.0067,12.45782,17.71252,2.1357,78.1671,130.141621765255,226.847501220245,57.30624370388,82.7164423476526,85.0860908506069,82.9362524805615,80.5236875592214,85.0783053437138,86.9819945836391,89.5104829660578,82.4339712557183,85.7877298695239,75.8393960576527,76.8125673943826,73.5356391735218,78.9338353104417,75.2542604186031,72.227158517698,81.0824109086104,5131314587.1461,40639.5253415111,6744707007.34991,218898958.024226
2013-11-01,94.7465,129.8531,89.1253,93.4669,88.9258,,4.20023780424846,4.43670433241172,4.36177470908891,84.7092938831846,70.2364540031601,92.3638475543696,76.4721894957861,90.86,90.95,94.88,86.25,80.23,,,,,51.6492332165524,51.2934535817941,53.6852419314108,50.0513874973604,2344611138.01031,5723412219.41283,6540937529.56419,8532345393.09179,830773.902672914,3.39,13.1101,12.3838,17.8494,2.15399,77.1027,130.59791059427,227.238908907495,57.3814305838143,83.038158983164,85.2920459499172,82.9858867555557,80.5771287694038,85.0728162398338,87.2539293854912,89.6756521548204,82.7289290884303,86.0125207259497,76.620327403936,78.6220156950941,77.5862839439215,79.0972119772409,75.4520300422097,72.5418775883921,81.2760265798101,5168463652.30739,42368.2422811861,6922180490.17107,209173788.428355
2013-12-01,95.0437,130.3183,88.5723,94.8269,88.5631,,4.16486658389217,4.57826112000921,4.24477607156758,85.0407313372329,70.7235870730554,91.1354311207902,75.5991718314763,91.9,91.87,96.05,87.01,81.15,,,,,51.005975439154,51.2130347024787,53.1606318671993,50.8278627357711,2361966586.17306,5764346530.06542,6521448673.18107,8550758597.54309,838194.500835712,3.29,13.0843,12.31494,18.03017,2.15891,76.4084,131.510847784214,227.92293149874,57.7341472777208,83.3752126010657,85.4946431524824,83.2098082412762,80.7290732293124,85.4219809785442,87.4268521935358,89.8291133056794,83.0168227148477,86.1682008476386,77.1778421744883,78.5963427748922,76.8096543018961,79.5648900783966,76.2998770751552,73.0912277105152,82.6809283460938,5267442301.61905,42619.293269323,6960313048.57765,241611234.72094
2014-01-01,95.128,127.9717,92.791,92.0384,89.983,,4.04201597955829,4.47620036811229,4.12873601011606,85.0038364681334,71.1584647501946,91.5708411676411,76.5607103002687,91.19,91.13,95.19,86.41,80.78,,,,,51.8336706187458,52.7437989188408,53.7628820785692,50.3722286785704,2403031398.20373,5807845272.35808,6544716478.32843,8507805762.50475,843133.811396719,3.14,13.3769,11.99774,18.03741,2.21655,76.4017,130.45157566648,229.124981573143,57.1668057378061,84.0835471479846,86.1606969164902,84.1390575409433,82.3532997060052,85.7153509132469,87.8617855359309,89.9914723799318,83.2770092551417,87.1370685451869,77.922050808776,78.6491015810338,75.7187520542933,80.4195491335998,77.6524411570309,74.3659657663964,84.0986621967941,5257432424.97763,40969.0460289649,6770209922.05778,219608589.306484
2014-02-01,95.4604,128.1056,92.076,95.9188,89.5322,,4.33059494017948,4.54841262647309,4.45092414142441,85.401978653087,71.7118525661968,91.5091380669495,76.8006557750314,91.65,91.33,95.46,86.58,83.79,,,,,52.5198508276274,52.0908146863976,53.6533332710424,49.6359805999364,2426460718.88648,5834782147.71353,6627505739.67533,8707681311.4086,854349.583535028,3.16,13.2379,11.95912,18.28286,2.16307,77.1392,129.866321776962,229.517117243782,56.6890098464838,84.2538853174789,86.2856213038442,84.2177491831057,82.6274013654922,85.4817464776558,88.1250091094635,90.1659763797983,83.5889677551552,87.444177304586,78.2577718744035,78.5386104287618,75.6242368850029,80.4845323040138,78.098439809484,74.9977295097543,84.225001218653,5378315151.42144,38888.0272690896,6510666303.19147,197344342.413683
2014-03-01,96.8972,127.7389,93.4914,95.6021,91.6099,,4.32436427257503,4.54006465261768,4.51563204012684,85.5698732557449,71.9605757343326,90.3555798309415,76.0759691211523,91.93,91.51,95.36,87.09,85.14,,,,,52.2603295897967,51.9817463155705,52.3064300479338,49.7563637790059,2443071153.14375,5867750353.46435,6662306884.82759,8724378162.53385,849869.537279099,3.17,13.0549,11.82774,17.99357,2.10053,77.2258,129.320891581539,229.084496653567,56.4630423673586,84.3773534013995,86.3987236202411,84.3665981782569,82.7637144601667,85.6645318317976,88.2430450894036,90.3157221732206,83.8901978285562,87.492334075924,78.4447261406295,78.8173349323476,74.59233376137,81.5107008203127,78.4427444007003,75.3703950412763,84.1492848482378,5468805446.65848,40231.0419596726,6625577512.87292,198874185.501785
2014-04-01,97.461,128.6316,94.2627,96.6065,92.0359,,4.20339709024975,4.5002210898382,4.35279567874014,85.8232009198637,72.3812745675515,91.1536987406695,76.8108237374374,92.85,92.34,96.93,87.06,86.08,,,,,52.6183497598815,54.414889631843,54.2358988769355,50.7553045163867,2481358858.14236,5997496232.19686,6757772555.75844,8815603652.4899,877024.935936086,3.23,13.0901,11.9277,18.14811,2.09311,76.9691,128.645852696195,229.559088007413,56.0273807062263,84.5864095625484,86.716581013335,84.5477370946838,82.9794567419512,85.8129933035192,88.689132632853,90.4542907775347,84.1976828740871,88.3140222490384,78.5300339226337,78.2492386109629,71.4751641172127,82.6352101534883,78.5966378531306,75.8247204889049,84.5356660748451,5505043696.89379,40801.4508081356,6700260147.12193,196317421.983613
2014-05-01,97.556,128.4348,93.5558,95.4397,92.563,,4.31657337483945,3.97284495617967,4.41087385978486,85.9401931520282,72.7933475377053,91.2789731123881,77.250994904687,92.59,92.15,96.77,86.7,87.26,,,,,52.2234540496693,53.1803144375091,52.71325568016,50.7334770328814,2513132786.46915,6019586597.76594,6758075441.08584,8914163490.5902,878422.122314526,3.28,12.8609,11.84489,17.54998,2.05903,76.7432,129.751919187338,229.486278530736,56.555100764331,84.8927246907802,86.8661876875156,84.814928898803,83.408688640499,86.0038752364677,88.6574069760457,90.6096311901587,84.5238997351692,87.9630966165867,79.2601029311751,79.6501588107184,70.9888964002953,85.0131817466854,78.9131385979194,76.1492780696896,84.8301254861442,5623185854.48427,41684.5872507007,6854509393.99144,193454176.202126
2014-06-01,97.816,126.9335,93.5185,97.1545,92.6587,,4.19375257809888,4.45583142530043,4.53275407452775,86.1352689742357,73.1632530214242,91.5872783869586,77.7453931158542,92.7,92.33,96.91,87.03,85.86,,,,,52.4709542484925,52.6527913257891,53.2756744150315,50.5537809263177,2519001043.58453,6051679366.72985,6846082720.77078,9083332874.17793,885775.993463375,3.02,12.9712,12.17866,17.75887,2.08966,76.6592,131.410479011327,229.516052944037,57.1941169762519,85.1461666102668,87.0810412202832,85.0226166172202,83.7214711182859,86.1314942596973,88.8928122579977,90.7651821611572,84.868566124788,88.2652057973577,79.6111720190814,80.2923711522231,71.7243945643099,85.7414740941679,79.1231478240266,76.4916130020708,84.9684361026236,5723779203.23502,42694.6715768203,7119344759.43466,184172640.598789
2014-07-01,97.2134,126.9528,92.6841,92.8958,93.1618,,3.93348073664365,4.25067590573174,4.61850321180179,86.5118243906493,73.6778797699597,91.6868918818128,78.1428829261244,93.0,92.56,97.17,87.19,85.78,,,,,52.4737547962716,52.8871669909176,53.7525933848515,49.0718626197195,2561173209.98395,6109812822.45436,6908071867.2471,9187433727.18746,899117.738944635,2.83,13.2269,12.15023,17.69891,2.14144,76.171,129.467661025821,228.55218206064,56.6603214348723,85.4318813531056,87.3071649915806,85.2215702148951,84.0045496226898,86.2684801490647,89.1242152759637,90.9071783654785,85.142758271026,88.5762364443544,80.0304099131953,80.8914204407598,71.6403748902792,86.0261794200914,79.4579552863538,76.8309331915081,85.1213150743115,5763384918.15575,43439.4797482784,7283796023.45694,207784605.016805
2014-08-01,96.7683,126.8681,93.5899,94.9553,91.6751,,4.36094561093632,4.68643280312079,4.58019014997415,86.7978587995333,74.1837029187627,92.0431934612261,78.70866784477,92.73,92.37,96.86,87.24,86.11,,,,,51.3025539797731,52.7706001734113,51.6730557529537,50.9504438917607,2579070798.56328,6146608008.54193,6954414523.52403,9241517623.71492,911382.308408205,2.77,13.0763,12.05373,17.2241,2.12621,76.4733,128.346284032762,228.856748964359,55.981254984163,85.7267687313452,87.5367868574436,85.4956262383563,84.3438699849295,86.495653682217,89.3104722676709,91.075438057106,85.4241021823244,88.7553298496578,80.4988077535937,81.8526548023016,72.85408628026,87.5643028714332,79.6299758036553,76.9262759025342,85.2565663486314,5788072533.83219,45637.3900619705,7560400942.54334,190825900.16069
2014-09-01,97.4023,126.2948,93.7313,96.0738,92.2749,,4.15696204813521,4.4417075340051,4.2758938369856,87.1672395887227,74.7690031517049,91.9565446405767,78.8450549339079,92.81,92.83,97.38,87.43,82.54,,,,,52.2582493040558,53.9028328401745,53.3349539122236,50.7129338987407,2607003089.20413,6176195673.92509,6965380161.48889,9182717825.46366,919880.016637355,2.83,13.433,12.02119,16.96991,2.17346,75.1019,126.927640397229,229.115846684172,55.3514398526727,85.9713282793777,87.7163681218974,85.6816326636927,84.5421544368494,86.6636186275775,89.5226103718222,91.2571525778607,85.6927118018553,88.9676894829263,80.955255508751,82.7270175133506,73.5630733061397,88.5043156554331,79.9167953155511,77.2331905971361,85.3827438139039,5714769469.48899,45047.1919848716,7533626870.28156,207175675.253974
2014-10-01,98.2575,124.6762,93.755,99.1282,93.3493,,4.27286825006681,4.3855612499218,4.3469626992479,87.6315128774202,75.4302904857438,93.7216926679767,81.0825668359334,93.15,93.08,97.63,87.76,84.78,,,,,52.4811590184768,52.2472851699149,53.8584329638924,50.9568485529845,2670735755.19112,6200548147.03263,7090731061.24643,9401995455.24611,938838.055083307,2.9,13.4773,11.90854,16.85606,2.1995,75.5157,122.990753116733,227.594470132157,53.961517580935,86.2246355169726,87.8973551905437,85.8196762169396,84.7519883383947,86.8043303644954,89.7221413017645,91.4293505256687,85.9959619966326,89.1058381606987,81.4789849227677,83.3883343185791,74.6067515914601,88.9887484305495,80.3264607574935,77.6467454840822,85.5285157016843,5903181992.87154,44512.4038270715,7439091157.63511,218554391.918983
2014-11-01,98.0823,124.576,93.1791,96.8189,93.7728,,4.27927271758085,4.55457424287826,4.5181430621979,87.9048843796202,75.9340062658719,91.8461399729143,79.1394465044351,93.73,93.73,98.65,88.02,85.81,,,,,52.9055550226749,52.2176103233867,53.3526812265959,51.1777826885171,2708994033.53073,6236075269.19764,7133538152.86516,9549229887.24303,955566.076507787,2.85,13.8965,12.18723,17.32338,2.2554,73.9532,123.447287114753,227.249221500275,54.1876774647923,86.4900891006745,88.1381066300176,86.0301833753771,84.9009552252928,87.0221571432843,89.9267367688949,91.5930875978929,86.2931503294022,89.2142903552326,81.8029896289954,84.1550184321914,74.6960537055237,90.0020095439404,80.4671244814247,77.7536683766954,85.736441584754,6050703355.42897,44397.3946605546,7428893535.87028,190623889.46804
2014-12-01,97.8874,123.6293,94.6436,97.9568,93.2622,,3.87917763745977,5.01925015582244,3.99612888159422,88.0091328952592,76.1796417165757,92.1809898488004,79.5513824858262,93.51,93.62,98.58,87.87,83.02,,,,,50.4904978971061,50.6568556302831,52.4839292920298,49.8241277667441,2720903344.2906,6241815205.43088,7146926715.98941,9539895795.04842,976813.473449895,2.81,14.7414,12.72625,17.83857,2.37042,77.1919,115.195182672942,225.926804011401,50.9156945483793,86.7922763829377,88.2738520238143,86.1589773792152,85.0362295388778,87.1973638315349,90.0726028920526,91.7606469012032,86.590738544116,89.267026054379,82.376738157731,85.31307245297,76.5967386325219,90.8635603324185,80.5527374929238,77.8087881106795,85.9322024816487,6064717849.73821,43445.0678413305,7324745931.96948,239916176.694104
2015-01-01,97.5104,122.2434,94.4981,96.4711,93.3617,,4.56390481076199,4.53077208183899,4.85646337154074,88.3846766765181,76.3320773238034,93.6432014095371,80.7144038690908,93.87,94.05,98.65,88.57,84.79,,,,,55.3177995198007,51.8705626807631,53.0906272908677,50.988230994018,2828367480.86524,6418904575.30398,7260715036.15474,9701005464.84931,995381.430094737,2.67,14.9885,11.82293,16.91302,2.38317,76.6985,111.610919098038,223.376939783433,50.0474768580847,86.672848222848,88.2055566248418,86.281048707139,85.1826474546999,87.2373139401743,89.8565410816058,91.9065970264088,86.8635525344903,88.6981370562389,82.0430584846629,85.2445897432042,74.572210312741,91.9752012241062,80.3739280169353,77.6373710387361,85.9147910411649,6174613254.43334,41052.2142254585,7107786168.26779,208220613.604935
2015-02-01,98.1777,125.7889,93.5559,93.9986,94.7103,,4.31121070203256,4.39504851926191,4.52153696452541,88.564136497823,76.5915943916911,93.4644710553303,80.7854559506074,93.97,94.41,99.07,89.09,83.05,,,,,52.3045355799464,51.4376155628055,51.7882173641068,50.8458270808936,2855685591.64869,6461539713.28587,7344639532.31675,9762032493.1659,1014378.88536542,2.81,14.9553,11.9777,16.77386,2.37939,77.402,110.745859820166,223.222312761833,49.6183248206664,86.7979333787113,88.3704096685673,86.4566557737449,85.2218469863639,87.4443754926445,90.0677743097968,92.0497039701609,87.2328270993785,88.9208707461955,82.1437941579098,85.346662234682,74.1995017387916,92.3615896010849,80.3539136902401,77.5397977012457,86.0532624623828,6143957864.9515,44585.9030702536,7614021136.25888,207540633.545812
2015-03-01,97.6588,122.6544,93.8268,94.6235,93.9388,,4.14139867514274,4.63010470816723,4.34869196640955,88.9105267158253,77.1185706811661,92.1484556071205,80.027778588083,94.12,94.74,99.04,89.83,83.17,,,,,53.2639423610057,51.8662310150829,53.1752199929424,49.4807400560455,2883154455.49401,6442327701.99236,7302700525.28533,9651426820.55489,1050980.64264312,3.04,15.2647,12.05301,16.39734,2.45914,77.337,109.478480358448,222.6054039972,49.1779925039055,87.0295134229754,88.5171209217914,86.5735809618678,85.2621957755256,87.6222006316143,90.2827661601835,92.189268863833,87.5730984655852,89.1918449939167,82.6513789688064,85.4275362820562,74.2173805603984,92.5292983824069,81.2179253923926,78.4848519370225,86.2802276908998,6135286012.4666,43733.9768049516,7435245732.1952,211249685.836427
2015-04-01,98.7425,120.0146,94.2065,99.5598,94.9632,,4.34558481373795,4.69254973464046,4.56477770157132,88.945522757734,77.3150656649742,94.0632687948105,81.7284512840184,94.38,94.78,99.04,89.8,84.47,,,,,53.0992199218094,50.9542058622073,53.1433879725423,49.7319291798324,2941644825.57739,6505779112.59338,7435787227.01123,9818112109.70101,1050806.75160021,2.97,15.3714,12.69063,17.21751,2.4748,77.9047,108.650557697907,221.599813985505,49.0779620458898,87.1962894120674,88.7091587216615,86.7527832193866,85.378527886888,87.8661781068071,90.4708047990168,92.3615534695582,87.8988541345778,89.3855507997712,82.9392952736061,86.101850967078,75.471805831508,92.9230181024555,80.9716390081754,78.2822718209964,86.51519630295,6149687711.45299,44599.0736821781,7485866067.54582,213648672.870429
2015-05-01,97.87,119.1481,92.4916,96.4176,94.527,,4.2931386831841,4.67038467467289,4.43133779555384,89.2739371262566,77.7629949459179,94.2216872565628,82.0401463480426,94.7,94.74,99.0,89.88,89.52,,,,,52.9408652984429,51.787616300847,52.7370642073351,50.1704122775865,2964634659.90623,6560248526.32931,7515270806.52423,9914390512.66898,1061165.96088688,2.98,15.3815,12.32827,16.8612,2.4795,79.5981,109.473448407014,220.959394621833,49.6802366843275,87.3367335701609,88.8792413912788,86.8660456376985,85.4451488560253,88.0791072129596,90.6425676846008,92.4976124549554,88.2134172856411,89.5213000219064,82.9433606629491,85.6371440951702,76.7503246992218,91.1325563630358,81.2614813184377,78.7230238310216,86.6124681065632,6215295895.74212,44969.9541214766,7580491224.97629,182874192.040086
2015-06-01,98.3441,120.3989,92.5102,96.9208,94.9817,,4.07443885231033,4.38966481230797,4.38007965262886,89.5055942937719,78.185846894571,94.2636108775629,82.2982269398095,94.84,94.64,98.14,90.44,90.42,,,,,52.6201367826049,51.1638641323493,51.5966570428315,49.008744111118,2985918477.56283,6522061506.15658,7480611879.8693,9885338920.95795,1065111.79290546,2.96,15.6854,12.56714,17.4751,2.52849,80.32,109.502384163901,220.733979331066,49.6832781232333,87.5893351343103,89.0911521237379,87.0975015137554,85.6559845723499,88.3339687963987,90.8382504908774,92.6464467989186,88.525792465812,89.737806775332,83.2929012539683,86.3799100837794,78.4642599766506,91.2654277990193,81.3843955781287,78.8823681717455,86.8483895015462,6219076226.77228,44882.5702733174,7549102887.68479,205344980.007128
2015-07-01,99.434,120.4742,93.5956,102.979,95.0131,,4.43970188901529,4.53006876296475,4.56790460632836,89.4999693466821,78.2930822704533,95.6347448030042,83.7372264771483,95.0,95.2,99.16,90.58,89.29,,,,,52.74343339329,51.9022433973665,53.5314857108967,51.6938702777625,3053981751.05536,6546946807.28623,7527684452.71865,9945366103.64185,1086806.83591185,2.99,16.0772,12.36497,17.76048,2.58521,81.7426,105.342007236712,220.826311004475,47.7915868878754,87.7699763262131,89.3204769198813,87.3102523292161,85.8919818431994,88.5322037651297,91.0708493049573,92.7962912510935,88.8698774295119,90.0265362272382,83.3053273974889,86.453487693773,78.24233461355,91.0400373887845,81.4528662997712,78.8286039248692,86.9365919146087,6232354329.33811,44066.9460581228,7551274104.82158,229485924.207909
2015-08-01,99.767,121.1704,95.0897,101.1391,95.7302,,4.46204535723646,4.65277159294946,4.32559827333663,89.4910301857365,78.4454089707987,94.5012510954624,82.8921136211834,95.51,95.56,99.41,91.07,90.58,,,,,54.3516575807355,52.3333618865347,53.4524795951703,50.214627766763,3092165524.66536,6579216894.46399,7571654779.92621,10029143440.6999,1108455.17801921,3.04,16.7829,12.61067,18.8086,2.60471,84.6845,101.803137024384,219.787339399624,46.352465281322,87.9389621935983,89.5533051225986,87.5061307188492,86.0812837487349,88.7284487190903,91.329421723218,92.9586329944964,89.224987567637,90.3528231721696,83.2267846852779,85.8292382562082,78.1780793922683,90.815319260885,81.6611462740364,78.8578114641223,87.3453558564571,6256043111.72914,43189.4188836328,7411973286.06525,212605885.984346
2015-09-01,101.8514,120.5484,95.5653,105.4766,97.212,,4.05821658266258,4.49651733859683,4.4915482470225,90.0331524890212,79.1928766556726,94.4699064821747,83.0774966961504,96.29,96.4,100.64,91.54,90.45,,,,,53.959830830112,51.8136998750284,53.7006819751955,50.9792761394961,3119068932.014,6616538632.37141,7526047893.18068,9925653438.51098,1115848.44954825,3.1,16.9053,12.60966,18.87477,2.65751,86.4067,100.811226070885,219.327882234453,46.0129227839483,88.1348933644663,89.7998079160747,87.8381260893851,86.4307621671333,89.0494254867622,91.536143074118,93.1161145000599,89.3641110533384,90.6033199399898,83.2842958645295,85.9686166970892,78.3788496170192,90.6685672110295,81.7410970410914,78.6870597314273,87.7132945050767,6222179733.12613,42533.1540830317,7399238631.74576,170543135.879499
2015-10-01,99.7326,120.2418,96.3817,96.4902,97.0689,,4.31718802450786,4.49406446921797,4.44027215115394,90.3582930807051,79.726488084334,96.2622053936375,85.336324577969,96.62,96.57,100.42,92.02,93.02,,,,,53.458655545131,52.7725968064889,54.6488047201498,50.7430494810876,3161368490.89352,6660521579.15347,7616194136.15172,10012245659.5284,1130805.72521735,3.02,16.5244,12.5635,18.26277,2.61416,84.9973,102.243356215201,219.479075088363,46.5362611976762,88.3492057909908,90.062251069744,88.1437659684638,86.7519457565363,89.399976862799,91.7536200654339,93.2553609270663,89.6753099988456,90.8384113613865,83.4537052881938,86.6832910606061,80.0802711494317,91.0167411345864,81.5995048102284,78.2819096382211,88.0158001661237,6262395055.48216,44098.4877831614,7439742737.35284,171777632.868906
2015-11-01,99.0044,119.0068,96.3247,96.9341,96.0332,,4.05125114014669,4.47990587395728,4.29641510785852,90.5282029161224,79.9032164752355,94.923572555478,83.534711676928,96.47,96.4,100.01,92.16,94.12,,,,,53.7446631355314,51.6808109757732,52.2956245664565,51.1604207939468,3124736263.30421,6542280328.35873,7533187271.89921,9863151352.53178,1131723.11245828,3.02,16.5856,12.45413,17.52103,2.58238,83.0718,103.381511639315,219.073619991058,46.9522115081146,88.410985184058,90.2093092141261,88.4636262143303,87.113502513827,89.6303525714054,91.6787266552919,93.4408091565929,89.9895802929495,90.3107419565123,83.2948082623429,86.3843671159653,79.1582553503936,90.8313488201358,81.4317216563903,78.0903395940173,88.2491770956823,6251090077.96938,44093.2605858685,7398827581.07542,171668866.649446
2015-12-01,99.4605,118.806,95.7684,97.9347,96.6853,,4.18085035858909,4.55396547791975,4.37388459882701,90.5513728926163,80.0460015106432,94.4056403197116,83.1786508243459,95.77,96.13,99.38,92.36,89.75,,,,,53.297116034961,51.5557929477247,53.1824271663987,49.5378090549751,3180796466.28956,6639531604.81986,7687019751.38124,10039854253.9786,1148379.5691494,3.14,17.2487,12.42424,18.74934,2.62525,84.5713,100.91655202966,218.064759662481,46.0948544870115,88.6375075579413,90.4009815237054,88.6469033967942,87.3627868114711,89.7990431029618,91.9037309825761,93.6185515869954,90.3055132455082,90.5168730364502,83.4850175583577,86.7756776906563,80.7029309577911,90.5395287278193,81.2827904964641,77.889688396368,88.3851031345909,6325954219.65518,43603.1755017736,7253299194.81805,195035068.199366
2016-01-01,99.3958,119.3664,92.3098,99.3262,96.0893,,4.24983269546867,4.4374090646119,4.45516976167496,91.1035131977429,80.7783001885724,95.7493909878072,84.730428319885,96.99,97.42,102.02,92.08,89.81,,,,,53.9706278720282,53.7760979459273,52.8272851957748,51.1159562822227,3233278551.76868,6731681021.40466,7804196267.1106,10134076457.3354,1171471.0141629,3.08,18.1935,12.9283,19.69446,2.75814,88.7892,97.5886599610577,216.966807232316,44.8823660388318,88.9194190703332,90.5587216770244,88.8164051643639,87.4226751241049,89.9940076646853,92.0734115613756,93.8035829506296,90.6179249584377,90.726977849971,84.0875109704362,89.665366607328,88.6710318127281,90.2490098190465,80.9741059777093,77.4155447167654,88.713638165613,6334558548.6059,43651.2817657166,7284062458.55177,215849722.097924
2016-02-01,99.5172,120.3262,93.5176,99.5201,96.0639,,4.02718994537678,4.45228760007796,4.27585709507064,91.550790442949,81.4533093669129,96.6260808537815,85.9259593936464,96.29,96.86,100.48,92.5,89.24,,,,,52.8077912481193,52.6882664433008,53.0075617607871,50.3434914720655,3257685887.08214,6751919037.34328,7842620991.79324,10155011026.4592,1179321.06475974,3.36,18.102,13.37014,19.67144,2.76237,92.0757,95.2393286761941,217.121487169016,43.7731734091743,89.2728954873879,90.7254827647144,89.0712298889024,87.6780082308678,90.2345657921697,92.1957577260987,93.9824517483351,90.8588162619859,90.7744599342551,85.1068840736131,92.5152214413438,95.0783373079071,91.0812445233275,80.7770592447043,77.1098594689295,88.8323637701212,6353012632.19582,44300.7860420337,7405584328.23028,198208296.59478
2016-03-01,98.7501,119.0653,93.0473,100.1626,95.1007,,4.272760162239,4.40491171466003,4.52100930414643,91.3990197710649,81.3252113112592,96.8347767674398,86.3042645617218,96.44,96.89,100.61,92.48,89.76,,,,,52.7740784437102,52.3142583882213,53.01387891371,50.8247819692335,3300679691.72343,6842185160.70618,7848949707.22402,10143883510.6369,1196293.76096436,3.8,17.237,13.33971,19.64156,2.66656,89.0279,98.5335918594427,217.186026565643,45.3341819852886,89.307459156807,90.9621884572807,89.3566922847883,87.967021250104,90.4792663586816,92.4279417311448,94.1755194431471,91.1810107586157,91.0302609632509,84.5144035418376,90.9353778733794,90.3274017736986,91.2986965980272,80.817526534114,76.8967944477521,88.9461537331957,6280883960.833,46131.1835153696,7599576721.29544,218024035.230553
2016-04-01,98.7046,117.54,92.8624,99.6692,95.231,,5.19202679734322,4.42644261830725,4.88212384077952,91.6508079262746,81.7138120840436,96.1988723384659,85.7396107300317,95.88,96.42,100.01,92.34,91.84,,,,,52.4227750503331,52.3270055980429,52.7118656604862,47.5591787197722,3333026758.4143,6907899150.38066,7885598650.17041,10213132364.0292,1205068.82860847,3.74,17.1767,13.71559,19.66904,2.64693,89.6384,98.8869089014727,217.607054399424,45.5049872898605,89.4352239640334,91.2191415253991,89.6365480462568,88.2503486490512,90.7829952765659,92.6132777795273,94.3574256480189,91.5238259368848,91.2445228188568,84.4132782581435,90.0398133944579,87.7383716245033,91.7047764332053,80.9881066734041,77.4233349173744,87.9928418158601,6303180596.62241,45587.1982229033,7554320193.79161,204899276.530059
2016-05-01,98.9671,117.0963,94.3365,100.7387,95.3207,,3.81798491690858,4.38987948058806,4.46842492393561,92.0121573894594,82.2144026517631,96.9020484360815,86.5839981898397,96.09,96.98,100.62,92.73,88.8,,,,,52.9912359515771,51.8231141572279,52.9650998230892,50.1997270832656,3406139608.76032,7005964069.92814,7952843967.75932,10190555354.0016,1226834.84778505,3.81,18.4118,14.07766,20.50522,2.79491,93.1803,98.9342110053938,218.877089027613,45.4078686225696,89.6295026377605,91.4659523451392,89.9156024422877,88.6545967264644,91.0093376464002,92.8268030585341,94.546742195774,91.8624797905542,91.3930271905315,84.2182585572007,90.0184168458632,87.0873815544125,91.8672120603599,80.9077676203395,77.3521059908496,87.628103088134,6152991040.53743,45697.1280924184,7539807348.3925,193165715.314271
2016-06-01,98.6794,115.9429,94.2994,99.7156,95.6393,,4.13522779819203,4.58241944384943,4.49274249512582,92.2921019385721,82.6580102815421,97.6390005646454,87.4072725570197,96.59,97.52,100.88,93.57,89.97,,,,,52.8269532342903,52.5600566692025,52.7405380010648,50.3701819980432,3460500309.76332,7098735999.23636,8061081996.66939,10276576411.9483,1248263.16897222,3.81,18.4646,14.21959,20.5234,2.76415,96.6281,99.0457729069143,219.744919651893,45.2574006709544,89.8284802732228,91.7314261746453,90.2269335417364,88.9822777581859,91.3042323057219,93.0431104192257,94.7306786231053,92.2128168490391,91.6050003476616,84.2426619222751,89.648428320802,86.6929206842295,91.4086694667697,81.0685737863148,77.6419004895621,87.9154923625653,6086667900.86094,45671.6327503488,7546124774.92912,192928670.568615
2016-07-01,98.6939,115.9489,94.9053,98.53,95.7112,,3.99774564271715,4.46233260306261,4.36103471242244,92.5091607272833,83.0700053022904,98.7441056160088,88.7488126499031,96.75,97.56,100.95,93.73,91.53,,,,,53.1619420223112,52.3948041537692,53.074811585332,49.0453127635201,3489445686.65933,7171517268.80397,8125283731.84868,10329807789.86,1267485.87005021,4.21,18.7837,14.39207,20.99454,2.8307,95.2467,98.8646291470219,219.426373095192,45.1650667407245,90.0824221575533,91.9618073021182,90.5117664987472,89.18281940387,91.659426071862,93.2235587465809,94.9361632754328,92.5969920475974,91.7060896512613,84.5699901394251,88.7725522375562,83.5390712174507,91.6320207827071,82.23781440222,78.4018468955823,89.7461779577128,6142307474.47565,45766.1957720723,7462658408.52361,189424102.854386
2016-08-01,98.7906,114.3153,93.7696,99.0099,96.3068,,3.87276827306649,4.54778385778244,4.63898237108909,92.846876632795,83.5931305711739,97.8596426321186,88.1563075569452,96.94,97.5,100.59,93.92,88.98,,,,,52.1530020107598,51.9337146807148,52.2489216186286,50.5095285667337,3510979213.70093,7149645965.20472,8122502920.26609,10352089465.3851,1276395.70022075,4.24,18.8611,14.36839,21.00183,2.81973,95.4642,99.8411982138861,219.503178451533,45.569531402967,90.3074903774167,92.1982819745603,90.771882370316,89.2707076433983,92.0441370765284,93.4322460278698,95.1076689335615,92.8233815678034,91.9459704023161,84.758092664047,88.1951021227562,83.0832409319819,91.6294575366794,82.7616309950173,79.1108200593929,89.8245011834562,6241026857.5566,46609.0768856708,7560048456.43918,203245940.477292
2016-09-01,99.1519,114.213,93.0843,99.8241,96.131,,4.0372792865422,4.66564761244963,4.4629820265279,93.3898376463696,84.6021275935904,99.415509154073,90.0198705676637,97.07,97.57,100.0,94.71,92.55,,,,,52.1129563160377,53.0829685177628,52.5556081882522,51.2849357150024,3559702449.85051,7285898606.03868,8298816028.68931,10596374473.041,1298375.01092435,4.28,19.3776,14.74635,21.7688,2.9047,98.2717,98.5813806321006,218.936923564498,45.0929407158639,90.7449907940394,92.5638787199332,91.2780817608889,89.9306026378958,92.4331145827162,93.7130271941423,95.275339701314,93.1770027898735,92.2409922968664,85.4411437904721,90.6131496383537,87.2378939563287,92.591428745463,82.4626511899235,78.4846295153638,89.9312427393354,6206134334.01249,47081.1548189554,7545846893.23328,233862911.282515
2016-10-01,99.1005,114.6042,94.0181,100.1278,96.3293,,4.23047465425729,4.89259226213466,4.68260666863132,93.6308530669089,85.1375047795571,97.8886968342571,89.3606558736766,97.28,98.02,100.66,94.95,92.22,,,,,53.0835466048712,49.6137040137857,52.1108279578989,50.8283594471227,3574276569.64382,7324682518.85694,8260442902.96502,10569045113.1629,1306637.88553763,4.69,18.8887,14.08341,20.6699,2.78608,95.7207,100.717780570435,219.30565334328,45.8608495451505,91.0603324223113,92.8601148547932,91.6645695247003,90.383144745438,92.8161379989905,93.9246070686056,95.4845976401935,93.4851356097684,92.4570448629206,85.8788288998131,91.3158028321612,88.820835468053,93.1391973194032,82.74456168715,78.8717894115968,90.1540277930854,6167809865.89977,47746.6312442207,7781718855.71803,211134204.562512
2016-11-01,100.243,112.5318,93.839,104.0296,97.1674,,4.45138763448741,4.90285541866242,4.75697269807215,93.8346480644733,85.5469417655904,97.1323822706474,88.2745541300153,97.14,98.02,100.55,95.11,89.88,,,,,51.8690640396627,50.8946430189399,53.0941710214956,49.65804321812,3642074517.52479,7404473239.52335,8372356406.39486,10622393640.8711,1321854.09251672,5.15,20.5155,15.26148,21.76284,2.96654,98.3146,100.032492695012,219.872273447438,45.2324295931293,91.3235425531475,93.1850602718116,91.9604106634158,90.8147153343823,92.9323166391611,94.2128492303666,95.6708536924842,93.8235029657561,92.7808561080613,86.0928202483745,91.1944536886914,87.3029972168064,93.534519079263,82.989638735036,79.4824917328822,90.421030858995,6094531172.30785,46420.9812664331,7545133399.3151,305628941.742674
2016-12-01,99.9365,111.894,94.7907,99.66,98.2386,,3.95456121937754,4.75417698733665,4.21488070529995,94.2801432141869,86.1544701169055,100.005082394465,91.0731856080548,98.97,100.08,103.25,96.35,91.97,,,,,52.6995006047311,51.7963824698557,53.8468101698301,51.4855489250223,3685686027.01665,7528548627.49608,8496325817.58965,10736432730.3991,1321969.9088554,5.61,20.6194,15.37382,21.75347,2.96095,98.8256,100.36116224201,221.803728232147,45.0366391227849,91.6237795796395,93.5080823344751,92.2841700450702,91.2541268699404,93.1852579914405,94.5404530916187,95.8879520153814,94.1601693786537,93.1857580123364,86.1768371434233,90.4807605262256,84.3074535759255,94.2680633231967,83.3334984748675,79.9002908199953,90.7140112616981,6090188389.83873,46425.0411767464,7593351701.87168,202774328.062436
2017-01-01,100.6457,111.0541,98.3507,99.3256,99.1817,77.7594129930214,4.3785715049618,5.21103174180071,4.86563683637611,94.6834074816953,87.8817404174308,97.5303928105463,90.4258238176998,97.71,98.73,100.83,96.28,91.24,50.8300610190865,52.3200454490177,50.366426927632,49.3588286887001,51.5387974372389,49.8267666610172,52.706076852979,50.348629845135,3751419485.19267,7541821326.20504,8505257528.13613,10746923040.758,1349230.14914253,5.83,20.7908,15.94446,22.46342,3.04585,101.0711,100.483753366574,222.593142970727,45.0493008074018,93.1092528980789,94.0490887704805,93.0674752137648,92.0691179134918,93.8872717238131,94.902345372293,96.1177143575834,94.5213191008889,93.7173832847426,90.2718073592982,90.0908194166959,83.019767768056,94.6915073530859,90.7566213149782,90.3183258859448,91.8284986768295,6158262772.79343,46702.8006742527,7626961327.55531,201414118.21189
2017-02-01,100.1942,109.7824,97.0738,99.4243,98.8291,76.5464889037346,4.39024135416402,4.90519680755837,4.69366825760594,95.0555877002351,88.6841414657901,97.2437843014787,90.6885415920202,98.38,98.82,100.84,96.49,96.94,51.7663675545119,55.5327100733226,52.4093091219609,49.1924064938903,52.4279484290653,51.8290451674892,52.4463227834127,51.9085933010955,3784406432.23848,7571939519.75847,8555094455.14125,10835424812.6062,1357731.1633757,6.06,19.9957,15.10275,21.24343,2.91737,96.6985,101.905152927814,223.337788728695,45.5194143490701,93.6421630079576,94.5806587061455,93.8747417449632,92.9826921349826,94.653405256614,95.2310417552851,96.3817897892155,94.8403941018466,94.1596040885715,90.8692161570536,90.6124117169217,84.6694625263271,94.548050584844,91.012620209348,90.5018320907093,92.2953843467342,6197132698.97455,47543.2869495469,7829378706.24425,219167989.262007
2017-03-01,100.8922,110.064,99.8536,100.7365,99.1765,76.9618951081189,4.36090876027761,5.07729161586549,4.6359111901055,95.8109903101314,89.8402334667349,99.6011134346154,93.5416399773957,98.31,98.63,100.41,96.7,97.6,55.7871545531021,55.6231594047569,54.1067225784163,51.6912298962447,50.8105557141202,51.0248940293228,51.0968650632346,48.9469411113342,3781547117.67221,7562463261.71941,8589820994.72515,10908465853.1235,1347506.72836988,6.32,18.7955,14.09663,20.09709,2.73475,91.7191,103.19826785234,223.515953020732,46.1755624236093,94.1384539931893,95.0435949649634,94.5773818593458,93.6590980744432,95.3072638323209,95.5135299633488,96.5833634743937,95.1897537005893,94.494319927806,91.4160313977711,92.0414770058046,87.9456566572305,94.639339310707,91.1578654807869,90.0831376983611,92.7598686891738,6321924189.76587,48928.6675856013,8064081491.99442,190941737.516568
2017-04-01,99.7928,110.3042,97.1377,96.454,99.2244,77.0632870208436,4.32636752695513,4.76335236222635,4.79003513419175,95.8439148147221,90.4647704888687,97.5389894775042,92.1096513844711,98.58,98.91,100.21,97.23,95.86,53.9783970630309,53.4605090293913,52.3484992668173,54.8345159076905,51.4898982883684,52.0937298445715,52.3057593679205,52.5455525853368,3825425456.0478,7582344959.83795,8631716700.86959,10968046529.139,1382645.22212715,6.5,18.9594,13.86501,20.64584,2.74911,89.4772,103.80767525408,223.611619786625,46.4569758119291,94.6462750657179,95.5417783323691,95.0481412542227,94.2291123083116,95.7321615690985,95.9376345568065,96.7570460566288,95.5498061836388,95.3347300535987,92.3800270932793,94.1355137511017,92.5615798990725,95.2853993329647,91.1620726656278,89.7360137360098,93.4906883437605,6390064252.44459,48910.4823645937,8070912401.79734,149731107.344218
2017-05-01,99.8296,110.5759,99.1379,97.4214,98.6524,76.8750004640153,4.53678316280851,5.42776711789963,4.74002865582248,95.9420616267809,91.0251522767782,97.215375320726,92.2175803479895,98.42,98.42,99.32,97.36,97.04,55.881209633391,57.9953613576752,55.4882703246876,52.0513036890991,52.557458158918,51.570087384178,52.5420131040854,50.5838132362898,3760779642.48184,7567849505.76054,8541675930.27265,10857427735.8636,1378549.8806675,6.56,18.6909,13.835,21.01324,2.76999,90.4324,104.107638522518,223.083013196027,46.8238567733193,95.1405233711629,95.8283215537562,95.5495103811589,94.6531256177158,96.3483637687296,96.0803850971587,96.9622457283869,95.9189427937802,95.2641516189829,93.1977268592276,95.8102313628349,96.2262700658722,95.6327180152388,91.545443005363,89.6432251176349,95.3677617055141,6387732839.63256,49090.4959328981,8110732330.8261,194044894.113884
2017-06-01,99.9077,109.5052,99.1206,99.779,98.2855,77.1480142765855,5.01101113636734,5.82766512815637,5.56153773213057,96.2746391328932,91.6736919603171,98.9361664010586,94.1556516188985,98.6,98.37,99.24,97.36,99.72,55.0310837615339,54.5819509437803,53.9993291985003,55.3953969043857,53.2109645923518,52.021453459771,52.6240485764111,49.9521870491815,3822363051.40297,7652099565.49581,8712059884.54925,11073882851.6341,1380809.06761233,6.82,18.0626,13.91181,20.59678,2.66423,88.0079,105.147323516551,223.620097464638,47.3140519901393,95.4871603620679,96.159231185469,95.9405520376828,95.1267742577495,96.6566852721904,96.346674806169,97.1628524979989,96.2637981968061,95.5863966342646,93.5385651493855,97.1023801100896,98.1756069776677,96.2473694422704,91.276961206992,89.3077295370239,95.6948280153933,6532779668.03758,49450.1453415108,8151494289.16025,190145391.560543
2017-07-01,99.1212,107.7935,96.7927,97.631,98.271,76.9512341604143,5.18131511995075,5.73549129878508,5.52517049666556,96.8470152138966,92.5548431106932,96.8978440330315,92.6580439522989,98.42,98.28,99.01,97.4,98.4,52.1557111054986,57.1138260521724,52.2530583047507,52.4455355872372,51.7884228674294,51.0258220097764,51.8761254130371,50.3748394208856,3856627269.00925,7747975340.62536,8877728081.4167,11199211308.2983,1384003.77117967,6.99,17.8646,14.28096,21.057,2.65468,86.7165,106.561963431376,224.353626821257,47.5845336866979,95.8242733253733,96.4805752054076,96.2745240895677,95.5952990467231,96.8663953918549,96.6507434262998,97.3649920212456,96.6076578397403,95.9942039922747,93.8798653307272,99.1167491022527,101.386902116501,97.3594133661397,91.0380420838336,88.6622250251448,96.0435214014747,6538815149.18471,50018.6490790909,8276313940.96644,198576089.913282
2017-08-01,99.7259,105.2922,96.9514,100.2223,98.8697,76.6478176901825,4.57779609472684,5.42433189239541,5.42631053125219,97.2696048658926,93.4006741988321,97.3205159383555,93.4577487695166,100.35,98.96,100.12,97.65,103.94,52.9979948307748,56.3617104814561,55.8574130811597,51.9849252903138,52.6244065654732,51.1771204354481,52.76733207474,50.9984257178229,3817927363.12811,7733101277.87882,8840191953.67201,11165478699.2443,1384464.76737139,6.94,17.8145,14.20528,21.17342,2.70068,87.1166,108.126109516401,225.159927722053,48.1013280316499,96.2634430443374,96.7958174182542,96.6559932234349,95.9978922197961,97.2060163758669,96.9069859006743,97.5995302223469,97.0789771277837,96.1903720140385,94.7376285934279,100.21354315487,103.828843257467,98.124046267446,91.4866951646887,89.0904574833563,96.4667635289486,6601512763.73529,50119.5082011947,8366055099.99582,197146683.055918
2017-09-01,98.7475,98.1606,97.8501,102.5717,97.2998,77.1096475321376,4.9899531386151,5.63276610500627,5.39617110612182,97.3875590157209,93.7715026602352,98.004266113284,94.3511535043151,98.28,97.78,98.45,97.13,100.09,51.9276101136684,54.5293680500632,54.9527894232919,51.0121119007653,52.9101364009682,51.791222546772,51.950358174078,49.9286080229254,3937189054.63051,7898091089.13433,9005088034.2948,11344090042.6332,1404108.59976434,6.99,18.159,14.52357,21.46666,2.73111,87.4415,109.340886591727,225.664535891596,48.4834258731674,96.5094121358726,97.0160007246321,96.9111181255089,96.234751528815,97.4807089351729,97.1480941334993,97.7904681786366,97.5911814848614,96.2569220595342,94.9684912503662,100.063478378739,102.645957685124,98.1941391466372,91.9407408197389,90.1241369909747,95.3878678229555,6656245037.99979,50191.6601504742,8305458720.62861,178453477.956874
2017-10-01,99.8643,103.8601,94.7805,101.4569,98.9893,76.3591758609567,4.86042249334894,5.53406825544134,5.65023500900981,97.451378788329,94.1997450756622,97.2238834879874,94.2418720560484,99.14,99.2,100.59,97.55,98.15,53.5884745224478,54.5118924230367,54.9391622621655,47.6587742731093,51.5326749814589,51.3201471220053,50.5602048219663,49.1095407058414,3985998921.23131,8000072710.04704,9044391187.59631,11378476183.1656,1414268.15431637,7.03,19.1478,14.86061,22.28612,2.88749,90.5949,108.102137929751,226.038652623835,47.7251493446635,96.8934798122454,97.2954447264281,97.1479416184659,96.4731001441938,97.7672800915104,97.444014600409,98.0172175781531,97.9109010983135,96.7090155819208,95.6237714451229,98.8993871944207,100.463254578726,98.3371378888035,93.7008216631908,91.5677383720079,97.4323621276508,6663525389.50756,48776.2909434895,8292916238.95507,198783031.638845
2017-11-01,100.03,103.8417,102.1218,98.8633,99.2991,77.0264586355054,5.04960558303004,5.68030566138393,5.5207005034196,98.0191776698822,95.3172638160313,97.9388282158898,94.9886719728677,99.09,99.25,100.06,98.24,96.55,55.4769868698849,57.3706079915352,55.7087424659889,55.5864081694006,51.7133671094996,51.9394811230232,51.8288556241014,49.3087763082836,3983320971.87189,8078764972.87312,9155019690.51623,11488250614.4654,1423052.45157744,7.02,18.6229,14.46254,22.19943,2.81392,91.0279,110.24665158585,226.459048119548,48.4512525647406,97.3958683565097,97.7363553956114,97.6605688049302,97.0363442710377,98.1646235318,97.772715385217,98.2386641817747,98.2736690128969,97.0868710897783,96.4727110503622,99.1655763752155,100.228255974027,98.3913694438606,94.8266272625902,93.2323023073817,97.7959392491438,6669512407.53558,48459.3937572015,8376866891.7658,208067828.879768
2017-12-01,100.7373,103.7849,98.1852,103.7051,99.2798,77.1293263755536,5.0221079548532,5.62418837982336,5.33423143638084,98.3923775687467,96.0206606769967,99.1973121069454,96.4376739978153,99.43,98.89,99.41,98.3,104.91,56.2757517326969,57.0656676820602,56.8728550682027,55.1345847236512,52.8334709226663,52.1595600009072,52.3969562705813,49.5212848366268,4074212149.57231,8252782165.65267,9409450176.50408,11637108041.8483,1448807.66573185,7.17,19.6629,15.68706,23.60629,3.01826,91.4899,110.95956870086,227.073391568475,48.6224397939238,97.8406219726379,98.0514671191147,97.9980707190607,97.4958515538216,98.3985821474724,98.0507310175467,98.4348816665035,98.6344743975752,97.3969934702086,97.2112355899463,99.6110846377563,100.604168658929,98.4970750233156,95.6923618518447,94.2799406886588,98.2696496830979,6551646989.49677,49973.618972805,8586129020.15998,178954937.124777
2018-01-01,99.8408,104.9535,100.3597,101.0285,98.5078,77.3771518547819,5.08270644193852,5.63671783827304,5.3785751007845,98.4901499930014,96.4778661309885,97.7623254152188,95.7477861138125,99.7,99.72,100.24,99.05,98.14,57.0312035968554,54.7537005638799,55.7893298505681,53.9356932390889,53.2952947592775,52.4615241447127,52.5713032688048,49.5286861434067,4026328031.92457,8195203366.97143,9161613912.87606,11365740380.6896,1451203.44882051,7.25,18.6069,15.16648,23.18234,2.95478,91.592,112.175336510097,228.100080933105,49.1332431602443,98.2451927635395,98.3349428173433,98.4275034916653,98.093973185196,98.7019229079329,98.2458850417539,98.648421570081,98.9917653083333,97.537505068529,97.9833411444112,99.9248835835451,100.316927280577,99.7882944479667,97.326960238947,96.9683166532821,98.5630085034115,6590377138.8699,49836.954234795,8657050734.4117,185715801.584776
2018-02-01,100.2711,102.4625,101.2,103.5887,98.6081,77.4376392367355,5.26364829808058,5.9738257237654,5.60613693317584,98.8408095006802,97.2011629354347,98.7523365320856,97.0938642003557,99.76,99.78,99.98,99.43,99.77,56.4228904467589,55.3776262679094,54.3150390830879,54.1923938279226,52.6494029664586,51.6576831903643,52.3213402578301,48.7990582533115,4065667094.24627,8249206030.86799,9310785320.17608,11458654328.6486,1470570.15666548,7.4,18.8331,14.69923,22.97356,2.97563,89.4536,112.512993644866,228.738912853911,49.0472775003489,98.6771680219658,98.6410226614166,98.7586833909632,98.5624119745756,98.9624301255851,98.5565302513107,98.8477468362975,99.4017760726177,97.9733036148873,98.7085349435599,99.4684895624038,98.0393783791386,100.880082959059,98.2272888118245,98.2152605841495,98.8391727688743,6610955244.61994,47967.437999028,8454235829.53265,174108334.587222
2018-03-01,100.3228,102.1347,98.1379,101.257,100.1806,78.394666098497,5.05786274434402,5.75105894416455,5.41248717751594,99.1483837670768,97.6807063246773,100.597230418004,99.2831358574424,100.19,100.06,100.88,98.91,102.84,54.7792333392594,54.3242982051012,52.3468932745469,52.9918393610264,52.5907678228524,52.5559595531397,52.1322509423561,50.2198958122112,4131735557.42678,8314679435.95098,9499244956.11556,11737869865.7713,1495975.09759226,7.47,18.2709,14.17456,22.56456,2.90507,89.3864,112.316360282935,229.993125649982,48.916269215286,98.936153704268,98.8928544736642,98.9756447207199,98.6906642627155,99.1938646158002,98.8748525163047,99.0315690669719,99.7801279285183,98.3797313903501,98.8953450647204,99.423535884301,96.3681439249495,101.406353532962,98.7370201161395,98.0946389582506,99.1330278357131,6691959659.97924,46392.2787448883,8289590151.52794,165416489.278817
2018-04-01,98.9909,102.5889,101.5949,99.2675,98.1292,76.6918589203429,4.95411076102081,5.97561843974805,5.43419803326424,99.4594554120268,98.1390721037233,100.594646412474,99.4078257526587,99.8,99.94,100.16,99.79,99.81,57.6243794918183,57.6428835316092,59.1189450006587,54.8550931734103,53.4780024700115,51.519507764725,51.6418898258288,48.1452351917587,4154122222.59983,8424397041.96225,9550148977.39036,11815008704.7478,1497375.84375518,7.46,18.7878,14.65073,22.6966,2.97599,87.9615,112.433033607612,231.154033883662,48.651315591918,98.9704759189411,99.114700170168,99.2240106624067,98.8899024467168,99.4977841416528,98.9706314490135,99.2330083273434,100.161813022552,98.4785022877352,98.9775149665026,99.1223182706572,96.523028791052,100.890565112949,98.6426858524732,97.8402830635792,99.4436413251784,6699528553.21553,47977.8741456658,8602456496.02443,205291057.032852
2018-05-01,100.667,102.7716,97.2789,101.777,100.2725,77.085773134616,5.83695563369968,6.44589687727685,6.08317257378447,99.7454517445684,98.9506148461627,100.100752160234,99.225930269484,100.03,100.13,100.34,99.86,99.12,55.6326358971821,55.3323946155225,53.5215792167672,57.1285485918377,52.3472511946704,52.0972228515577,51.7117850512557,51.3861254626888,4172152289.55505,8468937652.32366,9592793060.66145,11860920509.1175,1512587.6192646,7.51,19.9759,15.40142,23.31887,3.11624,92.0782,110.937498356834,232.058424312013,47.9566683361432,99.4430278509979,99.3772328382079,99.4646701518167,99.1385724492657,99.7658515952533,99.3036531243156,99.4429529629085,100.53897770679,98.8374250405758,99.6481204010801,98.3781406005618,95.1056210723844,100.406303424466,100.201748801942,100.444192678425,99.7022926040063,6753526570.82923,44903.1164404554,8152944476.54651,202669184.527108
2018-06-01,100.49,100.4894,100.027,100.8484,100.3954,77.011353133863,4.23936261571919,6.09768242235395,5.78178986049303,100.037732005263,99.6756969177213,100.480283144974,100.018970168276,99.62,99.78,100.29,99.37,99.3,56.7646430596638,56.1909223262117,54.4493825066837,55.0952182623992,53.2523974490872,52.7489961684532,52.3038567383578,51.7623955210371,4299767335.93221,8541057850.72706,9711443272.84019,11993899875.9108,1542505.30309363,7.64,19.6912,14.97319,22.98849,2.96746,95.0934,109.480986464212,232.627204965991,47.4314120125994,99.9069060360996,99.6344308378203,99.6747348901919,99.3850994447579,99.9464795875032,99.5963076331847,99.6808986731989,100.895453199676,99.194115912223,100.689411338777,98.9951436364728,96.4019327924554,100.152878215744,101.461733375101,102.665964782792,99.9919882289733,6706141914.78406,47298.1366717781,8594718062.23214,186868789.48684
2018-07-01,100.8101,99.0468,102.1918,102.8827,100.4814,76.3789518452087,5.4457148255312,6.31509134346826,5.86348374597167,100.078934070442,100.177235095821,99.2520555482264,99.4112854083652,100.17,100.33,100.37,100.3,97.54,56.1789322212378,54.5295134369136,54.6598647489459,56.8530752941548,53.5843044778582,52.2415272605825,51.8997207783268,50.4538900480586,4205958899.35807,8445481459.28819,9634513033.15908,11932031421.2488,1541694.40915412,7.73,18.6457,14.31617,21.81827,2.74465,88.9037,112.300703011618,232.54673992072,48.4314330539773,100.348718269256,99.9515555055852,100.060130723151,99.8364899870991,100.27056626264,99.8712620986586,99.911271982667,101.22683057839,99.4921199110625,101.451537082677,100.385369239135,100.261400511974,99.9746880269925,102.431416759439,104.049121906428,100.175534115587,6765255511.15177,48972.1799421817,8885304838.15635,201239217.074848
2018-08-01,99.9809,99.0948,100.3488,97.6602,101.0038,76.365360121858,6.61615582986141,6.26306582923678,5.93548317121887,100.424808583904,101.097601666374,100.627575622355,101.249784116684,100.89,100.36,100.16,100.67,100.31,57.6888453822291,52.5798357168344,55.7083655593554,56.9480272206489,52.5584902587069,52.2998004490451,52.0058623440864,51.0963996481993,4237896413.30389,8541338433.49553,9758136743.19237,12030774152.8153,1550371.0623574,7.73,19.1792,14.71236,22.31788,2.80208,86.7239,113.685301418465,234.22521361097,48.6422492800395,100.921293400481,100.274085901036,100.388593511494,100.318334093151,100.435763039591,100.149177849798,100.104794824375,101.915959624334,99.8362144633192,102.90187335861,101.39850481238,103.16853529728,99.9020814134225,103.661217711837,105.666992393661,100.392714785725,6723102749.34264,48694.922807609,8793269026.35369,168106508.738489
2018-09-01,101.0746,98.7993,100.4222,101.2257,101.4732,76.6864682652664,5.55094692592433,6.1506164157107,5.99917978784907,100.601782165294,101.677837543237,99.3471133033378,100.430100659009,100.76,100.63,101.04,100.3,101.85,59.4079885727503,54.9397285724989,55.5259086184902,56.3067877094299,52.420766375197,52.0151098306486,52.6053810435273,51.058145377565,4240473552.60321,8562308460.62344,9781592761.90746,12055820692.4367,1557854.40435808,7.69,18.7231,14.48045,21.74314,2.72234,87.7539,114.565292577807,235.082543591768,48.7460047738518,101.348353472934,100.571547174612,100.704481684897,100.785275266136,100.63858139229,100.439198179029,100.352312921883,102.178550768908,100.184166036549,103.571328293951,101.312958218266,101.647651068033,100.647500044448,104.857856292623,107.054110198852,100.523129319376,6800703349.07085,49538.5350880669,8823938487.62581,166926743.780507
2018-10-01,100.1691,97.4391,98.6965,101.2303,100.5143,76.0363260026713,4.93670628964484,5.30321468964053,5.3200784322673,100.856621230596,102.256532677282,99.7686218597629,101.270535398607,99.81,99.82,99.04,100.77,98.76,59.3804496444625,56.2379233179946,54.6514286907194,55.6061059111764,52.0653216907634,51.9405884313868,51.296266359249,50.1171664970972,4273283626.09224,8624606792.1498,9867862244.6509,12053396923.0298,1575594.03376049,7.69,20.3177,15.4699,22.9976,2.91153,87.4744,116.837602516437,235.549375400917,49.4813424043293,101.667969245745,100.911762009049,101.009023274266,101.135040283581,100.913696235318,100.824838473559,100.554775448038,102.52309450315,100.820675478152,103.738527489018,101.334456609184,102.427646549985,100.939834134092,105.447386073321,107.121933450356,100.78495296853,6682093341.11769,44505.0058277191,8231117143.34137,199804552.437091
2018-11-01,99.1825,95.6731,101.7322,92.4329,101.1291,77.6416037208397,5.21794978549053,5.56924715847346,5.65957687225662,101.20607703456,103.071045484108,101.447050997057,103.167948919037,100.17,100.12,99.33,100.93,101.79,58.4915941443685,56.0069501428838,54.5171864888692,55.6761819011611,53.4474092598172,49.3003613767233,51.6248506473357,50.427582219083,4337764268.93378,8708688481.66832,9953462621.02732,12150131973.566,1581932.70117317,7.83,20.3455,15.30389,23.03823,2.92772,91.7177,111.770281328046,235.168697433697,47.2787010336414,102.010426464895,101.271290754938,101.461225544217,101.672521748758,101.224605483893,101.056871550711,100.795438257126,102.903988689394,100.916854368091,104.39121821484,103.761276750291,106.03889658769,101.523387991189,104.934525089163,106.06563141375,101.096753402384,6673183291.41945,42963.4784144577,8037529428.92353,224774626.295589
2018-12-01,98.9221,95.3667,97.255,98.7822,99.914,76.7395921679152,6.28845504739569,7.92216522069884,6.72476840575798,101.191168837162,103.556056588426,100.960201990742,102.945053765301,99.64,99.8,98.7,100.89,101.06,58.8896398583196,56.8801369530662,53.0224336715283,56.6676327603328,53.2782490762819,52.0874923750313,51.8863918159622,49.8659991274144,4304573364.66705,8673114842.63675,9995652408.92997,12168302718.3582,1579191.26089732,8.02,19.6512,14.39057,22.46918,2.86121,90.7669,109.557702289049,234.722987671134,46.3019289225909,102.590997981443,101.666947643741,101.844111683328,102.126674046694,101.489770259461,101.442470868231,101.008811918137,103.282955152957,101.321853393116,105.607341779652,107.018431331305,111.754683800883,101.83946197952,104.740150630367,105.716513852852,101.355892283537,6764393263.44032,41679.2915996481,7858378635.31518,159972724.369402
2019-01-01,99.0766,92.7119,93.747,101.7564,99.9992,76.1332605077247,5.74675443043927,6.28972409732618,6.00951471510499,101.481946336548,103.796447895489,101.706669160967,104.032739023351,100.99,100.88,99.96,101.87,106.0,59.3674929272994,55.3458842679142,55.7178489703559,55.4929863190701,51.2073931541185,52.7285428379237,51.8025822811252,50.8253121870568,4285229418.89074,8684797279.99977,10030685612.1174,12279897374.985,1572911.05456161,7.95,19.0388,14.49614,21.84893,2.83678,87.1595,112.397693979483,234.574316603469,47.7882860231344,102.549440382445,101.869855288835,102.020371689131,102.373265735249,101.653183329456,101.696524940832,101.213454258794,103.658814448216,101.69976825058,104.839326606877,107.568603577746,114.025094632443,101.92148684864,103.599253180993,104.657029834579,102.004188252421,6804201672.90614,43230.3996819894,8117066354.33229,177757391.010044
2019-02-01,99.5614,94.245,93.8532,99.5871,100.7545,76.7516513903251,6.09574118422726,6.86305917715539,6.29165030202335,101.732440452103,104.048492800245,102.595821677699,104.889589423139,100.96,100.94,100.05,101.74,105.18,58.094723025831,55.537992116182,55.5722070104221,58.9489048805459,52.3345400093498,52.4234382993169,52.1485067464724,51.7119668756379,4299296227.00811,8732754180.87783,10072729000.7541,12316093228.0996,1571812.79599922,7.93,19.2607,14.61887,21.92927,2.87562,87.1951,113.350392245585,234.675671414807,48.0959321041297,102.629977587799,102.160369262742,102.374941597569,102.887635365444,101.854453397437,101.952541445395,101.440200949713,104.204476122715,101.932516408647,104.022638447345,104.234645838675,108.504479090475,101.821369962986,104.024833988374,105.035871959443,102.263389614761,6891619362.15657,42976.5305869382,8068448274.81076,149708245.564824
2019-03-01,98.3379,94.5939,92.476,98.0191,99.7915,76.6852417969665,6.05823226246474,6.8407284253372,6.57052076850772,101.967658079182,104.553198620599,102.294774587719,105.018360469239,99.3,99.9,98.95,101.32,98.63,57.738319830625,55.2669938248788,55.0856025953031,60.226777618819,53.5257895432745,50.3251619948877,51.7350744392974,50.167598390874,4305436833.37984,8823550889.34762,10080954631.4806,12412476902.5657,1533263.8550774,8.02,19.3779,14.50436,21.7546,2.88149,87.2126,113.787177293354,234.287684902746,48.7074722342572,102.941491934385,102.449600047049,102.669551295229,103.252091343914,102.081046222897,102.246678517087,101.687424233358,104.588237775933,102.167028113546,104.396515583096,103.251341470379,106.119287379597,101.208031522675,105.561529591203,105.979466202557,102.581229759366,6940829454.45616,43364.9764131705,8096365304.17431,133211226.428176
2019-04-01,99.3408,93.6553,94.0899,100.0835,101.0461,77.205804113179,5.40435390482654,6.80010763708801,6.07867123886638,101.991187076708,105.049266262619,101.857070858135,105.227709363348,100.17,100.03,99.35,100.7,103.37,56.1144081550857,55.4417092929783,55.9263122912271,58.2468363874364,52.9837445733028,53.3066215256918,51.6212338607887,51.3497798351319,4298848444.98957,8792994874.97948,10094103980.7573,12388693537.2366,1569913.02274104,7.78,19.0099,14.13386,21.30725,2.82107,86.3873,113.891387194038,233.589052057786,48.7888812244032,103.34314461708,102.977678672342,102.986454553895,103.651910389865,102.298982319915,102.908526870878,101.98631857742,104.984043982345,103.414430629362,105.0335495677,103.950669876407,106.629222692716,102.221512822236,105.436283763902,106.055211393293,102.96641518763,7069085312.00033,44304.5822036499,8199625287.36848,144905837.065163
2019-05-01,98.4268,91.9922,93.3608,95.6865,100.8386,75.6304137133709,5.96314285770464,6.48330515548009,6.51974922579944,102.149002047237,105.720148017483,101.618492598191,105.041370822459,100.39,100.61,100.21,101.09,99.81,56.0917224440934,53.8424323482675,55.5140680700053,55.7696450995947,52.2258739058561,50.5390283692366,51.4094458442829,49.7839527602312,4350833702.83519,8897410731.34178,10209716949.099,12541995696.5689,1575910.13543148,8.07,19.6426,14.5316,21.89364,2.83246,86.9055,113.815383136241,232.84902186108,49.0349371238895,103.672237151945,103.151239411426,103.312846936648,103.995177547672,102.591597199736,102.956046421628,102.254562166702,105.396190921976,103.104810486553,105.331597714614,104.193112706098,105.60871861633,103.586346517483,105.542226580566,106.472659789275,103.352212717994,7152924556.19674,42839.9702989305,8003871111.01334,169642888.817463
2019-06-01,99.3976,94.5947,94.804,98.1806,101.0865,77.716363022023,7.05999994162478,8.75159029559851,7.61410002440514,102.094977561302,105.681855202566,101.750406131938,105.249401060188,101.29,101.54,101.46,101.66,99.48,52.8281519737478,54.8783972455826,57.3604547673872,55.1968078032582,52.9320809873683,50.8412740830341,51.2308249583752,50.1480033241704,4362557053.82373,8911656307.41936,10292187185.2028,12620731888.1464,1582007.0766994,8.25,19.2087,14.70042,21.87199,2.79487,88.3376,112.197071660038,230.986504601822,49.0552293246948,103.795883373328,103.460033115796,103.580387932705,104.316041262156,102.808762888103,103.326367492748,102.517185573766,105.781289438696,103.57216835881,104.697407575965,104.975016240264,104.904861318839,104.857442115271,104.288123433507,104.958983277178,103.716491396327,7264876534.36199,42999.3669299447,7977101637.89199,133168971.372802
2019-07-01,98.8066,94.5849,93.8901,95.8152,101.114,77.5109217252554,5.03864520210455,5.27539152473108,5.51113930234184,102.092453595258,106.019123447545,100.905980759707,104.809308976136,101.16,101.02,100.48,101.77,102.46,56.2209704119077,53.0803987795845,57.8133558507351,55.9885352319297,52.4620621656593,51.0123199872749,50.8340534538079,50.6837525388144,4336062987.99113,8933270886.03243,10283349283.4981,12593365086.9674,1571858.37896329,8.14,18.9929,14.46879,21.14859,2.75777,86.9879,112.831840678153,230.909873530054,49.1155086944188,104.033729616689,103.729607481453,103.848814883909,104.602678117971,103.043305096283,103.656836111686,102.771666550324,106.172661424539,103.890665210147,104.83533949071,106.554480599739,105.634135047428,106.795321076585,104.070123431799,104.439674982298,104.205121905802,7339537482.41489,40529.0874517486,7687472964.49379,155545584.09923
2019-08-01,98.6342,96.1684,95.8112,95.2828,100.756,76.4970261002455,5.11976199620704,6.67285049956379,6.37977698391967,101.928410235274,105.761266488018,103.42640118278,107.202815562355,100.81,100.96,100.33,101.71,100.0,56.3067149500866,54.2270192740295,54.7248746780587,51.5177257041984,52.5094996053193,51.4556503683863,51.8241395855084,49.4279907022944,4431640799.82205,9121310696.95235,10575539110.1047,12945602519.9581,1598574.88700197,8.01,20.0696,15.10237,22.10767,2.79971,88.9986,111.411255955817,231.058047776232,48.3526603170925,104.086459292557,104.021307167447,104.135088383652,104.927899383526,103.278586423218,103.923788233016,103.02432772529,106.639849369266,104.188840901766,104.040422369042,104.129434668708,102.057017235562,105.59936325019,103.853224740943,103.727086986223,104.668466827896,7507028278.63752,42237.6466809595,7895064251.90449,191193212.865828
2019-09-01,98.5555,95.8901,96.249,93.0112,101.0296,76.1595324206633,5.84744089152539,6.51338328798494,6.50054290492981,101.705561344311,105.802636058259,102.895360990422,107.051244303105,101.58,101.68,101.54,101.84,101.67,54.7810588813932,53.6805841018212,54.7015203115896,55.4056961256497,50.6932072764489,49.5653618216462,50.9685593463878,49.5768588266285,4415869231.65714,9105009441.55234,10554226336.8495,12898478917.5938,1603910.62066924,7.72,19.7345,14.90744,21.51554,2.76283,88.558,112.070324141248,230.9762371997,48.5286309604047,104.397614021798,104.325701517586,104.444178825779,105.359430887399,103.527556214026,104.186597962614,103.258744492244,107.034245384323,104.454608684833,104.158625275299,104.277534234339,102.151568654925,105.658893396549,104.013034239114,103.624740402358,104.830304024311,7618647865.93134,43354.9245144623,8077762575.32889,195729800.612208
2019-10-01,96.5145,94.7749,95.4474,91.2679,98.4444,76.2398798446664,5.32894705401633,6.55145959815814,6.13778834811239,101.366257684791,105.862324497115,103.475785350742,108.021851761325,101.5,100.79,99.79,102.08,105.88,51.4725895476946,52.1319126944869,56.3788222143457,54.5618953867662,51.6180451439906,51.2659321244594,51.0201798064583,51.1966745271962,4406340485.76675,9069304291.27207,10589184023.6783,12987410551.3606,1610489.74220806,7.66,19.1948,14.59573,21.38397,2.72374,87.5946,113.560820357786,231.348543256875,48.9409750574377,104.745825342748,104.606763068598,104.799996926441,105.827698414532,103.746670687835,104.432694463499,103.498324957005,107.411507835803,104.724295014082,104.757817410858,105.099108961473,104.464066361825,106.119186032712,104.501970685532,103.751534657113,105.57538169156,7916184162.20374,44230.4171020633,8281433197.52978,157994586.330766
2019-11-01,96.9225,96.824,97.1681,92.2902,97.9396,74.6262153875579,5.82977004902215,6.09913647491842,6.3190399393406,101.100318779275,106.037816972882,103.455144619551,108.499733146481,101.68,101.6,100.91,102.45,105.45,53.6088934771807,49.3280024423444,54.4729756063168,53.7616808536082,51.7823832205708,51.3745245808411,50.952119325482,51.1297169421971,4501478474.16345,9124347587.09093,10670248897.7202,12979963652.5451,1637018.4472143,7.47,19.5352,14.70805,21.53853,2.77791,86.5842,114.617369194342,231.345285907612,49.2739389444491,105.087796595777,104.966278202138,105.138509584273,106.304095395315,103.91669990946,104.76405764511,103.694310075222,107.801934421981,105.09129856513,105.590886261979,105.880366006832,104.2305334837,107.062110107538,105.214666020036,104.578911848281,106.225087994647,7963725768.07154,43878.6724011412,8233904748.57993,122753972.238464
2019-12-01,96.1593,96.4812,95.1052,93.3898,96.9712,75.1346269989938,5.56917052431612,6.24906767247701,5.87548709613054,100.863969823233,106.168774116315,103.108911309901,108.177278188414,101.13,101.29,99.72,102.92,102.97,56.5128766539553,51.4296958315422,53.0087297954555,53.9452808232445,51.4223196612851,52.174162223342,50.8509622037961,51.5058193464461,4515769803.62597,9176549282.55768,10679149088.4699,13083318838.0428,1653823.5713821,7.12,18.8642,14.54618,21.17506,2.7089,85.9857,116.231122835406,231.144589344056,49.7945058026229,105.53747577408,105.334340623479,105.482014030863,106.704373143291,104.12450796127,105.139231087011,103.947312615512,108.190530807899,105.402909519952,106.512900315445,107.304529434028,106.392756988059,107.001879390303,106.003919180272,105.692380030668,106.448177928949,7912201585.3358,43128.4199066799,8099359813.58522,139123222.912419
2020-01-01,97.3207,98.4282,95.0918,92.5121,98.5918,72.6679858700775,5.71494735791224,6.4323598828817,5.88508598218326,100.997355545543,106.731641584684,103.467985227833,109.379250737638,101.54,102.15,100.96,103.4,103.83,52.3963275807154,54.5620914112439,54.377406459322,55.1226467338045,52.2690960040148,52.0528179047488,51.4057450721431,52.2212130507342,4522017832.81737,9246489366.82661,10732675004.6433,13152739753.6928,1666427.05498166,7.12,18.9082,14.2946,20.9465,2.70198,83.9781,116.186847752355,230.907184535353,50.1388337143893,105.939829199611,105.670698303491,106.005348769009,107.629899231026,104.343356401909,105.275193765714,104.180876048146,108.549227769732,105.556158239046,107.033168221081,109.400491813086,112.712566245343,106.569065228576,105.824392019343,105.984571923032,107.223686068118,7992969587.77579,43239.9133222922,8153843775.27465,155423747.057972
2020-02-01,96.7541,97.4472,97.5669,89.5846,98.2749,74.8228453420704,5.48534807947672,6.1104051703857,5.64566447260347,101.018702780414,107.223973352054,102.64420243966,108.89792665207,101.45,102.31,100.93,103.39,101.58,53.6702118137243,53.849863109125,54.8965249366787,52.3511765014596,51.6573054015831,51.4900117009635,51.4226099981017,51.6917175053064,4592774367.33415,9378568283.64736,10917046883.5904,13333010623.5043,1662388.35939707,6.96,19.776,14.72719,21.72097,2.83192,82.8067,114.840839841346,230.233496348346,49.6402099082081,106.465116866935,105.927558676966,106.333742394365,108.076312840671,104.490994344599,105.513672681368,104.428697283933,108.937303448052,105.748174642694,108.153957066157,112.412961380528,120.678712271556,106.934349304235,105.190651182626,104.715127592975,107.300080633208,8028191293.04385,41151.0840849349,7842446005.09656,155917831.340007
2020-03-01,93.5608,97.1458,94.1201,89.8036,94.1329,74.2908636573761,5.07099059330187,5.63234542131834,5.57318685245847,100.386374000209,106.33846890487,102.652664305604,108.857155566354,95.62,96.62,99.41,93.68,85.42,50.3254867415191,53.2074987902957,51.9100271513573,56.3735554548853,49.8468341961961,44.757198480463,45.8473362657013,42.596556871188,4861165072.45046,9737802655.79194,11198561338.6486,13472572051.4413,1738248.47690464,6.81,23.4847,16.48626,25.76741,3.31369,96.9691,104.73219798815,229.043804868906,45.861786321266,106.288576563543,106.174297836793,106.632806714711,108.529227111647,104.699493419973,105.693772846829,104.665291351537,109.357875606636,105.751545909208,106.797176348714,113.802002714022,121.073440905859,108.280905171086,102.066321871743,99.2544000959799,107.723030329486,7947905025.36846,34394.2554360745,6793933870.74801,184311635.506938
2020-04-01,69.8643,90.1523,93.4855,57.6446,67.9239,74.0485055956744,5.9577313979366,5.67325819051359,5.78034300841834,98.8065892965424,103.959168230385,102.408502655758,108.112925666996,78.43,77.94,81.23,74.3,72.35,31.7463470346424,40.2274374414354,31.2129453811053,48.736346379758,31.1339848994326,26.6050988906777,33.3024340708384,25.9123547059179,5115431164.57526,10122576023.9873,11588092479.3631,13840290031.4468,1785768.08906143,6.09,23.9283,17.22838,26.1967,3.39064,106.9283,96.2246151596001,227.286896567666,42.4517471836729,105.550069647217,106.602316389065,107.263667449533,109.691442181315,104.724443776482,105.827935533102,104.907158459933,109.749056850017,105.944659598149,102.892488567072,112.873399348408,116.878307351078,110.133865119259,95.3055465653779,89.7545433777861,107.967400863693,8016038040.12871,36176.7922181468,7091566101.95399,153388648.524333
2020-05-01,69.7714,86.2305,82.5498,58.9386,68.4946,54.9942134329847,4.8323861974861,4.98883572090505,4.99313172844356,97.3461778214308,103.631585779955,97.8221526545242,103.952200498017,77.15,77.12,80.61,73.18,67.39,43.0169044504156,43.5468318723323,33.0745825174833,43.4878835749815,36.4314439886503,37.1941798211042,35.4791266750175,33.23952303454,5169775823.86765,10086400195.7995,11603309260.4745,13838341971.644,1851214.70947843,5.47,22.1778,16.05007,24.67502,3.09602,103.9322,98.0962993362041,227.55878225838,43.3114659566388,106.58126091024,106.933697438936,107.812774829751,110.846548797027,104.581153226002,105.962123216087,104.988630132646,110.112960621759,106.036305663223,105.527037060699,114.302883977063,124.231416144792,106.953201645411,98.8036434515696,94.0895200691264,108.189662750183,8285698730.08882,36055.9187514645,7093185753.28643,143013848.866306
2020-06-01,84.886,90.996,84.0188,72.5159,87.1294,54.295482033205,4.82672865279827,5.00695925286792,5.01504265418135,97.5995373430581,104.317365744352,99.1001136719594,105.883683905782,83.51,83.55,90.57,75.21,71.33,56.5211185739418,54.1332714662286,44.3735748259857,49.8575988460069,49.2646179319094,46.9728318651739,43.8914010830396,39.7865975574123,5188057573.966,10097877468.0403,11611262025.7253,13846811174.5282,1866644.10068913,5.06,23.0893,16.95447,25.92582,3.26714,98.7842,102.84482451954,228.569952441065,45.4922145907611,107.202764979752,107.289168561598,108.429616147766,111.133856256709,105.553989724426,106.060901620093,105.069584228297,110.455849336956,106.107386056913,106.741942186028,112.812147779707,118.078422506263,108.394065671334,102.375155385948,99.8915032957147,108.019620489701,8412715021.00993,37752.6272160291,7326818095.11002,167707952.370326
2020-07-01,88.6242,93.3421,88.105,72.8071,92.3214,64.7738588176044,6.01119960597639,6.24734681708521,6.67143277238233,98.1610841191545,105.564712551745,100.40088777128,107.988969620185,87.19,87.33,95.58,77.91,80.12,59.033297456587,50.0862383782887,46.8501396858988,47.4287440678077,49.781677987168,49.5430237137143,48.78907164643,42.0120172137773,5266938924.93231,10190998525.5926,11737468657.3881,13952663211.41,1926438.98563676,4.82,22.2012,16.56654,26.26069,3.18143,100.4334,103.422932214087,229.096801587686,45.5448582580143,107.73151177432,107.687518495508,109.193346730054,111.751278188709,106.502810849697,106.148851327835,105.217989587049,110.72416637848,106.008519585577,107.624317968455,112.246394317397,114.170787952986,110.084283793611,104.857880058436,103.533170534978,108.331048918729,8489573545.67156,36967.1110760811,7270180156.70471,144988957.556444
2020-08-01,91.9826,94.5854,94.6336,81.0902,94.913,67.8932345353313,4.70570797762587,5.05342582833766,5.12934361773284,98.6768575200494,106.423794403663,100.605448668909,108.355171104185,89.21,88.96,95.5,81.45,88.69,53.3664899476244,54.2694887645586,51.9079403091783,55.8549533671496,50.6347234079962,48.9747889096354,50.4737620356863,45.891525421266,5294564129.32786,10208218458.8418,11794562232.4893,14022125718.6028,1950174.02406111,4.49,21.888,16.80123,26.17914,3.19565,100.4672,106.349388317238,229.83057783842,46.4326509509618,108.257206020234,108.115371136992,109.697738434558,112.302603625262,106.960843365018,106.451487221166,105.3716477946,109.961238173288,106.720232947238,108.366058628394,112.478067685993,115.299659503153,109.896604278688,105.306816772319,103.61780352672,109.056848499776,8568155421.56347,36921.7864527874,7213928282.86861,126126759.848309
2020-09-01,94.2684,94.6026,91.1241,79.8068,98.8633,68.4904249550623,4.12656967156909,5.68203472477352,5.37903152701059,99.0759031646841,107.177008459231,100.817802244119,109.007134078064,92.81,92.79,98.59,86.15,89.42,55.3147400513966,54.9866797604907,53.3549937235685,59.9116151006215,52.392255701031,53.1423607276364,52.1504743373508,52.730660942586,5323752512.86797,10193973263.367,11824172501.3176,14025881701.8372,1953138.818721,4.38,22.1438,16.57463,25.96914,3.264,97.5568,107.836974074924,231.041930658244,46.6810271397121,108.554905657145,108.468330490919,110.043895805611,112.688841228486,107.355413090104,106.729674748459,105.523966701248,109.349909058434,107.305794202384,108.301482914399,112.593119777951,114.787915548953,110.466106496497,105.241566007873,103.175408112533,109.455619511858,8675593823.34331,38191.6996964712,7371694321.97658,159893849.448806
2020-10-01,95.4935,95.3694,90.6339,83.5434,99.4282,69.8303300084746,5.4199720720645,5.62140685693326,5.56167400609993,99.8822927853874,108.571721979094,103.019703447878,111.86124972279,93.68,93.65,99.86,86.25,90.46,56.4630864296098,56.9121760137925,53.1238725242076,56.9776836198073,51.669689567729,49.2844283603303,51.1440872375636,48.8287250874977,5412828385.56686,10208859352.4399,11916953590.8181,14099349067.0773,1977838.49650997,4.2,21.2508,15.9381,24.81775,3.17699,96.3548,109.807130704072,232.477624577159,47.0545002369035,109.00895912155,108.746545442425,110.478326275588,113.13594617233,107.700860594083,106.945719998366,105.687724642007,109.706573747667,107.536330046042,109.367603607757,115.116065333868,120.869450846587,110.781211143214,105.290202313428,103.115793437589,109.671900291787,8788981883.53555,37843.4967508334,7338827653.90146,135411665.763879
2020-11-01,95.868,95.0045,88.3037,86.4089,99.4763,70.4732922828776,5.1354763583895,5.48462672950934,5.38395866855395,100.190519729907,108.615761904954,103.725986410397,112.510817542362,94.97,93.74,99.19,87.26,105.53,54.9196194892255,55.5983375318417,52.3865432438661,56.4211123282892,51.6374219105347,49.188137671049,50.1331352391116,47.7032134596432,5374296338.87646,10129272542.291,11899338638.3473,14225970179.0867,2010845.25248731,4.23,20.1398,15.5439,24.09425,3.06125,93.0226,112.70971767266,234.352537719603,47.7892797995926,108.649554206103,108.823779031349,110.396445822762,113.551591063766,107.123214094617,107.108227834602,105.859741504155,110.106952672121,107.588871923961,108.213722255846,113.467079306199,114.065891364386,112.767801709395,104.190269858952,101.699274346824,109.896222655338,9032849385.03358,42594.0908086413,8094731781.1037,165136675.216747
2020-12-01,95.407,94.7691,87.4292,83.9643,100.1317,70.9733629156522,6.36201316293181,4.79399751929934,6.53315128120514,100.978495140451,109.754159498879,105.498842933361,114.305792807964,95.31,93.7,99.07,87.52,108.13,55.9205220021097,55.8337129128471,55.7555522930056,54.4001272886278,50.2127968358201,47.0594845045118,49.0108640130433,47.1366368805845,5430022123.5143,10204025154.0827,11996258493.0511,14274904612.4765,2021081.65315398,4.27,19.9087,15.62833,24.3563,3.06395,91.5894,116.413477600826,236.862114440602,48.6091474443677,108.944011671454,109.371463760203,111.307753431066,114.005672132199,108.438896827856,107.216566833145,106.030292637146,110.505498935152,107.399802425414,108.035737616714,111.809392990427,107.227857110161,114.838262840859,105.342784306236,103.636015281472,109.988035735487,9146114495.82143,43250.0436295333,8221154988.47489,171572125.292185
2021-01-01,94.6592,93.858,72.1072,84.438,99.6419,70.6819226938263,4.25533555767079,4.97575242274795,3.99900417222361,101.293251923123,110.838636750805,103.476055755603,113.320581871509,95.73,93.05,97.49,87.59,117.42,56.6551545359396,59.0880380954608,50.1116165640061,58.6827033051442,50.4319589930905,47.7985058704335,50.3234595568427,46.6306804438414,5550110658.47305,10435651939.3518,12242754277.601,14475296770.6233,2062084.82835748,4.22,20.2248,15.82995,24.56504,3.13889,91.0246,116.584347063603,239.386865057514,48.5090227286431,109.807286638849,109.73566112695,111.730353894928,114.469590701249,108.888798271046,107.523290881606,106.198558917909,110.279062116016,108.123550390062,110.154154117951,112.511377347463,108.862562296023,115.653469246911,108.747837834165,109.198522570206,110.009709306387,9299418719.21373,42080.4973486209,8052070677.15502,168783090.770701
2021-02-01,93.6598,95.9594,69.6119,87.6628,96.7778,70.6827945289574,4.3696184616404,5.05327367381607,4.43699222389275,101.443011174169,111.776105210303,103.439999569253,113.933766241486,96.16,93.66,97.92,88.55,112.31,58.0688297683893,53.2322853885143,52.4415730557751,56.1365951600647,50.4552446578611,48.0729984103686,50.6915991639851,46.1420969983312,5567797757.414,10392845244.6056,12321665629.0084,14443566972.3651,2075539.17498343,4.12,20.939,16.5439,25.41262,3.23089,91.9603,116.66777401347,241.269179611269,48.1148809669108,110.491384939315,110.028092176179,112.226340588361,114.928683515375,109.349122385453,107.691471823651,106.361536736916,110.171929452025,108.335149166182,111.998548069991,113.205996722689,110.231047222086,116.587865893224,111.106182527937,111.809338728952,109.932670138335,9256871342.92473,44150.8627532617,8318888220.41335,169306888.298914
2021-03-01,95.7861,96.118,72.0837,86.5962,100.7961,70.4899968853476,4.96906376966467,6.56058982002686,5.59079905446205,101.785330010042,112.944281390724,104.006555752984,115.476118002811,98.1,95.08,99.7,89.99,120.11,59.6879430875332,55.7891863930732,55.9306636922972,55.5621217555406,51.3826667276404,52.6001638436605,50.5949504759048,50.01136090862,5678494596.81371,10501721470.3694,12403913918.2508,14479263471.9167,2136788.43880792,4.05,20.44,16.26615,24.0262,3.11506,92.9219,115.627956593059,244.696036722643,47.4303477793884,111.250876799406,110.56226631883,112.826307322287,115.571756521003,109.987051825071,108.128431558511,106.549323507083,110.559215037704,108.940522774588,113.667526690073,114.763168996247,110.868785584544,118.101686408478,113.147512317633,113.694442670861,110.07681498436,9105846982.55551,46651.1789897371,8700903145.31867,177595249.607658
2021-04-01,95.6091,96.0194,70.8133,87.7123,100.1671,72.4724774921315,5.89197634859742,5.02148626674614,5.7407484118951,101.90999557436,113.754791162581,104.314304692396,116.842198772046,98.17,96.15,100.49,91.31,113.4,61.3384986320495,56.6166723695987,57.5905204152373,52.8637262684209,52.7651492278447,52.9693027095261,51.7796901424606,50.6647963980577,5701823044.2509,10526843412.7161,12466287384.6092,14548477713.4107,2138631.73352945,4.07,20.1822,16.41015,24.30038,3.12017,89.7769,117.366721844639,247.86967346474,47.4375093034287,111.94475134641,110.997442680506,113.261516408773,116.116294816755,110.270579921924,108.48015988323,106.731035789335,110.961219210168,109.636427913709,115.490200988083,117.604334311526,116.284788312461,119.059004192712,113.555028130527,114.717586260269,110.365368375993,9255388922.60095,47531.4551559058,8868297516.15971,161745148.175627
2021-05-01,95.0938,96.8575,70.3432,88.1212,99.2808,73.5528653061242,4.34659412592636,5.40566660611374,5.13143893356717,101.546824715143,114.416847344301,104.30154377871,117.311300675653,98.45,96.55,100.16,92.46,119.07,59.9976806372784,57.7575914172244,54.1328858559367,59.5850250544215,53.1067872073914,53.4045053799524,52.7952514198608,54.6127003699367,5733162378.87029,10538179613.6845,12501199748.2484,14588481913.1774,2147195.5380533,4.06,19.9213,16.48886,24.35279,3.12565,90.2474,119.468286517429,252.405725564239,47.487656158373,112.757654244267,111.606298489823,114.037901158346,116.923707503427,110.944801391529,108.961308282464,106.949951044496,111.332700894435,110.362798828686,116.738007717562,119.669830260705,119.733765877042,119.960752223526,114.016583838581,115.424365565085,110.60975929853,9283515579.10571,50604.29981117,9340195040.85812,154832697.681259
2021-06-01,94.9261,96.132,70.4357,85.3164,99.7857,72.6783328486808,5.6535473312079,5.23565693706991,5.91577834105499,102.123023539721,115.536761170041,104.09048376992,117.70062906751,98.73,97.3,100.08,93.99,115.13,59.7831675361325,61.9759062761248,55.5735178319973,58.0147128767477,52.7242218059487,54.6992611925216,52.010239213358,54.5685937042343,5777816642.56886,10607125597.0065,12540896682.2534,14578417344.297,2170144.96406613,4.02,19.9062,16.06828,23.60079,3.08148,89.9775,119.009799203336,255.643548904354,46.9522857389165,113.448839249764,112.197794500363,114.72884752204,117.680601621104,111.540497727545,109.483515420905,107.150891775863,111.717705483638,111.202836529317,117.215736371871,120.432960277249,120.542158070322,119.945163166489,114.824173224113,116.82745943359,110.894517573834,9237147396.52544,50613.1444913856,9393587418.1071,169885149.183099
2021-07-01,95.1312,97.1288,71.2359,85.1207,99.8495,73.2660120012804,5.03815837476683,5.42170884755598,5.48109871525222,102.534620237046,116.625735353682,107.940749732499,122.735333986934,99.09,97.69,100.26,94.67,118.57,59.906451313029,57.172036224675,57.6547554698715,59.1668282364219,52.6525292443141,49.3133601586012,51.4646489684803,50.8924233866127,5885791051.3078,10695797053.3709,12729292812.3005,14702245963.5562,2190050.36162374,4.32,19.8455,15.90021,23.52982,3.0701,88.6602,119.939446596843,259.496887633847,46.6278464089639,113.964204348391,112.70069876788,115.439952887175,118.612718297904,112.117676432295,109.819457544756,107.406621452058,112.091057274083,111.513753162879,117.533151465813,120.786376859104,119.659841358811,121.042285512152,115.751243531222,118.17011864318,111.038120556795,9246457569.77469,50999.0311254057,9476049191.02483,146569617.635511
2021-08-01,95.4822,96.4421,68.6006,90.1408,99.7015,73.6890683936731,6.01322428566982,5.81625865120157,6.06228240582092,102.117697180725,116.175006207816,104.427636182233,118.698874765551,98.47,97.6,100.13,94.65,114.72,60.8440742773627,57.1589062638633,54.855333939907,56.6895620556117,51.961964231231,51.6161107904722,50.6161181214851,47.8350776645908,5915846042.02571,10791367549.0374,12839667113.9411,14803324864.198,2216021.34876274,4.46,20.0605,15.87588,23.68042,3.10938,88.9753,121.033459106134,262.579073461304,46.2053106094904,114.284047863252,113.270488755472,116.274817542299,119.667074043381,112.757145732067,110.084378784032,107.645026928187,112.072266523582,111.905158691304,116.958033447476,122.422916360909,122.094293086364,122.618827862306,113.134782139847,113.872361823945,111.17468208489,9278996834.18938,54024.8508706935,9985597673.0807,166003355.023654
2021-09-01,94.462,98.1679,67.8899,89.4488,97.8067,73.4691240546655,6.34578531186413,5.14718450415991,5.48778876206297,102.537403145356,117.528510101283,106.409921131446,121.867107567157,99.15,98.02,99.75,95.99,112.01,59.3694307415147,58.3335696952742,55.5502328291861,57.7843251431416,53.0369337614047,52.0002192637663,50.1836786904819,51.105048733947,5991860241.10757,10848707208.4461,12939450342.6272,14884767105.4751,2257996.11123646,4.55,20.5623,16.22982,23.82862,3.1851,88.4074,122.113037497995,266.036532238812,45.8579615570414,115.01081616454,113.814142593734,116.945086968363,120.451255523469,113.371376640585,110.398315744536,107.906750298644,111.590419909357,112.436029123855,118.314072012771,123.988019702136,124.859297708587,122.915738891788,114.21007912307,115.247409089347,111.472872932527,9344823941.25754,52830.6959971443,9746297513.06238,171266816.778833
2021-10-01,95.4674,97.8029,69.0974,87.5656,99.8315,73.3715321479399,5.4988734724517,6.53841239205996,5.82370380373524,102.536103519894,118.335292710023,107.139598931225,123.547205628996,99.77,98.83,100.62,96.89,113.55,57.7125951882017,55.1608137852385,56.0406836989039,56.7076053244771,53.2302009854147,51.6889393226282,52.0425841804224,50.4182706750891,6028150300.57882,10965761311.2074,13097642945.8846,15025702986.5749,2290308.39756968,4.84,20.5297,16.56336,23.758,3.20674,89.7787,122.877630323926,268.959019482147,45.5424359880553,115.797865624465,114.397570704538,117.761702008999,121.261510440879,114.089611210607,110.859025682823,108.18271321282,112.019212161557,113.029962367462,119.675454387683,125.269681596323,127.115262959599,124.074131646463,115.667023892572,117.028787138418,111.756407712283,9517140464.92441,52511.4301692457,9764659329.0169,144642853.906779
2021-11-01,95.9699,98.2483,69.014,86.4791,100.9004,73.1849834025861,5.39289590653357,5.35397213220169,5.48141481363612,102.85554546255,119.831192505447,108.160544678907,126.084001894356,100.12,99.54,101.48,97.2,112.93,60.6505516471985,58.2644272666939,58.3506910837778,54.7835031652554,51.8388484686368,51.5694930361408,52.7549287501326,51.8700326022191,6094492721.09616,11125541873.2505,13254203241.4277,15112635746.2391,2310287.4849476,5.05,21.4453,16.72304,24.1517,3.36262,89.7223,123.383727378437,272.53420017329,45.0283358818388,116.731391815028,115.00806058006,118.415221193335,122.195300404869,114.517418504984,111.319577756563,108.462619777988,112.436064428064,113.639335042406,121.999527082085,129.715112318335,134.173601287914,125.67292711914,116.183599346734,117.493123023809,112.101569630341,9335488982.24354,50399.7075753944,9446627611.01174,171473420.188274
2021-12-01,97.1849,97.7624,73.1769,87.357,102.5423,72.8585887421527,5.40994390219178,5.53792020873712,5.44826602072872,102.817597294973,120.08072951821,108.36565429413,126.169223558466,101.02,100.37,102.48,97.9,115.05,57.9419999638497,55.128102213739,58.1031385493088,54.8573419270703,52.1786962208617,51.3097434701263,52.6177272021656,52.8292353094191,6135002635.29407,11203538312.5322,13346779445.7397,15159130462.3476,2339222.19219065,5.29,20.4672,16.19979,23.27632,3.21744,89.9472,122.537723452225,274.227675735693,44.2463437080257,117.054928886235,115.880319988114,119.534161414852,123.249280091811,115.628388809452,111.850971251919,108.72823809704,112.850394301216,114.281099771204,120.957007155941,129.686109069093,131.24784593619,127.700499410134,114.68982145827,115.890812485257,112.5641650896,9274153715.00538,52117.7835315053,9761440137.80222,193487562.2051
2022-01-01,98.4077,100.6738,70.5623,88.6926,103.2843,74.6282352498018,6.19764299012643,7.14568400097568,6.83088510040054,103.14686555162,120.819095436199,108.2039883022,126.942499045601,101.34,100.96,102.74,98.68,110.91,54.8900390095379,56.5377466770319,52.8378007278561,51.1237213338564,51.3795783812846,51.1813122760138,52.849808898952,50.4551363901232,6246578377.97504,11218773832.5617,13323917093.0229,15124799390.0689,2383966.24058577,5.53,20.6352,16.22339,23.13103,3.2356,87.707,124.755864091401,278.754944417168,44.5998665618681,117.668697783522,116.538748634087,120.494151519595,124.436739816453,116.366966706987,112.199479742834,108.969847074466,113.305787243509,114.85634521925,121.165806339455,130.027547525633,129.722239228838,130.585731794954,114.912647923973,116.684530473553,113.093686409869,9203455420.1039,50296.0034376363,9495986554.56957,165940971.012226
2022-02-01,98.3658,96.5224,69.5524,90.1179,103.6193,73.8199166084319,6.86143144005757,7.28912065533429,7.17658979517394,103.677577163053,122.610525347716,108.653729547982,128.469867528321,102.16,101.39,102.85,99.6,116.45,58.05766799142,55.4573405738023,57.9903201287992,60.0313418747313,54.0704844999077,51.2133215334038,52.5887367699133,50.4738577747298,6345729543.0855,11353281989.1332,13486682467.5585,15253810478.2623,2420277.76550876,5.87,20.4257,16.10566,22.935,3.23747,87.6275,126.622737755352,283.064855236543,44.5644810389461,118.542824125476,117.260050917596,121.546008711461,125.678717486206,117.171033554453,112.65442545012,109.251546989041,113.661872046853,115.47371923076,122.595733767812,131.796870487295,132.108991084555,132.374085820416,116.127280875174,117.169930529185,113.575043502067,9145765458.79082,52763.0650156433,9908452301.61412,182969544.686618
2022-03-01,99.2914,99.4151,71.2729,92.071,103.8654,74.2718750400714,7.6834730479125,8.25730936532308,8.70370596457627,104.399862586991,124.540668763524,108.251285253001,129.194767998296,102.88,102.82,104.28,101.35,110.8,59.2081493432147,58.228336174444,58.0123424048401,60.2944085295881,55.0568693954415,54.0165351210085,53.5998796528928,52.3829484722268,6340914487.39349,11358848491.5171,13501952177.8198,15286418400.2191,2462638.18738787,6.31,19.9112,15.94091,22.14424,3.13601,86.8872,128.401178051911,286.646335009641,44.9502787090681,119.580615173066,118.036867332438,122.628784771037,127.161134796924,117.884540318482,113.1025422907,109.456374254592,114.054192518289,116.085422815899,124.643545961246,133.715842025404,134.360373654728,133.433635075144,118.5325677036,119.86469165024,113.919579908248,9193370476.26517,55488.919385601,10326000887.7927,221683493.826658
2022-04-01,99.881,99.9159,72.7149,93.117,104.5792,73.9647144456079,6.04980144758824,7.63924164712362,7.57305547844954,104.103665513388,125.152321931342,112.504007933569,135.592473159744,102.85,102.73,103.96,101.43,112.8,57.734319870513,57.964112473652,52.7000228129601,57.9725866784473,53.3306009480107,55.4560280516281,52.9902498886348,54.7150918024099,6430983062.55353,11519148685.7844,13655111853.7667,15384066239.7434,2462722.33574915,6.56,20.3728,15.94172,21.49127,3.06611,83.1902,129.859608851068,290.548888784118,44.782388931618,120.516444787552,118.979231648439,123.798464802626,128.683018033517,118.656583394724,113.686424639995,109.679165736021,114.472387086722,117.223544116764,125.845689920053,134.577330010067,134.774910307976,134.729417005325,119.371473344854,121.482904647253,114.11487725695,9096480105.20897,50638.6910558262,9696512427.22297,176456363.342108
2022-05-01,99.6842,99.7964,72.3781,88.8172,105.5351,73.7372245973295,8.44640812757964,8.21446530066546,8.9866362375711,104.112822197596,126.213361211054,111.976374083618,135.496164989298,103.39,103.16,104.82,101.3,113.09,57.23764078376,55.5038751729923,59.1900289869777,55.898151201231,52.6159399235161,54.6211598301817,53.1515354616962,53.5739052470603,6444447112.21212,11567879186.539,13713310220.0773,15458333523.2492,2463330.95446627,6.91,19.694,15.57205,21.09523,2.94819,82.5499,129.912502454121,292.149170097966,44.56208842231,121.281858969162,119.7239834838,124.895807989704,130.09040673571,119.389968393696,114.13293218421,109.999654118623,114.913771741919,117.774383594467,126.661397011716,135.234417330599,134.825058146338,135.800718773158,120.01324498048,122.624982125184,114.362323984712,9154770435.60588,51252.9816045926,9825629862.27044,238045169.310754
2022-06-01,99.1473,102.3033,70.8614,89.0904,104.2878,74.9855227755536,6.73419109700058,7.5866462279881,7.01692517933506,104.089728237135,127.162128513644,112.427485631482,137.204802551872,103.26,102.53,103.75,101.08,116.58,58.702614950733,55.2587688439068,57.7976617975208,55.7782077567274,53.0496510290466,54.1350513032918,52.5020008599289,51.1971433924819,6487835486.09965,11653038938.5109,13826086784.3971,15551525302.5299,2475214.53243806,7.31,20.1335,15.61152,21.04756,3.00392,81.4965,130.5778692729,295.875470625539,44.3661114180414,122.462573862409,120.61960054587,126.119260324331,131.668543235203,120.179683141033,114.708227765479,110.330643531891,115.369411876916,118.58487869099,128.114258547628,138.217999933058,137.194997292723,138.737757508456,120.748243923384,123.476119233381,115.410708513497,9177717158.84918,48040.2432370013,9401093426.78823,171097115.271446
2022-07-01,99.8245,101.1757,72.0779,88.0772,105.6038,74.7783714525434,8.69610100152415,9.12142238345654,9.18610438261264,103.643799885887,127.408209263682,113.234621601378,139.164624007568,102.91,102.36,103.41,101.15,117.75,57.5951928004751,57.2237977709092,57.9490286319721,55.5938007393653,53.2105294838915,54.2711931534502,52.8992582669613,53.0571432966455,6530743396.96914,11809592057.6479,14082886612.6215,15787868082.3959,2504543.27539497,7.76,20.3485,15.87997,20.73919,3.01361,81.8928,127.096525703943,294.322776678453,43.5469385404523,123.257999572548,121.345704608023,127.077443490252,133.035695333081,120.837208840881,115.222723245452,110.642397084707,115.731189336551,119.243003451254,128.760643164327,139.854433196146,138.558436587411,140.260881014771,121.228890783479,123.534547117827,116.451239280405,9290489104.84023,48448.9827244888,9531379382.42885,153652220.844146
2022-08-01,100.2558,99.9272,70.279,88.483,106.8241,75.6419009931972,5.19548182441988,7.92609892493453,7.73202887101775,104.015447103714,128.583126137915,111.122114293587,137.283842750208,103.18,102.65,102.87,102.39,116.7,55.9827684428836,55.9482441426338,57.0817100192221,58.1284677004766,53.1085711819546,52.6842877016023,52.8014163675223,52.2433764595393,6519969881.69494,11849576501.7585,14081803809.4189,15777471987.5341,2511422.02717671,8.25,20.0962,15.34747,20.20874,2.91596,80.0359,128.662083874155,296.00052639257,43.5465183675105,124.162808321445,122.408615443411,128.572218339822,135.231133567888,121.687044783471,115.805193949139,110.988631427731,116.189772317284,120.091599750756,129.241403522226,140.462467348287,140.504339557319,140.633165644976,121.227385453974,122.966408135421,116.882778613716,9329196578.49375,45844.6155923002,9000033880.3934,172727504.145142
2022-09-01,99.8392,99.974,69.9697,87.9314,106.0025,75.6668115717186,7.49986313685139,7.913214786101,8.02554613009958,104.317617359095,129.953913335239,112.320434087956,139.806659900143,104.01,102.55,102.5,102.54,121.72,57.6512145371565,58.5269484327856,58.8919961371184,53.5376291286895,53.6865329475951,53.6346214278133,52.7334978078562,51.6984060441513,6553119440.83978,11978153327.9981,14149600228.3075,15832827393.7812,2541506.98559121,8.7,20.0925,14.62734,19.68663,2.81898,77.777,129.092041694508,295.307520977313,43.651410232038,124.955411787363,123.260103076895,129.67126942192,136.660702381719,122.463877516743,116.295449303671,111.295201300333,116.648670291512,120.7808839962,130.047434817901,142.315500795671,141.982783924538,142.218393489368,120.836945698352,122.240456664736,117.310399928512,9282507419.18453,45984.8086141461,9007347484.73439,164221713.176249
2022-10-01,99.8656,101.6098,68.5779,86.835,106.4972,75.626028766588,5.65276838611786,8.15064332249476,7.79373106807263,104.185876289794,130.310267044847,111.867868009437,139.890379935871,104.65,103.3,102.76,103.95,121.81,57.2298161448153,58.6837668588782,55.1415068100016,54.4375190834807,53.3886381817532,53.5830077699178,52.4760704666649,52.4205316201304,6590602554.10679,12091920786.7764,14232929848.1399,15893528185.9446,2561870.24049294,8.93,19.8245,14.51946,19.60346,2.70604,77.1899,129.833779489239,295.183075238578,43.8650666327322,125.547172179783,124.056231761956,130.934969386795,138.218272740567,123.268889652723,116.737893164463,111.578276442476,117.091809908142,121.314898548646,129.681833336252,143.11127113014,142.92719789147,143.413378020926,120.160156842735,120.822176955959,117.834686849573,9274103735.47413,50985.6380148444,9766367283.33911,179119564.197055
2022-11-01,100.9626,102.5979,68.4786,90.6238,106.8146,76.475764416511,8.20885540681934,8.7162927102417,8.60391291828644,104.273578407957,131.008603458418,111.488476321633,140.109166609965,104.14,103.11,102.43,104.04,118.58,57.7669384085286,54.8457429532697,58.1319324079754,56.1951978992089,53.524185726791,54.1307428599644,52.6344875697726,52.8861761185789,6585344222.46487,12142071593.3075,14323723013.0572,16013101662.46,2571397.92364442,9.42,19.3965,14.31268,19.97743,2.73879,76.3062,132.513305756534,295.227648591873,44.6921685341308,125.898320841752,124.810436583994,131.784968924909,139.389286201435,123.89169873197,117.285229648032,111.834736536639,117.532415175535,122.135753129649,129.009446610763,141.261582863204,138.771682147349,142.896850592657,119.999535474577,120.29181414346,118.411023375149,9400206333.08637,52401.2200980654,9989281010.07614,182401444.373615
2022-12-01,102.3834,103.301,69.616,93.7152,108.0028,76.3948230908626,8.58021608563769,9.35178544237394,8.45253011864743,104.472638634023,131.655755739886,114.886464810513,144.429137029558,105.56,104.27,103.69,104.82,123.0,57.8842297286283,57.0298014503312,56.8254901982406,57.106433106188,55.0186812015586,55.3606530698552,52.902886923667,52.9620668060647,6657003522.69476,12264614065.3275,14517953378.5602,16264363339.6528,2594627.3859537,9.96,19.4715,14.36413,20.76928,2.81363,78.179,132.395640938016,294.023623701589,44.7266905398569,126.273138367174,125.556649371173,132.757333086245,140.605164541642,124.545997819172,117.689338956613,112.189123269901,117.961385664589,122.4264166344,128.680015787955,142.222124008782,141.414357704789,142.485694041582,118.842698171715,119.2805916633,118.777753728285,9634101155.70293,47514.4315688639,9254843852.10894,157808366.793375
2023-01-01,101.9284,101.1183,69.7432,93.1915,107.4871,77.4071196960534,11.3312554801699,11.6166860406688,10.3924131972094,103.933953684344,131.37798361014,116.388919465844,147.255182180666,106.02,104.71,105.08,104.22,124.73,58.4409833646524,51.6684396603571,57.5922710693899,53.5711326992474,53.8670385275389,54.0321415472317,51.9368622545423,53.857524476262,6609336257.32986,12336065607.3538,14655015378.4737,16360022427.9906,2605193.81780984,10.61,18.7937,14.08588,20.40902,2.78147,76.9267,133.265672109078,295.045932099046,45.049872205362,127.016122999502,126.367875990428,133.723516085806,141.892259714239,125.125049464005,118.370384724889,112.658323505048,118.403473740663,123.499683116674,129.11258891166,143.202204786905,143.580076182325,143.301818844298,118.853904288296,119.526098998197,119.619464498139,9866516554.84105,53510.8198182215,10201480444.7621,160762574.547391
2023-02-01,101.6147,103.5935,68.8103,93.516,106.6177,77.3042314158238,8.46444459605824,9.53475500527849,9.9796103665183,103.836005063801,132.166174063711,117.541257525827,149.646813786671,105.18,103.99,103.81,104.21,121.0,56.205536222431,57.2997857446364,56.6433492130779,54.3021696408505,54.032156533099,54.7135616262254,53.462877969259,53.5500028561813,6609616396.42327,12332147657.9354,14671642521.9721,16345282554.1791,2617476.28395555,10.92,18.3448,13.47426,19.45558,2.63982,74.7409,134.755059426804,294.707835071244,45.6208734618003,127.585136126949,126.953237846115,134.437828613727,142.804091098879,125.613565693343,118.877781025666,112.999818746171,119.132928839945,124.099818727871,129.720200348372,144.492495306082,143.263953428618,145.866104420308,119.227961237798,118.593188651842,120.374287314307,9935249260.50001,52021.1830944008,9912659013.18529,170839922.969678
2023-03-01,101.6244,103.3087,69.4733,95.2968,105.9159,75.6547185158956,8.24846729725143,9.28351734874576,9.19861457873226,103.624906281018,132.094441075863,118.664161169498,151.346143373783,104.94,102.98,101.86,104.48,125.17,55.5240318178479,58.2665085200194,59.4931217975708,53.6546955756916,55.0009352064391,53.7056224361215,53.7174777339781,52.6846918077104,6645794022.39352,12421781502.2132,14824384117.6954,16587111170.2458,2628087.4764024,11.23,18.0415,13.32906,19.60029,2.62504,73.704,134.969066965562,294.462273840126,45.9470084927983,127.84692074679,127.552600789346,135.018124850878,143.550480198316,126.062621779379,119.521538316131,113.339870329617,119.589770273784,124.999310741285,128.914831973661,143.711433979946,142.863608298118,144.626801659779,118.708384480297,117.405209661615,121.181954872362,10149792146.3103,52821.7978588002,10031270632.7839,179836899.696702
2023-04-01,102.1133,103.6092,67.7977,94.156,107.568,77.4113883192455,10.828000486207,9.9230346361842,10.4193127372493,103.600532406615,132.342544676286,119.402135919349,152.782360133676,106.19,104.04,103.42,104.66,128.64,53.6920255941531,53.2240675686687,54.0163705019147,57.4756236698006,52.8225549788144,53.6083013627683,53.7424504405102,53.8860435512288,6677603457.18393,12514216247.0982,14928582876.6609,16715140577.3968,2653387.42045013,11.29,17.9975,13.26956,19.86294,2.59884,73.5994,135.892883037953,292.748846455838,46.5349772403302,128.045536065297,128.065841325587,135.584711184432,144.242681708189,126.471951789752,119.875066422438,113.704253502775,120.016898680515,125.452582598579,128.409566506083,142.769120631861,139.398588038563,145.614133338596,118.115493389354,116.525578400697,121.822966353989,10344944582.4208,54051.841582222,10208234036.8309,143241101.741764
2023-05-01,102.6039,103.5502,68.3146,97.6582,107.2752,75.1543246302256,8.25377298831669,8.94428911421659,8.7862340405222,103.682953277877,132.93167479898,120.957177834926,154.837630392502,107.07,103.94,102.67,105.46,133.85,57.6796613283296,58.2575474759753,58.9984032422612,59.1186062027007,53.9642381409813,53.8372919439715,53.935630188378,52.1396696215868,6712906135.73811,12588741372.3428,15044808490.6663,16766508049.7831,2682902.61125159,11.32,17.7418,13.05087,18.91365,2.48917,71.9687,137.070846659426,291.047983307707,47.1100054232264,128.241796696463,128.550689810325,136.147804040045,144.962431517905,126.874912187857,120.33597107411,114.04695835585,120.47312372008,126.024984886264,127.893722619567,141.679327883881,139.242990051253,143.929415460321,117.804599464582,115.885084086115,122.320000665532,10374759421.8862,52014.7468896475,9790894210.40354,220966039.286401
2023-06-01,103.0321,103.4668,68.9357,101.3384,106.7971,76.751518628577,7.9029158119883,10.4814186615737,9.1428428589,103.864687770041,133.308273554747,121.269578323149,155.418461599872,107.81,104.22,103.08,105.52,138.14,54.650700371598,58.2263639491516,58.3154540099651,58.656811588187,53.5862831617322,54.2157680451938,55.5429048607702,53.4224133507124,6777064644.01792,12770143927.3905,15255926367.3915,17011316455.1982,2711429.9672941,11.16,17.1358,12.94952,18.69773,2.35617,69.6904,139.232952853002,289.019705191205,48.3345773528194,128.580465037681,128.93305176702,136.536952086155,145.57852852656,126.983299333867,120.747751847413,114.36386077382,120.912591596484,126.509482838777,127.507390929736,141.950936432768,142.17340100535,141.706607929199,117.197003382888,115.031701089383,122.5749973932,10420261983.7022,54315.7724802841,10113690463.9664,173916488.948848
2023-07-01,102.9937,99.889,68.5945,101.377,107.4961,76.3655705106294,8.1875317380327,9.6102445237275,9.11416982494815,103.602613488842,133.47083638741,120.970041671898,155.682934022739,107.91,104.74,103.82,105.72,134.1,55.5791276253204,57.7717468328154,57.2380582470973,55.4725687836404,53.2918644241596,54.0113046838536,55.3731842083369,52.9251857607983,6839292320.13329,12850498004.6418,15324697700.5697,17076450315.287,2729373.2853547,11.22,16.7303,12.71001,18.44683,2.34224,68.685,142.532216781288,289.004988899145,49.613611165955,129.139277284252,129.432789481058,137.026070010598,146.148783743024,127.463020948286,121.272355533449,114.679629897815,121.371649114441,127.189311726136,127.878309229133,143.966647276359,148.113114482379,140.192120860154,116.766824192659,113.896919311056,122.790617714221,10414669697.0475,55229.7284760024,10184792532.8048,156011105.53545
2023-08-01,103.1448,99.9728,69.4461,104.145,106.7072,76.2831649421266,8.69720079891187,9.47626046987653,9.26794530845025,103.894508508764,134.404078041736,121.579967907034,157.268074510744,108.56,105.02,103.91,106.34,136.81,58.921245408175,56.240318569576,58.5802194549643,56.7828784916338,53.7792965092854,54.7075861975622,54.3476264336041,55.3197526514089,6890928976.29235,12952716002.3752,15391784836.9511,17130003390.4701,2740286.94628588,11.16,16.917,12.50335,18.35833,2.3244,67.8542,144.730147660063,289.346324306428,50.0627371696697,129.918866823391,129.889390474181,137.434833677821,146.700805899795,127.825091683181,121.792177502628,114.964018748769,122.539393649324,127.790261903691,129.597044796441,145.876844857955,151.871073428214,141.325445395802,118.18060646908,115.560928717158,122.9797312066,10385503427.7893,54316.6908186167,10007306640.3805,244547954.046907
2023-09-01,103.813,99.5413,69.2471,105.7261,107.1906,75.2988345607279,4.92863843933605,12.5338386032155,11.8430473958277,103.144361254062,134.170532835984,123.932121509049,161.108010014497,109.34,105.66,104.39,107.11,140.74,55.8816785623083,56.3432022668877,57.1195713436583,56.430468763031,52.3636593129304,54.6312066007165,53.9692645057179,54.3642007334352,6973010896.31734,13087509617.7264,15575739905.0715,17271749514.6063,2762644.07624056,11.08,17.4127,12.87843,18.43134,2.38902,67.9402,145.74249481831,290.235622234164,50.122615443537,130.532629047322,130.384951815557,137.758283461555,147.092406463123,128.087219812348,122.377824036753,115.273584655361,124.426114477788,128.418330223005,130.815232140344,146.807935043462,151.416432019883,142.519782930499,118.884175833258,116.549535365078,123.361806029726,10455086399.5595,52240.2659980491,9724921657.04328,184683462.205128
2023-10-01,104.8179,99.6911,68.9936,110.3004,107.5031,77.0067638915577,7.29018190428416,9.52761317348516,8.96300685381554,103.115562904089,134.467488767135,122.623947492171,159.894079423553,109.62,106.16,105.56,106.84,138.37,57.8276010922563,56.0191825890682,58.7868221547763,57.3620416144035,53.5918133089581,54.9682938500747,54.5581555568543,54.9459154529557,7065455735.45806,13243811602.9004,15714354040.474,17462709828.2229,2789554.65306159,11.08,18.0368,13.00814,19.12081,2.45842,70.6984,142.457748859684,291.159351672361,48.8421290223661,130.952055755445,130.914598734322,138.367539287494,147.895324225764,128.351289361383,122.962148060636,115.663019096573,124.894479121786,129.1627427875,130.444030284948,145.426002864836,149.704193493011,141.837744888496,119.820284570391,117.782796594935,123.781645550508,10577502051.1502,49946.7386844768,9381817149.53804,198694471.623163
2023-11-01,103.1071,97.6165,68.4851,105.8605,106.5939,75.6113803123981,11.2877323224658,9.9860881339625,11.6765434863168,102.943721804309,134.922641916475,123.30530889868,161.645757205352,110.05,105.82,104.5,107.35,145.55,55.9703081201395,57.5664896000021,55.5076504865151,54.4851568771974,53.6509403774135,54.319445619961,54.6492253785823,54.6158208847397,7080324431.26517,13368186762.8211,15898878505.1998,17666068209.1483,2803753.78529116,10.89,17.373,12.81259,18.95221,2.43222,68.5074,144.651723700949,290.983263861645,49.5895033537064,131.368281061208,131.442044109168,138.831402969827,148.806069295033,128.436285672325,123.472174297607,116.025559616128,125.358675760613,129.803763904186,130.839115430863,145.433325002216,146.870026476194,143.632618838334,120.131139154035,118.352316351924,124.157110820975,10685306816.0912,54762.8255369851,10001223985.5651,172277548.559475
2023-12-01,103.037,97.9224,67.6846,105.8766,106.25,75.809245931388,9.11931257155749,10.6394005610411,9.5157699838676,102.70030976878,135.428024345021,124.817990269802,164.448211698662,110.37,106.23,105.35,107.29,147.18,53.6166494740107,57.3666081767544,56.6932242740896,54.0960631901234,52.5193575156627,53.1657904073447,53.3814207328675,52.3801820105478,7140650714.58532,13361963829.6741,16001382339.6144,17809109805.0409,2848150.89119228,11.21,16.919,12.83306,18.69296,2.37712,67.7358,146.497992571271,291.227972023834,50.149692285645,132.194914474095,131.940159028434,139.247651060736,149.3320201143,128.683687436214,123.982758530972,116.285350236259,125.791636688133,130.395306959742,133.129629390107,150.456769136926,158.464783762911,143.492228547164,120.349036055178,118.988415622071,124.532042835689,10860477437.488,56759.5866199359,10358851865.734,179491786.121402
2024-01-01,103.6342,99.4501,65.2598,108.2969,106.5477,74.0386051375359,8.40714004668679,10.4024202233589,9.42063738538082,102.228460992234,135.596777990965,125.025922064778,165.81796457688,110.72,105.99,103.99,108.4,149.98,55.9428203610092,57.3112894837475,58.1042558580057,54.452513391509,54.7801873140819,53.2111062512541,53.2841996972025,54.5793087896423,7207543226.11869,13631565240.9875,16201879558.739,17948488829.2291,2890131.95724794,11.29,17.1633,12.84501,18.64106,2.39256,66.4729,146.881218307306,290.881357470923,50.4282914351735,133.233513296292,132.370625876242,139.563055867741,149.718387800017,128.857091913509,124.582542074844,116.766420394796,126.300540120215,131.263959829901,136.080192129005,157.435869710615,175.351832629722,143.039316625695,120.382446581683,119.563456384068,124.801308022717,10943268606.1779,56306.4987079615,10304701991.0267,188449661.581122
2024-02-01,102.0301,98.5155,66.849,103.1067,105.6804,76.6645350640276,8.58220319607572,9.38916843473169,8.69019964973509,102.054829351468,135.643199004388,128.212559083249,170.536801153878,111.58,106.58,104.44,108.89,154.46,57.8034079682586,53.6064200517954,57.1416564723631,54.6956430062077,53.0636618400886,53.7801129486699,53.3756951711215,55.0234631600707,7386350982.4834,13877880640.7562,16541063897.0588,18222991192.234,2987629.80497731,11.05,17.0633,12.58248,18.4659,2.36839,66.3643,145.932387297346,291.402191241757,50.0377638531198,133.22599701845,132.826611393667,139.935028398435,150.226630920159,129.063327312648,125.145929355729,117.21649205846,126.742856717616,131.934893908413,134.697574562616,151.862666296015,165.43899389637,141.183579596623,122.549277969302,121.154611871339,125.087848268664,11167186613.9203,54629.7158476063,10037119249.1844,183486675.596143
2024-03-01,102.6338,95.9152,67.5656,103.5901,107.0455,76.7651806439109,8.66824503682864,9.87898080648581,9.44265343667876,101.525322717393,135.172546528155,128.642802333677,171.350586425165,111.7,106.95,105.5,108.32,154.05,54.2938766166974,56.3793073341884,54.4748931275898,56.3398539733441,53.3659312252699,55.3737211197113,53.1353121358906,55.4000398338473,7448219935.50292,13930824913.4673,16571039960.2307,18366558262.3283,2985286.13352166,11.02,16.5323,12.16943,17.88134,2.27815,65.5321,147.129792412929,291.848098933159,50.4708584159364,133.548311198081,133.328597014793,140.219830393707,150.672748186993,129.251210635452,125.909195638123,117.633047432956,127.167673225846,133.044831006428,134.280244234997,150.988772126332,160.726609026226,143.593305994996,122.87483779444,121.569781867245,125.310083258959,11326469629.8664,56303.1740393827,10253533571.2291,140271061.115067
2024-04-01,101.6271,94.1993,65.6651,104.7627,105.0196,75.671278336251,8.31998484763937,9.56039322213182,9.38875168289506,101.97254447355,136.362911505212,125.123216983734,167.345426721191,110.82,104.94,102.1,108.4,158.12,60.6634371852377,61.5241793678235,62.5312115093472,57.367689804851,53.4384745823733,53.1816741664527,53.8407926207056,52.5916993426367,7354718618.04801,14005019764.3523,16558418023.0448,18326343910.8078,2975256.84753095,10.97,17.0958,12.44061,18.27541,2.35751,64.6897,147.759587760736,292.113136025708,50.710312853455,133.997011477448,133.623037396223,140.530190851305,151.101945996851,129.407462119351,126.114486516613,117.946179547551,127.59322539303,133.167425219636,135.408460479201,153.082346859095,164.431485033859,144.162605131252,123.036778134678,121.905411350248,125.533792163282,11333667288.4938,55390.0667905541,10100972722.1687,204795094.334137
2024-05-01,101.8229,94.387,68.434,105.9702,105.1441,76.7727643588707,8.36733578845446,9.93710950714138,8.98179095135717,101.953179521065,136.745289022564,129.666282207766,173.660962436922,110.91,105.89,104.04,108.04,152.8,57.1274820107829,57.6393225375429,55.8551596645112,56.6537668724695,54.057664153525,54.2359372207957,53.5894693176422,54.5428926084254,7456582420.88686,14175901256.2519,16776597840.9344,18557907539.7474,2987182.82009932,10.99,17.0177,12.48248,18.47697,2.34164,65.0864,148.412413857557,292.848220876291,50.6188445616411,134.12986470257,133.948419167976,140.714987783908,151.485798922878,129.42880027087,126.622811357862,118.402421851022,128.053520353175,133.750485842623,135.391939455389,153.116758652336,163.933018795119,145.038208954766,122.625224136894,121.475621366974,125.827668838793,11546120040.2904,54367.6478323931,10012592712.9196,206365888.177903
2024-06-01,102.0903,93.0432,68.2976,103.0808,106.7878,75.7482466415417,8.99643331176101,9.56538233026692,9.37009855934719,101.734219349942,137.001553529771,127.84965458553,171.94395097058,110.59,106.49,104.7,108.67,145.35,56.8616659730666,57.2129402863914,54.9920607868481,50.7442850968097,53.2712287127578,53.9011771144056,51.9073791891541,54.9019230973678,7554526880.0947,14318071937.6559,17070447322.2745,18886750254.8619,3027352.83388133,10.97,18.2478,13.33367,19.55799,2.49995,69.6952,142.532396157217,292.867670214034,48.7385894137091,134.877585867454,134.247395748456,140.985300690568,151.785727162321,129.674349347635,126.981352358728,118.787071934362,128.522337217179,134.070941033846,137.148070669024,156.310585581825,169.795108579347,145.858960223556,123.265289143797,122.357017146553,126.299169182808,11730587144.4401,53179.7032794075,9813901593.32523,247754163.918631
2024-07-01,102.762,93.2845,68.0695,107.6138,106.6632,76.3306057708578,6.12473649096657,8.5145013138741,9.08633152031064,101.773322114633,138.404107649039,127.549274191826,173.215596758602,111.5,107.07,105.36,109.13,145.8,58.8438473558362,57.8696336219215,56.8676050265137,60.2503257434955,53.5246343038751,53.0376969669502,53.0191127854882,53.1989712717763,7562158173.27355,14436308522.5426,17125025852.0483,18890742992.0672,3050952.30990187,10.92,18.597,13.46237,20.12195,2.57382,69.3077,142.434862364299,293.285177469871,48.8003046599449,136.286018500304,134.688216500904,141.255844524945,152.094319986797,129.880571756257,127.623768184077,119.219708196061,129.019943151109,134.90323601073,141.158672636119,163.450660585283,182.509996820457,147.684615338217,125.180511730715,124.266119700351,126.922672326023,11947148222.0809,53571.7846700018,9893100102.66963,226400920.586571
2024-08-01,102.2561,93.8835,68.0465,103.6117,106.8137,75.2682973620156,8.55428789606465,8.88690155840363,8.95850271437482,101.686625238275,138.150978553774,131.777714344674,179.123770211024,111.17,106.58,104.64,108.81,148.05,57.4519433243019,59.4525797096034,57.3593391878657,54.6345544821631,54.2905150309232,54.0432530174924,53.5226703142375,53.4331386077535,7686928997.22852,14629031020.7279,17408470329.1803,19242082202.5739,3098509.1640675,10.76,19.6535,14.58486,21.76036,2.77311,74.4879,140.220927025314,293.319056604234,47.8489042002924,136.423839588264,135.104161908478,141.600234781504,152.77269148135,130.02295039392,128.121338364185,119.555230191494,129.9772008158,135.526380152453,139.986454197384,159.631864261316,171.184801739869,149.960482271311,125.743618471066,124.610925560408,127.515266606559,12181337793.33,53264.4837852264,9978765511.29813,212939725.40106
2024-09-01,102.8852,91.5727,67.316,106.1191,107.5872,76.2085287343308,8.33985558250292,9.0657923889687,8.75763329023365,101.471300734488,138.036199619402,130.94193517595,178.070349365669,110.45,106.9,105.37,108.65,142.59,58.1545229024749,56.5832327762962,53.9183379827898,62.2811237807875,53.9797868348257,53.682151731655,54.1936693934167,53.7610817614379,7753983040.76272,14738655762.8112,17556916308.0917,19456007514.7597,3135342.50559229,10.44,19.644,14.54049,21.92663,2.80713,77.2619,137.89410256654,293.366028452949,46.9076688546573,136.564390078988,135.504266009927,141.812257241722,152.913565526612,130.244588649952,128.622170185642,119.93776442914,131.711635546388,136.195439622139,139.386335631997,156.79538396343,163.31367880149,149.678301879574,125.861630186664,124.565391404229,128.220393619521,12310987580.0827,53576.7393210374,9925151031.0694,189704700.133066
2024-10-01,101.1419,89.8975,67.0715,101.1628,106.4947,74.6105372122797,8.99626462885383,8.76155197257682,8.68585528055109,101.22734955284,138.325818150855,131.666829861618,179.95352892323,109.31,105.98,104.1,108.18,138.29,56.3928924227947,58.6287357157222,56.2651842601519,55.6368333564069,53.127443983803,53.0870788709358,53.9305234215011,53.1120460780643,7795730694.01211,14867684450.2746,17718883794.2761,19578052652.2413,3141397.62546147,10.24,20.0378,14.40517,21.77808,2.8113,76.3313,139.482797385735,293.720951129687,47.3926433404624,137.233811423116,135.916547820607,142.295940964791,153.547941006096,130.493901961366,129.065192157883,120.267140088322,132.201978473901,136.708027122269,140.579669714977,161.541679696418,173.904562044491,150.45563284158,125.442969938213,123.963995572764,128.491038173507,12339141531.2442,51401.878784767,9546294570.26049,187698301.381176
2024-11-01,101.3282,90.2403,67.4338,101.4054,106.5462,76.1842323213426,3.4906795742732,8.51645685505368,7.99429483771273,101.046155936487,138.395855796234,133.516231737748,182.887043231673,110.22,106.57,105.03,108.31,144.18,55.3864790834005,57.0774026931049,56.7837410984041,57.9799931465416,53.3573089195075,53.6210191945982,53.8297369223003,52.2815339339077,7915941731.75317,15060614392.4077,17906935398.5203,19728780434.6036,3176055.52046722,10.05,20.3212,14.51137,21.46732,2.80229,77.3188,138.038362419505,294.210731835598,46.7800552759076,137.36388766901,136.155167040089,142.183063975204,154.081440805904,130.009215421658,129.514543960423,120.617803395063,132.683551808788,137.217023879322,140.737729831002,161.261347056404,172.076601518897,150.784212571935,125.604719264912,124.637881221744,128.921382536759,12346386952.6961,50497.3969315195,9389244674.53325,180576852.269325
2024-12-01,100.1005,89.3315,65.8718,99.3725,105.618,74.7158422209718,9.59455161391494,8.43561332901878,9.5009219957117,100.942527792249,138.681906989535,132.257454286292,181.787996695815,108.4,105.55,102.92,108.54,135.67,57.0734969896588,58.1930346040872,55.0446895886727,60.0077347042198,53.8149010032799,53.6892835836909,53.8695687838411,52.3784069057051,7956417606.02063,15225575109.4577,18016602407.1449,19861801973.2937,3169136.52873653,9.85,20.7862,14.45472,21.52307,2.83108,76.5307,138.267012728997,294.422312598249,46.8368905047936,137.786968241629,136.759884446034,142.714779936005,154.683417105061,130.456339246016,130.112166147074,120.946004652233,133.103516531926,137.949842110301,141.041366855312,160.556224280213,168.742023283765,152.434253373532,126.218881371943,125.462523628456,129.685684705237,12237223280.9891,49388.0989916249,9156154631.82779,184539316.74641
2025-01-01,100.3454,87.7938,66.6547,99.5751,106.094,74.1623054251965,8.14429265955177,8.40117878024114,8.13428212239788,101.140782448924,139.067020418853,133.118776322118,182.712367260322,109.5,106.28,103.73,109.32,140.02,55.4462289334309,56.6069930663215,56.6352673129089,58.0700237960835,55.5117378421829,54.0766182123295,54.1980670595134,52.0543248760977,7990627341.29025,15278831899.5507,18112772577.4599,19856491493.114,3191620.48547058,9.86,20.6068,14.23106,21.42077,2.82519,76.9871,136.637508628306,295.485138570302,46.1743124863011,138.047388369153,137.207831060285,143.405977928118,155.389079093957,131.093899333159,130.435344703491,121.283918245543,133.39531598929,138.399366426863,140.733721351434,158.501834610692,162.025586533189,153.91793039382,126.816291862033,126.872391339635,129.845895398509,12343376424.0981,50297.783500787,9242459823.92046,170855992.548501
2025-02-01,102.1215,88.4431,67.058,103.3182,107.6125,73.2369915431914,8.25514679160612,8.96994123262116,8.68820664543836,100.836159397182,139.148074261401,132.568370152602,183.128020544696,110.78,107.4,105.53,109.63,143.23,55.7985097929944,57.9730097557836,58.9136457642398,56.3200115930305,53.2583514472645,53.9886377367067,53.8090626472923,52.5889491304198,8004261623.97329,15423410467.4149,18385905101.9883,20200216495.8853,3201201.29311529,9.45,20.508,14.23665,21.33037,2.81165,77.2318,136.700037466209,295.214623759166,46.2791821337413,138.291491706447,137.666867763521,143.784798505524,155.860678204978,131.335919938125,130.940160477594,121.618882570725,134.009571304096,139.06320537511,140.407333585163,158.141017466577,156.629600401967,156.202451614257,127.036698226645,125.742368881878,130.284491620817,12783215655.3127,51552.2567874248,9324681573.10882,210275108.080519
2025-03-01,101.6914,85.6513,66.3132,106.059,106.6732,73.5291215036483,7.49123621240919,7.94087350119699,7.99774905960721,100.606362294255,139.079599851259,132.352183491138,183.006014973741,110.23,106.74,104.66,109.13,144.16,54.4531784693626,56.7486416360767,56.0707173000024,54.731669262576,52.3851379937664,54.0792184321852,53.7770766990224,52.7059784227166,7994124179.43666,15513893669.32,18413984373.4517,20276777479.133,3192328.77191684,9.1,20.438,14.20237,22.07304,2.81227,77.6998,137.101866422959,295.356235272109,46.4597572204122,138.638524680684,138.169133057687,144.378083667334,156.897346153091,131.684635498749,131.3754528089,121.920028285723,134.581473453483,139.587780729416,139.939423223216,158.324211260357,156.872083930566,156.655867027621,126.797872559704,125.151831505458,130.598355518024,12881304783.9286,51596.6514036058,9276597770.1929,172941581.958631
2025-04-01,100.6108,87.2659,66.4381,99.5057,106.6683,73.8712571700357,7.97999712829938,8.53921150462304,7.58581573247005,100.345086349492,139.467613312982,133.333571480242,185.186928749443,111.43,107.68,105.65,109.94,143.64,54.0086510007368,54.7026925711082,54.2939695955594,55.7469177424855,52.6663275474624,53.296881261559,53.1576223256661,52.3900883358265,8032254771.99342,15604949213.2507,18595995125.131,20476292736.072,3245081.4954899,8.81,19.6095,14.19728,22.28129,2.69631,78.7583,136.01341998867,295.668103260903,46.2006841741774,139.253924949781,138.86386233975,145.26258814938,157.787080040181,132.505054703173,131.861718835023,122.248884308813,135.001371525062,140.221871737324,140.396000087579,159.115996346847,159.45286370091,156.307910653387,126.924826104528,125.172063488177,130.984518697905,13128926844.8261,54954.858196296,9761495795.6895,204164872.167926
2025-05-01,101.5795,86.6932,66.5779,104.7061,106.7406,73.1226404607353,8.03711296593729,7.82532441920594,8.56736080539736,99.9541394877736,139.914249054937,134.570127568952,188.100240424812,111.05,107.14,104.42,110.18,144.27,54.3954817537809,55.4417654570301,56.0540616764737,53.5170347079548,51.7012453395174,52.7160623400814,53.2666939794675,52.081795119223,8130016897.46248,15826172476.0562,18795637373.7233,20671254998.9125,3279194.97757292,8.31,19.3858,14.09929,22.00288,2.69269,76.3381,139.111361077544,295.817602425507,46.976455403142,139.948249229598,139.371736376207,145.852323413455,158.51972269603,133.041404588363,132.310456490822,122.584139008848,135.473093815632,140.771710769566,142.319699237419,162.816720768931,162.780960324701,160.907064991247,127.292928543546,125.662656799646,131.359555953273,13139366898.164,56977.8195161035,10006172869.9962,189622808.300978
2025-06-01,101.25,85.3737,66.3506,103.9176,106.8056,73.7141820677805,8.15669358357938,7.71427075063051,8.26822562121542,99.7421815317148,140.079784192083,135.445977003445,189.957818164448,111.4,106.61,103.98,109.72,151.45,54.5468936460115,59.9178677532929,57.7932815171732,56.6828137064956,52.8177026767847,51.3394185502133,53.1885389872131,53.1480838126049,8176633078.02162,15767500272.3908,18857949463.3439,20745367101.9018,3289122.02163881,8.09,18.8332,13.80285,22.09888,2.62911,75.495,141.869753913294,296.749230121054,47.8693102102108,140.599553098815,139.925261420617,146.45459453835,159.238603055952,133.56959875799,132.840384282006,122.941639612133,135.941065011892,141.476366902397,142.969514881346,163.891025324175,161.838277211439,162.88787676416,127.489421310682,125.867042561448,131.684121354595,13497923304.5197,58123.0360196878,10208261178.5526,192477895.951966
2025-07-01,100.2323,87.7736,66.2964,103.1361,105.1719,,6.84632263341767,8.46578413588792,8.36696147353213,99.4529298576943,139.987366833536,135.304982262762,190.105080500154,111.73,106.4,103.48,109.86,155.21,,,,,,,,,8212160614.94084,15879447575.2014,19029295918.6285,20900779273.1541,3314481.8754787,7.67,18.7963,13.59348,21.51424,2.60705,74.0845,143.16016088189,298.052739355952,48.2138081604287,141.044674203237,140.390558703216,146.919085951689,159.925916469346,133.819332474407,133.301592404845,123.292782804526,136.411121990012,142.020604766838,142.788836240884,163.666158529209,160.450460884338,162.842584566868,127.607183410552,125.238333510911,132.042772136512,13641909422.6018,58002.9594700971,10084476598.8802,212380119.649285
2025-08-01,100.0428,88.0069,66.9813,101.2735,105.226,,7.40057913430747,8.32392839291031,7.65939120700972,99.0104336197653,139.296463401797,136.27192720805,191.999657969646,112.7,107.3,104.91,110.16,156.2,,,,,,,,,8277475664.1372,15955934831.4859,19146985022.3224,21045412425.0519,3336532.40607266,7.39,18.644,13.57656,21.81162,2.61762,74.0485,144.892560046314,298.609074664547,48.5610126320839,141.332948069197,140.826343633145,147.336090132315,160.622726426262,134.066882673234,133.766876176367,123.659622248012,136.895482816532,142.598821154606,141.899205500826,161.652017111355,157.767711000857,162.378825280708,127.604817601317,124.97102006648,132.199345933477,13849408827.7227,60092.5666395823,10324571034.7774,176323474.069119
2025-09-01,99.8969,88.6414,67.2137,99.1569,105.4783,,3.86752825385786,7.7580530552414,7.84101683229922,98.8985172291583,139.605424226691,135.504692471325,191.27119665618,112.75,107.26,104.81,110.12,156.33,,,,,,,,,8313750395.5613,16108864739.9312,19344875701.2867,21219322505.3606,3351750.84379432,7.29,18.3342,13.17862,21.54269,2.57229,73.392,146.687027560308,299.608564899254,48.8567348110946,141.740037599437,141.307440919997,147.772754669038,161.097828769118,134.423603838113,134.245230710956,123.997637107982,139.488609656599,143.151361843593,142.299222741059,161.347736310973,155.873972716892,162.21903146728,127.648226322625,125.011753575272,132.428111273661,14152065101.6673,63776.7718889475,10863779157.7421,241540390.680575
2025-10-01,100.7141,89.2881,68.2032,103.1376,105.2021,,7.18581153144708,7.34100481507564,7.18775415765359,98.7268981282793,139.747137373642,138.164717646726,195.640330224845,113.63,107.12,104.26,110.54,166.94,,,,,,,,,8323819023.18095,16143458793.7647,19476946174.7957,21354142269.5171,3377546.64833259,7.25,18.5725,13.25705,21.42338,2.60758,72.6378,147.896084182418,300.144393333907,49.2053927510311,142.151669412209,141.751583490063,148.171840661967,161.631578401178,134.646118905892,134.784093652097,124.373054031465,139.974694919467,143.845827787274,142.325274806932,161.81925537627,156.283896135324,162.6288246455,128.039794972616,125.292191936095,133.463561392861,14317522772.0177,63627.4865758282,10976716511.7437,222023664.208966
2025-11-01,101.3173,89.2856,68.136,104.4338,105.7494,,7.32130703641856,8.39601289686762,7.93574977666571,98.3032305592006,139.733417351467,136.022386266752,193.379382437328,112.96,107.23,104.37,110.64,161.86,,,,,,,,,8397195243.05128,16187971314.284,19582179794.9703,21439135942.716,3407153.50858724,7.19,18.3075,13.13197,21.24036,2.59051,71.7541,149.399593729523,301.378712788881,49.4996255027622,142.592213769178,142.189881036389,148.402284048218,161.87019806588,134.913846630918,135.310642668748,124.720455335421,140.4647291817,144.524472926728,143.187462181548,162.878702099939,159.036321320447,162.265967552076,128.54604748507,125.322761057418,136.456753933529,14564652313.2094,64405.6829042049,11089659241.8235,180319917.943267
2025-12-01,101.4302,89.7101,68.3893,105.676,105.5702,,6.26985859341125,6.04134975290066,6.22221296166967,98.3802472474159,140.115157269246,137.127836285395,195.509327669473,114.22,107.38,104.63,110.65,168.38,,,,,,,,,8450974281.17024,16265088498.9942,19708803744.0561,21522892975.0466,3411288.71147632,7.16,18.0012,13.13188,21.13791,2.57957,70.6468,151.146288583356,302.88244467388,49.8571789217516,142.910229213854,142.674971082882,148.867652946587,162.731664854842,135.074969488422,135.772028569325,124.989066547468,140.868006873397,145.026692003815,143.308378158086,162.171436059349,159.745214153566,161.131568964182,128.90958564021,125.481004534771,137.3584230604,14670816083.1182,64523.7470159773,10991201201.8012,219934566.604468
2026-01-01,100.3996,88.7717,67.2367,104.0896,104.4873,,7.84097382042249,8.79288757350716,8.09839711789814,98.5900299930717,140.719328297395,141.393973129923,201.38644440078,112.49,106.61,103.61,110.01,157.29,,,,,,,,,8494274618.13149,16324805528.7499,19810985041.5852,21637627408.9589,3427648.6533644,7.0,17.331,12.80068,20.62042,2.4922,69.1905,153.42650231018,303.847972320089,50.4799233156098,143.337536925337,143.405898834321,149.965281079215,164.931229659359,135.328701679472,136.279011010492,125.454230920381,141.468531818409,145.686607518256,142.761805214235,161.125552876599,159.250165495174,159.965437030733,128.435520247191,125.262898274318,137.445956222751,14819425458.7813,66558.3606800283,11176988475.2408,235611733.332802
2026-02-01,100.825,89.2831,66.1789,104.2677,105.2695,,6.88503807814162,7.08433847742215,7.08573974348581,98.1920408566441,141.013467789509,139.538495421631,200.595823750765,112.31,106.1,103.14,109.5,160.14,,,,,,,,,8534524048.89692,16382918086.6549,19802751833.1687,21666232108.4572,3434459.31619034,6.86,17.2193,12.62175,20.33083,2.50885,67.7127,156.168249643587,305.564142146979,51.1040043933618,143.893946894509,143.868374685049,150.340554104149,165.523582489753,135.472975394153,136.77540958641,125.800557085686,142.126374894828,146.298810742635,143.990286661135,165.522680208169,172.549312909649,157.862443923822,128.304047609544,123.770087444106,137.928853601638,14895247982.4457,70329.5473656673,11707804228.6518,215203297.535488
2026-03-01,100.2976,90.8532,66.4871,101.2118,105.044,,6.83012822300027,7.21979049681505,7.46621193481212,98.0735288394012,141.841924498123,139.531326370565,201.769489292136,113.63,107.02,104.52,109.95,162.87,,,,,,,,,8631337725.90848,16520176511.3025,19789938960.6963,21614331926.9079,3442910.92918207,6.81,18.0033,12.89756,20.7344,2.60688,68.6418,156.491265503133,307.408025460877,50.9198862594637,144.977093533024,144.321412849233,150.7050789787,165.950058851475,135.875764806022,137.311450724362,126.220860860648,142.587115505861,146.944250401552,147.0302495981,172.114563198604,190.732306018927,157.331508082741,129.822010778029,125.470927029186,138.523152733741,14481387095.9645,67598.7824294289,11468781543.5919,219928134.29728
2026-04-01,102.4199,90.2476,66.3557,108.1135,106.3703,,6.31100793924808,6.74724361802925,6.95270281258229,97.9244471265539,142.161540449394,141.280598421609,204.8227809588,113.74,107.66,105.66,109.78,160.4,,,,,,,,,8691707586.18128,16648749358.9445,20079589964.1803,21956210762.4151,3484015.85824354,6.58,17.5118,12.86242,20.54134,2.56373,68.4453,157.179865106595,309.270234948378,50.9805981345855,145.425539864338,144.780133148567,151.0473954312,166.264969164454,136.217361680191,137.828657869286,126.614305851125,143.006550324636,147.576879068515,147.463166550796,171.542482969565,192.613032022088,154.850441577049,130.599292621262,126.154070137592,139.5583623422,14836350300.1251,66378.2811862242,11276514354.4852,225231173.985038
2026-05-01,101.63,90.1373,66.0555,104.0801,106.2515,,7.12640849699889,7.64949225504376,7.49901351825022,97.8483411085379,142.343347207045,141.164481568036,205.019595145745,,,,,,,,,,,,,,8819649220.13427,16894560796.9162,20319090643.9678,22213696531.9798,3526498.84070221,6.47,17.3505,12.59646,20.24977,2.56614,68.3632,159.922581826257,313.398464135541,50.898001031297,145.390897920253,145.195244516688,151.358180439415,166.685260663488,136.506538855912,138.349678412259,127.008423998749,143.482755745223,148.221369770772,146.484600757111,166.923025964226,184.881672935189,153.331505572629,131.329480401662,127.019817734525,140.449822691948,14958518781.3046,67499.2486222906,11457220697.6934,226962225.945123
2026-06-01,,,,,,,6.75977660925074,7.37488589088968,6.98683310771704,,,,,,,,,,,,,,,,,,8762948501.2212,16872545634.2845,20355900425.6854,22251217058.3884,3540552.94226065,6.29,17.4693,12.31236,19.96741,2.57323,,156.728514687377,313.411368305131,50.0092053813733,145.283332701184,145.558731498302,151.637990537647,167.324763213666,136.535846813462,138.799353421011,127.389243283342,143.948165730398,148.725310611391,144.406942538688,160.776105780454,170.528153991534,152.249244227895,131.709140399136,127.483312467387,140.860274592119,15074353309.9052,67528.6516856338,11369642895.443,229524940.695299
2026-07-01,,,,,,,,,,,,,,,,,,,,,,,,,,,,,,,,6.23,17.3288,12.35197,19.93159,2.5664,,,,,,,,,,,,,,,,,,,,,,67832.3956150596,,
