fecha,SR17536,SR17537,SR17538,SR17539,SR17540,SR16967,SL138,SL11136,SL2830,SL11439,SL11453,SL11432,SL11426,SR17449,SR17450,SR17451,SR17452,SR17453,SR16882,SR16894,SR16906,SR16918,SR2761,SR2768,SR2775,SR2782,SF311408,SF311418,SF311433,SF311438,SF29652,SF282,SF57805,SF57771,SF57923,SF229267,SR28,SP12754,SP12755,SP12753,SP1,SP74625,SP74626,SP66540,SP74627,SP74628,SP66542,SP56339,SP74629,SP74630,SP56337,SP56385,SP56386,SP74631,SP56373,SP74640,SF117754,SF4782,SF4774,SF4801
1985-01-01,,,,,,,33.4842948155011,,,,,,,,,,,,,,,,,,,,,,,,,,,,,,68.8824,87.4817841163801,118.401990986229,72.9953638941467,0.443149864422309,0.493510862277622,0.561203101702664,0.379770300977072,0.748624610048621,0.38051245400634,0.517362482557624,0.155493725955686,0.351282206988479,0.377682295214128,0.507232804293139,0.348582961514439,0.611057278514366,0.19611884381809,0.295701742185796,0.167027117837696,,3.70714411592829,,40658.1668876129
1985-02-01,,,,,,,33.5660670788058,,,,,,,,,,,,,,,,,,,,,,,,,48.26,,,,,66.8016,88.2823718112848,118.295507758062,74.1893548455431,0.450439585839188,0.495784846167217,0.555741752090519,0.392503964456552,0.733011697966872,0.403076731583119,0.529984061357788,0.172161133326214,0.367428879943615,0.392340655591564,0.524458196938791,0.350673218731124,0.645715632675533,0.204578722208397,0.303938812122452,0.170750901083011,,4.02924638972506,,25931.5022853708
1985-03-01,,,,,,,31.1332193155222,,,,,,,,,,,,,,,,,,,,,,,,,55.29,,,,,66.231,88.4483108852015,118.450205837746,74.0763998692607,0.471246070006284,0.512511802156277,0.567592023544508,0.406324062058452,0.744324774705705,0.428528400402967,0.545283786576198,0.204561093342602,0.396609694393759,0.402761808036928,0.542280927366024,0.361470389665352,0.666661743771727,0.225833274987567,0.307330261750892,0.19191777042223,,4.37451302246661,,40974.0914099796
1985-04-01,,,,,,,32.1299855180687,,,,,,,,,,,,,,,,,,,,,,,,,57.77,,,,,69.0704,87.5937221622956,118.662298592896,73.047467257196,0.494053206814396,0.538107716713603,0.591913088524681,0.422318947769507,0.782214403455144,0.455021533159386,0.558786600525928,0.24419091370588,0.428487899621545,0.418335344912156,0.561203832131555,0.382854695100159,0.682107093646661,0.232600596284912,0.310588556410241,0.194046482012789,,5.00592841816904,,71712.3441603107
1985-05-01,,,,,,,30.673642806017,,,,,,,,,,,,,,,,,,,,,,,,,56.08,,,,,69.4595,86.6967841837949,118.716217321539,72.1273903837719,0.529965593724131,0.578674842301749,0.630282352627331,0.443725123729687,0.842670825991398,0.496106718438879,0.577276223738288,0.276991879048648,0.483267060910378,0.423186985950001,0.567176778197936,0.376033415585142,0.701620080992582,0.262298340525304,0.312230211473369,0.207307647897427,,4.83734568674303,,67578.5084833812
1985-06-01,,,,,,,31.9849359815791,,,,,,,,,,,,,,,,,,,,,,,,,61.98,,,,,70.5276,85.3911501080864,118.691020210681,71.6083196361766,0.572301320869065,0.624322719280782,0.6818496609698,0.470271893227553,0.925213097318878,0.531344782051933,0.596082720182263,0.295488630185276,0.529336065314462,0.427158194696917,0.575229660434467,0.389235795480421,0.70701612260664,0.307260520850366,0.315465352975383,0.202026850454069,,5.22357394819451,,35247.6438282717
1985-07-01,,,,,,,31.7374488173974,,,,,,,,,,,,,,,,,,,,,,,,,65.54,,,,,75.1907,83.9078738090426,118.681577153933,71.6681636531622,0.624323188441929,0.680899168355692,0.752013573557749,0.519641753259153,1.0186211642645,0.566754534396548,0.628563090105226,0.413226228163928,0.568232525732394,0.441127646184494,0.606263201700762,0.433678204229423,0.71698050839134,0.352971697738724,0.319130123963544,0.20903663505103,,5.87403621883381,,56964.8025128313
1985-08-01,,,,,,,32.4767488739859,,,,,,,,,,,,,,,,,,,,,,,,,69.31,,,,,86.307,83.8834162132952,118.885598051285,71.6028104948843,0.667002456901627,0.744913035170701,0.829209387586892,0.577301846873848,1.11713599020321,0.610963282308532,0.663602740783314,0.515348727511577,0.622433344057706,0.458731332481855,0.637937449705592,0.455865430913435,0.761567511220126,0.319224437359505,0.323870500957733,0.21459007819958,,6.76703060342775,,85606.9584429287
1985-09-01,,,,,,,31.5344666982166,,,,,,,,,,,,,,,,,,,,,,,,,65.35,,,,,85.9856,83.2602423037678,118.380590411231,70.8068206783066,0.723619671520095,0.803474306075253,0.893104156470687,0.619643262724642,1.20621316642017,0.66021794849811,0.704413259094545,0.0927223090155859,0.707163793442295,0.474957926931649,0.665697976505083,0.473090627140278,0.796136784399974,0.353344082415018,0.329304138949023,0.254653914102685,,6.95203603605991,,68656.9347174415
1985-10-01,,,,,,,32.093897121107,,,,,,,,,,,,,,,,,,,,,,,,,61.95,,,,,91.256,82.081369373664,118.943778514402,70.3127701948569,0.776000226587314,0.864793898782462,0.946820080023574,0.653275810770336,1.25271024581245,0.701745486400823,0.73898501851202,0.222625577004928,0.758692190780373,0.490314410233911,0.699723961969046,0.513606661366048,0.811655196709706,0.407248695088758,0.332031515150757,0.309323383257498,,9.14569355595434,,145935.263156717
1985-11-01,,,,,,,34.1899119405696,,,,,,,,,,,,,,,,,,,,,,,,,64.31,,,,,93.5972,84.7540124083755,118.6499637625,71.4391159259111,0.84949054352806,0.93941443505328,0.990135917722367,0.697924874841286,1.28760335864566,0.798338628449047,0.776236847273615,0.280893976605168,0.879822469093579,0.505069474828908,0.73381566046498,0.572296843102772,0.837212102989816,0.38841164504691,0.336033653252154,0.572296224706217,,10.2048111434015,,210929.184825276
1985-12-01,,,,,,,32.9013311580676,,,,,,,,,,,,,,,,,,,,,,,,,71.65,,,,,95.6431,82.6395057592548,117.943165662279,70.0588382125649,0.776940594059535,0.866830638868482,0.949993916266855,0.662671242083202,1.28414366308209,0.711102636624169,0.792355107288008,0.310875399476701,0.723756762695837,0.569240430903679,0.756531729036606,0.62286650252856,0.855717991569541,0.404975943225621,0.451910216574918,0.319134687770938,,11.4122285348977,,226778.008276108
1986-01-01,,,,,,,35.2775910772216,,,,,,,,,,,,,,,,,,,,,,,,,72.15,,,,,96.9711,74.4943452261635,117.477714372696,62.8229543992442,0.775695294150637,0.857991204396614,0.957949668189105,0.657437370933165,1.26825769450739,0.689410458901453,0.81776495365128,0.299135113524924,0.696129089363288,0.621362157393532,0.808811942256099,0.640214135984291,0.913008526827737,0.393573595940222,0.512860429057988,0.318926896077015,,14.2776897542458,1863261.22823891,378601.996303876
1986-02-01,,,,,,,34.7514435522501,,,,,,,,,,,,,,,,,,,,,,,,,72.49,,,,,103.7211,63.9004145037063,117.277242854129,54.0879220999172,0.790891256111986,0.875357882796095,0.970469609477638,0.678015899095836,1.29590443484069,0.722468858237854,0.852072052857301,0.31164614273305,0.711042094270439,0.638998875229073,0.816542660815032,0.605992788773592,0.965236462301172,0.40498657443879,0.526198155459474,0.339747117658869,,13.7073846765434,1913065.1234685,505797.318832476
1986-03-01,,,,,,,35.364089736584,,,,,,,,,,,,,,,,,,,,,,,,,77.5,,,,,110.1404,59.1322716791964,116.84985790125,49.9911500937994,0.830433137972876,0.91499907390027,1.01207911871412,0.712084760700344,1.3451452628473,0.757683511031958,0.878267721644861,0.348906047151951,0.753299884532708,0.661219425947436,0.845246057131737,0.624935775062378,0.997597479550945,0.445547864869724,0.541815349424874,0.385762217501695,,13.2991464677169,1908087.55271583,759587.61577141
1986-04-01,,,,,,,35.952518362576,,,,,,,,,,,,,,,,,,,,,,,,,80.5,,,,,112.0406,56.929356012488,116.442838129674,48.3574462363032,0.884890522166842,0.976617841981613,1.08703210844873,0.773518671983134,1.43197522973218,0.802750196661217,0.907996422137597,0.396120527707394,0.807164701532451,0.689290223124833,0.876407942016231,0.639714070788452,1.03462175849989,0.459760032399864,0.557487609242443,0.386045055106634,,13.3449269610123,1939317.14288964,406402.925472465
1986-05-01,,,,,,,34.7152192598555,,,,,,,,,,,,,,,,,,,,,,,,,80.5,,,,,114.8355,56.212890798692,116.150336662951,48.0347769498069,0.965091507756152,1.06563859475129,1.19079787401426,0.86314447811453,1.54693426376243,0.862837129443313,0.938754929225915,0.440396995154775,0.886537221931172,0.723626290692546,0.930934846444693,0.72412450223171,1.0711835805773,0.4990291981768,0.571996644391326,0.403835945059156,,15.3235708911763,1986341.5948261,112367.17037366
1986-06-01,,,,,,,35.8905093561108,,,,,,,,,,,,,,,,,,,,,,,,,84.63,,,,,115.146,54.372526925889,116.064782473495,46.386520227433,1.05897729817346,1.17646699758526,1.32127512140391,0.96081282404065,1.70955264274536,0.942244689655373,0.993028374070979,0.478744261987358,0.985814305654763,0.751400133528971,0.980652606531028,0.783418346439197,1.1121795435132,0.555551240897337,0.585373562598329,0.408892398063761,,16.558674347131,2176601.15794122,168194.029449191
1986-07-01,,,,,,,35.8434787668703,,,,,,,,,,,,,,,,,,,,,,,,,90.08,,,,,121.3494,51.9305152052684,115.90795521197,45.3393702061671,1.14440124919264,1.27218529953757,1.43822774757869,1.03684364072245,1.87460753136108,1.00539957213924,1.0412076227279,0.584618921765296,1.06161503025765,0.787243342866859,1.03510219749706,0.808905924203572,1.1744129122364,0.62779934389978,0.601681249210628,0.470109502394744,,19.8068004442544,2546242.5746552,171889.189810629
1986-08-01,,,,,,,36.1963985709612,,,,,,,,,,,,,,,,,,,,,,,,,95.17,,,,,126.2962,57.6342116305962,115.898717591594,50.2778248335916,1.25689153427722,1.38270052607549,1.57614690298261,1.14218589151575,2.04545040730828,1.07396933096567,1.09129350124963,0.680713046569694,1.1479419445579,0.916192983556698,1.0829087312962,0.862076900452393,1.23154762800006,0.800453544979603,0.759290947010334,0.781276835630877,,22.2104294129703,2705276.09031966,133348.728314094
1986-09-01,,,,,,,36.1996221292835,,,,,,,,,,,,,,,,,,,,,,,,,100.89,,,,,130.7686,59.4405330996509,116.221691938021,51.3724432541594,1.37232458918206,1.50438086020173,1.72641222152867,1.2516832640593,2.23744724908314,1.15151776956451,1.15508269640159,0.368913810970049,1.26142594408013,0.973815586146518,1.14897148504398,0.929540549318444,1.29399865233558,0.8788338110421,0.825918358733055,0.837080096755917,,27.3016706354194,3611337.86209042,156446.925935727
1986-10-01,,,,,,,37.0578257043588,,,,,,,,,,,,,,,,,,,,,,,,,99.66,,,,,133.8353,57.8922221018072,116.434278795772,50.918114465189,1.47719483061882,1.62747778374548,1.86326142353795,1.35277722349738,2.38475666058466,1.22654780343193,1.22457662360626,0.481948064479823,1.34970953100382,1.01044016736934,1.21000922599567,0.953594984446726,1.3613431282289,0.954817967787545,0.852058487311174,0.896788444906176,,33.7812905502429,4081666.70157152,230289.760789038
1986-11-01,,,,,,,35.6778531551534,,,,,,,,,,,,,,,,,,,,,,,,,95.61,,,,,132.6815,58.6096857430649,116.869408401286,50.0600711584496,1.59779138697015,1.76253816939666,1.98722383809494,1.4534361555827,2.53373621947514,1.35625668611526,1.28186779873085,0.542882642759156,1.51746932454472,1.06625582405774,1.26771419768785,1.00506196075786,1.43710307950258,0.992375502950149,0.945279237271334,1.16150328848806,,39.335410304144,4725310.81584141,346223.133899283
1986-12-01,,,,,,,36.2899296210371,,,,,,,,,,,,,,,,,,,,,,,,,99.28,,,,,132.7156,60.7136879927118,117.000987509981,51.9837399988459,1.59621457896457,1.78538332031991,2.05117587332593,1.47989027745767,2.6786435172942,1.33028001925209,1.346816449165,0.590014549922345,1.4355287121279,1.13212319145286,1.34293703055789,1.07378280536842,1.53935307153068,0.972398881809203,0.973471750900671,0.92173238744272,,48.305069056002,5433727.9099551,412754.641212092
1987-01-01,,,,,,,30.426232152605,,,,,,,,,,,,,,,,,,,,,,,,,96.74,,,,,136.1684,63.2421708749653,117.387608987708,53.5371499168999,1.64271347129732,1.83204731402343,2.11932653013661,1.46524267643626,2.8130450797406,1.37135897467623,1.40475049998626,0.622960379012511,1.49443866544644,1.21023265593917,1.46273168591257,1.13395556742192,1.66836054894302,0.94039126823052,1.00163644394728,0.959019281599871,,61.3669516975215,6265463.52948744,380980.549534907
1987-02-01,,,,,,,33.4654153789197,,,,,,,,,,,,,,,,,,,,,,,,,96.71,,,,,137.4009,63.9819056707368,117.811989274061,53.947889615304,1.73269034232602,1.93207924412088,2.2476462714977,1.58403429346095,2.98105310394901,1.43947016117824,1.4534086393671,0.643580430946034,1.55026287247273,1.2949969950679,1.598194654362,1.32236539467912,1.79705802776238,0.945099966779187,1.01049217701901,1.00247324584595,,79.1215712335734,8112053.16170168,482552.585097121
1987-03-01,,,,,,,35.1758883416397,,,,,,,,,,,,,,,,,,,,,,,,,95.55,,,,,139.0916,65.9200331561608,118.365256278116,55.2135070151277,1.852333047729,2.06326663967743,2.40936466105782,1.69708092901938,3.19444056662089,1.52177692010407,1.52239647092365,0.691273859173169,1.65224773310332,1.37271008635658,1.74216207588983,1.45397864355948,1.94462836957688,0.994122235158608,1.02303088686181,1.08011495098316,,99.1487731204796,11196133.2570121,1311388.74585307
1987-04-01,,,,,,,33.3517777635209,,,,,,,,,,,,,,,,,,,,,,,,,92.97,,,,,139.2941,66.7714983301579,118.966541002311,55.6016815351652,2.0309136155111,2.22665051454157,2.59717233397368,1.82242686017728,3.45072862738125,1.64891233362626,1.61166368679051,0.75435775179823,1.8140825454142,1.56344744024464,1.8949655742394,1.53328894424427,2.12854796995451,1.1987919957742,1.29314105685379,1.13340345465966,,128.044192896574,14576440.4858924,1688694.14737611
1987-05-01,,,,,,,35.8020194006599,,,,,,,,,,,,,,,,,,,,,,,,,91.5,,,,,139.2732,68.1177751960293,119.822171030727,56.2801028636605,2.22296425170359,2.42806462738685,2.84119674083955,1.99411361136767,3.77938683258948,1.77578966201883,1.69256915411845,0.816495722931339,1.97683028770421,1.70393463621106,2.04168259789042,1.62018269282539,2.3270346408116,1.34917772075603,1.32576404576085,1.44857578155963,,145.325420385725,16205279.6141462,1737093.55667825
1987-06-01,,,,,,,32.7933501645145,,,,,,,,,,,,,,,,,,,,,,,,,91.64,,,,,137.1388,69.8844852944702,120.448385834764,57.7481335469076,2.41970482293215,2.65440595303469,3.12256962165142,2.18995915130493,4.15407833693989,1.91722434399292,1.7871100684149,0.890172670866187,2.15530547991791,1.80627735640055,2.19098715020252,1.64664453951343,2.55420433373125,1.46958065849306,1.34091003439461,1.64762180466411,,164.149035065037,20783963.3816843,1849182.56070614
1987-07-01,,,,,,,35.417097083222,,,,,,,,,,,,,,,,,,,,,,,,,91.26,,,,,132.4679,70.6781695533432,120.729130639568,59.1540510448074,2.65071456910134,2.92417180839213,3.4448238830703,2.40159732098519,4.6038106674624,2.10517980592328,1.88866439224552,0.98772133629771,2.41135469443319,1.92078260769395,2.37051689515902,1.75916001894041,2.76496999566961,1.58620273905252,1.40966120009277,1.75328512357067,,230.229411028648,30698039.7494454,1969729.70378155
1987-08-01,,,,,,,35.2270161030806,,,,,,,,,,,,,,,,,,,,,,,,,90.22,,,,,129.27,68.2250551707188,121.041954615985,56.982406670364,2.90010594320798,3.1822837876101,3.74476989710958,2.59510075548414,5.02872607248155,2.29548542067001,2.01709596353739,1.12667491939771,2.65404314310522,2.14064743169207,2.57678042115766,1.92642938426023,3.02300543748976,1.8081399290531,1.71192874270487,1.8757490094493,,282.895536719217,36148010.2679672,2258820.15189504
1987-09-01,,,,,,,36.4694429915064,,,,,,,,,,,,,,,,,,,,,,,,,89.93,,,,,130.3209,68.6278699779527,121.330525737052,56.8262230559357,3.14406822066889,3.46379793850169,4.09816820677446,2.83552184049781,5.50837595606268,2.46630894207582,2.13763950527747,1.05336955207358,2.87431237063964,2.24717248975824,2.77867964479576,2.05478311591718,3.25947077210168,1.85132811677267,1.7237985977389,1.94709820002378,,330.028843708239,52748870.2042026,4341434.57980203
1987-10-01,,,,,,,37.7496489830853,,,,,,,,,,,,,,,,,,,,,,,,,90.1,,,,,126.9016,67.2330077903368,122.007292657107,56.0681863544027,3.43184409886335,3.78591432258523,4.4559937192436,3.07080934550023,5.98648456638295,2.70703655623698,2.29196396515632,1.15613942143387,3.1956786765033,2.42116927968793,3.13191011983798,2.40377893598818,3.57217687633971,1.93615851956439,1.73272556831391,2.07480697804389,,194.124814031505,31565715.5869775,2975571.91757781
1987-11-01,,,,,,,36.2968302874844,,,,,,,,,,,,,,,,,,,,,,,,,103.91,,,,,129.0206,67.5612634723982,122.443006141119,55.151458097429,3.70402330208221,4.14890388789126,4.86921517442496,3.32683825203376,6.59585928280278,2.98233553427103,2.47275190984263,1.24134791598323,3.541988699561,2.47135293167502,3.24958048031978,2.4061829122095,3.80579398945881,1.92379894681753,1.74122982142405,2.3227282744419,,107.943655010758,19357523.7226845,2541670.16181339
1987-12-01,,,,,,,35.8586054082302,,,,,,,,,,,,,,,,,,,,,,,,,122.04,,,,,135.8289,63.2569507270879,123.177644603416,51.4081266057223,4.11903199051312,4.55328573767668,5.32099246126778,3.51013842247773,7.42567527885337,3.29253094845555,2.65621528302633,1.3058514042715,3.9644627896924,2.98066695543565,3.58570193170794,2.59169597972679,4.29736770952894,2.52061153320945,2.4021744829508,2.58010058192767,,109.3623592929,18265407.43397,1199176.27307074
1988-01-01,,,,,,,24.3200943346821,,,,,,,,,,,,,,,,,,,,,,,,,157.07,,,,,129.5655,65.1584782972124,123.624377378106,52.3944631157634,4.64394165907225,5.02650300472681,5.92089087113507,4.00071527805158,8.06975488821107,3.60565064904546,2.84155452020413,1.63663598050046,4.38901644555566,3.65061638081834,4.17366218594594,2.86083552419863,5.03120597943711,3.21110763966745,3.08509323759215,3.48686440252568,,144.542400879759,28646772.264121,1287351.02475889
1988-02-01,,,,,,,25.1987986766016,,,,,,,,,,,,,,,,,,,,,,,,,153.52,,,,,120.267,64.4122016450346,124.236161440757,51.541324462858,4.99631257545761,5.50201174211865,6.5568261194228,4.42870883854179,8.97769964604874,3.86260756338424,3.06678165178756,1.77523569440052,4.6368282863982,3.7521617348031,4.31456646979239,2.99488931231123,5.23764048357282,3.20171211340949,3.09888323242403,3.54764470583915,,204.420183748419,35400213.4245791,1561067.53183463
1988-03-01,,,,,,,24.3695811953848,,,,,,,,,,,,,,,,,,,,,,,,,96.48,,,,,117.731,64.6407472075346,124.637511292455,51.5368267418336,5.25903338527549,5.83317805954553,6.92375926896658,4.6249881099175,9.55574546367496,4.12795930696136,3.37066148732097,1.8710937727193,4.91831477791234,3.86382057742088,4.54685838371125,3.23473771259265,5.45081849917515,3.24269581885805,3.11577990984164,3.60710312176417,,176.680617450886,34895754.1547635,1604066.69238131
1988-04-01,,,,,,,24.7073020108396,,,,,,,,,,,,,,,,,,,,,,,,,63.5,,,,,115.6377,65.5823368957626,125.511652723431,51.8577421092627,5.44240387256334,6.01361241162988,7.07954563307075,4.70289149732613,9.80554075355816,4.33833224741108,3.65147617444811,1.95926672979629,5.11433198766338,4.00560848497389,4.77237543146858,3.4619280090255,5.65386011420394,3.26930458211991,3.13142257414403,3.61821674124039,,160.053791189111,35018378.6745343,1212163.70294871
1988-05-01,,,,,,,23.7422713382913,,,,,,,,,,,,,,,,,,,,,,,,,53.12,,,,,113.3594,65.274257696967,125.967749555868,51.323802586373,5.58850964943757,6.16899899346562,7.1816367832467,4.77342153427655,9.95042701524161,4.55263853920091,3.95530821457289,2.07554382294707,5.29264711723891,4.10091733864241,4.92490099749032,3.65252585259188,5.80581631268803,3.30865209915494,3.1425580053058,3.64779856325513,,184.279733834485,37476577.0781293,1078965.83368081
1988-06-01,,,,,,,24.0376760978484,,,,,,,,,,,,,,,,,,,,,,,,,40.41,,,,,109.4543,64.2650698877334,127.020646491453,50.4307728825726,5.73429347048919,6.29842486798615,7.26011948263197,4.81696851676721,10.0706969502019,4.74840554058999,4.23781847129676,2.15816299535509,5.45577467681159,4.25748063650448,5.29222785331524,4.08641969868471,6.07258547358325,3.3408652732502,3.16301824835134,3.65339702068387,,184.445292391891,37679260.3425353,2081904.94956866
1988-07-01,,,,,,,24.8372599633256,,,,,,,,,,,,,,,,,,,,,,,,,40.32,,,,,105.0227,63.463548543973,128.26835343301,49.8645346354905,5.86728253823367,6.40586602066511,7.31887272103513,4.8807505574766,10.1123906578813,4.92094450831953,4.53027113089251,2.28197609727258,5.57049245175179,4.42460496239833,5.65829726129238,4.15773656839403,6.64658022791332,3.39756904358954,3.18408896887777,3.68676988589444,,188.312133065306,38259581.784674,1819756.33439867
1988-08-01,,,,,,,20.4814800043919,,,,,,,,,,,,,,,,,,,,,,,,,41.34,,,,,103.5539,63.4238697436169,128.988297303455,49.5659222946187,5.96564517167891,6.51413060033263,7.37724371340802,4.92318289583741,10.1866915332075,5.09507743123011,4.81258462427985,2.39318315925753,5.69735642112152,4.47944902261823,5.74390028476991,4.30684785995631,6.73504035288311,3.425665133226,3.20243218562831,3.72626978455859,,191.412422153283,40156697.85083,1850501.12513297
1988-09-01,,,,,,,20.2289176596075,,,,,,,,,,,,,,,,,,,,,,,,,41.84,,,,,103.5706,61.8372090006841,129.437745810382,48.000182208765,6.06030007900915,6.57975852458771,7.35431912995477,4.92305529301707,10.1305086735272,5.28150855997628,5.09087996812389,2.70372701036716,5.81454150342606,4.614974703916,5.99763763678165,4.71669115409685,6.83583919078747,3.47182067280265,3.21234413858368,3.80484694521468,,192.597140278572,38979668.2582652,508747.169568766
1988-10-01,,,,,,,18.5547077446942,,,,,,,,,,,,,,,,,,,,,,,,,44.51,,,,,105.1657,59.0167235246743,129.736278457513,46.2368429928202,6.13971169837742,6.64517830433749,7.33536454419276,4.94663174251334,10.0470832997989,5.43801969237703,5.39112407968345,2.80346481113975,5.90934511659053,4.69750713960672,6.20772013847828,4.83731290680357,7.04255587671017,3.5180730621189,3.21389186642522,3.87611136871768,,194.833066594863,43290832.0973209,871696.586810086
1988-11-01,,,,,,,10.9131422402205,,,,,,,,,,,,,,,,,,,,,,,,,50.0,,,,,106.5602,62.9493015127164,130.024700325807,48.4191589005962,6.21250758723674,6.71204731946057,7.3442925433921,4.98546000458017,10.0031441304661,5.59917822859613,5.62581818022875,2.87963286797251,6.03022124993242,4.78351059060736,6.44492874040238,4.95533247761435,7.42976912312695,3.48092575051124,3.21646244645935,4.04865059843146,,221.557012578755,48544262.0677235,2335259.17351736
1988-12-01,,,,,,,12.5997755540412,,,,,,,,,,,,,,,,,,,,,,,,,52.3,,,,,104.5994,65.4452897152535,130.665539763818,50.0773130833367,6.23324872812997,6.74746962014666,7.34031376113918,5.02874692547548,9.94923302639016,5.66317856747948,5.86066858966489,2.95034464673637,6.00067329535636,4.81269136173862,6.51130494201113,5.0825317507972,7.50713022835656,3.38698903526021,3.08148764951054,3.79102615755804,,221.18007714931,48605658.931886,1455860.78044095
1989-01-01,,,,,,,11.2996084435296,,,,,,,,,,,,,,,,,,,,,,,,,50.78,,,,,101.257,67.5222413054044,131.765954318783,50.9683124885839,6.26128174398834,6.83294659413456,7.35545153341768,5.07651484104358,9.88332728241414,5.86683187395298,6.1717130260413,3.0639549993993,6.188647094056,4.80025767728068,6.50108412108191,5.0263529880564,7.42586819572897,3.29947392653461,3.08680529947289,3.76142764723576,,220.104846820219,31565603.6914932,1221896.30638945
1989-02-01,,,,,,,11.8903829924528,,,,,,,,,,,,,,,,,,,,,,,,,49.15,,,,,101.0364,69.6684060996479,132.072976986822,52.5254979570782,6.30931599889731,6.91612085730561,7.3590170121776,5.10199717439831,9.86806563572883,6.09075256531311,6.47152429205046,3.16697628023072,6.34217232499364,4.79133451482083,6.4374478312077,4.9453166303376,7.48720578575683,3.25058437217359,3.09810355614888,3.72932363234503,,217.022065557257,31255401.2595724,484311.721126019
1989-03-01,,,,,,,11.8598275174205,,,,,,,,,,,,,,,,,,,,,,,,,47.79,,,,,100.9411,71.2439661676949,132.860463836327,53.4819383203725,6.38488001188547,7.01702060520016,7.40102426234606,5.14532465306486,9.90107918598014,6.26949929435561,6.70086125219595,3.27113779666191,6.51510476097219,4.82338975140317,6.52786816252425,4.98748309704825,7.59573512609583,3.27824919789733,3.11555092003845,3.76379835089654,,234.363799188183,33610666.9939631,1144940.49229935
1989-04-01,,,,,,,12.065636034962,,,,,,,,,,,,,,,,,,,,,,,,,50.09,,,,,101.3574,72.1928358778204,133.111881283683,53.8904816138702,6.5063983402065,7.11972170380946,7.47341610219044,5.21004809544535,9.97246902656701,6.40072577653939,6.91203690472744,3.37798710848956,6.61629680403585,4.94155999169082,6.66211698273074,5.12841794301221,7.68672929875442,3.34360276745602,3.13279576911305,3.84052345192382,,268.768339174342,37546965.8112366,859948.171491136
1989-05-01,,,,,,,12.3380673989143,,,,,,,,,,,,,,,,,,,,,,,,,51.83,,,,,99.1265,71.2200731325942,133.483435488893,52.8366843835648,6.63616644229461,7.23016267649078,7.5374307982312,5.27262729664376,10.035526861238,6.56698459403551,7.15699837043725,3.48541292895942,6.74564784460134,5.0888815654904,6.89871398886493,5.56110615225663,7.79939535027567,3.40499873442019,3.14873700648539,3.89657633120507,,285.467110028305,41468000.680966,1154559.79478594
1989-06-01,,,,,,,11.7166683501066,,,,,,,,,,,,,,,,,,,,,,,,,56.68,,,,,97.8152,69.9419290991685,133.222093709169,52.4870656227635,6.74670065249737,7.33763169220993,7.5950678801344,5.31594710495403,10.1060212621398,6.74010151959986,7.40196689847703,3.59394357530007,6.8872724843926,5.17620205845065,7.1336408019071,5.83787231623059,7.92032237559149,3.42202351009617,3.16663123696527,3.91975080739248,,339.01947933794,47132393.1673425,2381792.56785372
1989-07-01,,,,,,,12.7765352578857,,,,,,,,,,,,,,,,,,,,,,,,,47.03,,,,,100.4449,67.909314805739,133.032510453253,51.2823598161621,6.85505184975207,7.4519841709731,7.65748322223002,5.37512046273158,10.1638682007852,6.92241527188814,7.66144164111609,3.68046324123386,7.04215562042681,5.24566336029366,7.27641645391824,6.14690229677544,7.97553851399056,3.48742916245709,3.18818664873331,3.97241202589758,,351.364594889202,50369475.151016,3320312.1939246
1989-08-01,,,,,,,13.3075941504045,,,,,,,,,,,,,,,,,,,,,,,,,34.76,,,,,100.1042,66.6469499907219,132.932440922182,50.4651964690415,6.97064931801925,7.58204151040453,7.73888562514567,5.4597878508614,10.2284842561653,7.11545148694658,7.93416741123416,3.7827507114026,7.20692677326575,5.29730931721747,7.33552559005375,6.30928721097138,8.0294712020256,3.55733566082801,3.20254631993045,4.06260102632372,,389.035644124413,52662219.5551984,4325275.18566747
1989-09-01,,,,,,,13.7102908374091,,,,,,,,,,,,,,,,,,,,,,,,,34.35,,,,,99.6116,66.8014726887969,133.133662227947,50.4234715584968,7.09362542612796,7.73562931040159,7.85104977963611,5.56541329572454,10.337207633111,7.31995997010957,8.24020401102234,3.60609290809513,7.4018624263536,5.32012317722227,7.32214726094454,6.10675776939677,8.09713793225534,3.64108184517936,3.24218247804658,4.16776339789611,,426.395760468305,61693292.1599027,4351612.47036667
1989-10-01,,,,,,,14.8419766588372,,,,,,,,,,,,,,,,,,,,,,,,,37.92,,,,,101.6471,66.5883414889024,133.232746101663,50.4918351707096,7.22937041059324,7.89132326785596,7.96021429649269,5.66844610416102,10.4569924392652,7.51044288367441,8.530772207495,3.70313792575369,7.56308247357807,5.36618017699077,7.39386089703198,6.10635154635052,8.181407273948,3.73102938466316,3.35052294062525,4.2287519160227,,400.188684045742,57142009.8824426,5875549.28731374
1989-11-01,,,,,,,10.9749221643127,,,,,,,,,,,,,,,,,,,,,,,,,38.99,,,,,101.8439,68.5503200165788,133.33547911453,51.4840010280631,7.31120640166468,8.02478647821299,8.05762511505533,5.72856771404844,10.5722411906832,7.70713551909356,8.80368513213688,3.79398736313621,7.72209639215216,5.36409601839775,7.41613146916067,6.0434555040862,8.3292484500896,3.69902135123883,3.3780459901461,4.36341873746389,,375.944471396196,56196638.0384216,3352767.62428231
1989-12-01,,,,,,,14.3309192534877,,,,,,,,,,,,,,,,,,,,,,,,,40.55,,,,,101.3978,70.1091449450696,133.600082836015,52.4189148901004,7.44983222109656,8.17088627716016,8.17670616670613,5.88106239617483,10.6528180946499,7.88788307157663,9.06600474387652,3.88455008142738,7.87213291344592,5.50341116316988,7.46569096138527,5.81316460098643,8.57018510347464,3.84634667343675,3.42785984661354,4.50673031305725,,436.877547470051,60357321.080952,5655757.18710124
1990-01-01,,,,,,,14.9526158777914,,,,,,,,,,,,,,,,,,,,,,,,,41.29,,,,,99.588,71.9991988423602,134.221034597715,53.4136707775719,7.67511197109052,8.36488346898374,8.32174248479051,6.06112571098902,10.7100625759837,8.1414552268051,9.35195695736557,3.94397188628863,8.16504229877495,5.91819123585689,7.84138435932253,6.44340934777997,8.70062416328002,4.22776093214375,3.45754882166317,5.80399717706392,,466.68837872948,63379904.4293677,2825931.12804083
1990-02-01,,,,,,,15.2161910451234,,,,,,,,,,,,,,,,,,,,,,,,,45.2,,,,,99.1407,71.8871668220143,134.070928593538,53.4552852106021,7.82191685089852,8.47223614334505,8.38771105585618,6.12397022658512,10.7672376013535,8.32928315394295,9.60807143787116,4.02590304900296,8.29362598574004,6.15423861028819,8.2529605999368,7.35440600782575,8.87225180462749,4.21761244533273,3.46825654976164,5.8942329582266,,501.19545034034,66774071.0436637,4677002.65070113
1990-03-01,,,,,,,15.768351609935,,,,,,,,,,,,,,,,,,,,,,,,,46.65,,,,,97.9166,68.9787077866005,134.27613264723,51.2946636044812,7.97354106066802,8.61827300784985,8.48182647610943,6.2278918147002,10.8345981355908,8.54491835877483,9.8941187449026,4.13394530817086,8.48903536960587,6.33361402034438,8.67551702201225,8.12360734460352,9.07294736519212,4.24419140723015,3.48219241543856,5.92828043902484,,489.837162590284,67623318.3069168,3745384.22054424
1990-04-01,,,,,,,15.8286311202785,,,,,,,,,,,,,,,,,,,,,,,,,44.64,,,,,98.1292,64.5418123931173,134.497640545541,47.7940967081098,8.12915415210075,8.81244823401859,8.62183233254935,6.36136922609118,10.9678332696532,8.79630975580733,10.2455705611755,4.26570655847818,8.71111768490519,6.35645085978711,8.58886692448883,7.42668908854117,9.33897750930099,4.32449851329535,3.48842200486884,6.02682668202006,,529.249464829945,73326122.0587364,5002402.29280841
1990-05-01,,,,,,,15.7577584823411,,,,,,,,,,,,,,,,,,,,,,,,,36.92,,,,,99.1225,64.3530601810567,134.581482619632,47.4556394505258,8.31183178783008,9.04395258011565,8.82184395923458,6.55073174410682,11.1584277049168,9.06417132861201,10.5724254220082,4.38240436173086,8.96765085076585,6.38352370912863,8.52960872086401,7.02091770913355,9.52463834709898,4.44173883712775,3.52847212325971,6.18322581360671,,600.577833896801,80529855.6271668,6929228.77822236
1990-06-01,,,,,,,16.3461843279439,,,,,,,,,,,,,,,,,,,,,,,,,32.38,,,,,97.8908,62.4167585228479,134.738746944577,46.3537529658769,8.51976085354275,9.29992503188116,9.06750515556908,6.77845371635424,11.3975020185536,9.32584572876607,10.9226539978542,4.51579307793808,9.1971624645146,6.44650614121659,8.42408657442567,6.61192716091412,9.58053966060727,4.7008368920053,3.83152445715178,6.42654958211575,,598.260217618047,84408680.0128362,5184465.86313509
1990-07-01,,,,,,,15.7418274578905,,,,,,,,,,,,,,,,,,,,,,,,,30.66,,,,,98.7806,66.3381928641879,134.808500652575,49.2905656735145,8.71656151831607,9.53027200195271,9.27975044420542,6.96445969807539,11.6215422948571,9.57140180529817,11.2830481052177,4.65026515627418,9.39692078181752,6.53894578398443,8.53607641465854,6.76068124321976,9.69419435971415,4.82146215576512,3.85369048022513,6.63927169543395,,666.917579785352,93035452.0701174,3151373.77821011
1990-08-01,,,,,,,16.1280767293105,,,,,,,,,,,,,,,,,,,,,,,,,29.72,,,,,100.5097,79.5424665108067,135.527836563302,58.9724942253294,8.91302926783058,9.73885084262104,9.45904360159462,7.12937131637163,11.7975629931841,9.81271250130074,11.6414564734076,4.78563914729453,9.5882473647111,6.68146226631884,8.7593213598456,6.96189219481534,9.98043977837843,4.91237114432439,3.87493528610323,6.76555843976523,,568.859948951771,83487045.9474664,4147030.41699005
1990-09-01,,,,,,,20.0223572981598,,,,,,,,,,,,,,,,,,,,,,,,,30.14,,,,,101.6499,88.0971905568365,136.371407445246,64.7920103746642,9.084246971429,9.91896725185597,9.59804175339382,7.23940133327119,11.9639727531417,10.0425813627746,11.9906723673683,4.91902936758255,9.77265002223255,6.81432124366921,8.95737253020633,7.09148513543942,10.1709978922453,5.01056574339543,3.91141649733042,6.88939737970994,,533.214265557756,85068173.6508512,4669497.49989589
1990-10-01,,,,,,,17.8295961423684,,,,,,,,,,,,,,,,,,,,,,,,,28.7,,,,,104.2062,86.2947773295075,137.311271792612,62.9167833966219,9.24648496271805,10.0976057665672,9.74208159211232,7.37523443112987,12.1336352615461,10.2390743479162,12.3410730262392,5.035907310991,9.90799247491788,6.88647710513912,9.0934721773739,7.26415983355736,10.259886505789,5.08482628603197,3.95112246078168,7.05865811872682,,617.880431514721,90770533.697696,4981959.16529974
1990-11-01,,,,,,,20.4789108838357,,,,,,,,,,,,,,,,,,,,,,,,,24.82,,,,,103.3488,84.8983038653215,137.306262012904,61.99139207096,9.46383001869067,10.3427029173651,9.92899813777483,7.5361015558455,12.2954248146754,10.5448201818302,12.7063178288778,5.15171487023368,10.1999033345253,7.12721830082286,9.27667983351259,7.62862318071779,10.3712772966135,5.35227529636801,4.37438659342057,7.35665998600077,,619.054621991234,94634130.5743465,4634907.81504087
1990-12-01,,,,,,,19.7078030659245,,,,,,,,,,,,,,,,,,,,,,,,,25.99,,,,,99.7171,78.0369156760418,137.248331308148,56.796730056804,9.65940660559392,10.5480010358728,10.1200699710296,7.73168396460088,12.4913469727203,10.8250014184846,13.0522353185441,5.31721752465464,10.459485083278,7.25571133865946,9.35546280448173,7.53201060161542,10.4995730519924,5.5187501338171,4.46721123898796,7.43849780691642,,644.891100026757,95433632.6563092,3996559.51907925
1991-01-01,,,,,,,21.8736299901809,,,,,,,,,,,,,,,,,,,,,,,,,23.64,,,,,97.9159,72.2065993226905,136.966682055608,52.5224723539823,9.78938016398186,10.7283476215878,10.2467192818314,7.81662101384019,12.6478636146974,11.0586891976293,13.395242312394,5.45741277448517,10.6639338310129,7.37319004750816,9.50703985607258,7.62505962039754,10.71678995819,5.53968758049095,4.48815721695223,7.61510956725834,,647.697505030914,98462707.8257329,2012594.38229392
1991-02-01,,,,,,,19.9555145928915,,,,,,,,,,,,,,,,,,,,,,,,,23.15,,,,,97.8073,67.4852397129936,136.623348928577,49.2384479057692,9.93930102888098,10.9007083538357,10.3813078868467,7.92671266788162,12.7963925030452,11.2794220309756,13.69011922817,5.5814166819024,10.8405944323121,7.4735060925145,9.5431816937252,7.4572820328645,10.9789547532585,5.62353799160319,4.58085561763762,7.79257004734047,,694.242577911721,100963826.821627,4254717.32433262
1991-03-01,,,,,,,20.6792951879453,,,,,,,,,,,,,,,,,,,,,,,,,22.04,,,,,93.5347,68.408089638046,136.30996748214,50.1617299424259,10.0935337631095,11.0729483112142,10.5253229551706,8.05130459406791,12.9513974498909,11.4923508409442,13.9584242229836,5.72267325320235,11.027835953203,7.59402994706161,9.68938634693824,7.77824788775366,11.0090247788452,5.78239898623701,4.70501114586544,8.02567756319505,,795.456194499701,115036306.833477,5030557.64588304
1991-04-01,,,,,,,20.0884468159157,,,,,,,,,,,,,,,,,,,,,,,,,21.12,,,,,91.4418,68.5521931634738,135.983014615256,50.2637122696066,10.2283465957444,11.2171780808153,10.6576696876268,8.16017799475189,13.1048303542859,11.6365182187401,14.1975914207516,5.85655676051418,11.1275191693422,7.68547983086348,9.73927535292909,7.96505969988884,10.9333724688034,5.85233199363477,4.71442879058434,8.12322061147241,,901.05495959774,132541449.743282,7788217.42200367
1991-05-01,,,,,,,19.7887372337295,,,,,,,,,,,,,,,,,,,,,,,,,19.77,,,,,90.8643,68.8977707621899,135.699975175698,50.4246799972589,10.3624041215759,11.341507498174,10.7660898027493,8.24389620498011,13.229694365063,11.7841684322068,14.4133198358953,6.00225770783849,11.2387207464741,7.79825928135455,9.92133392911161,8.31428426782897,10.9628688914972,5.91374702639352,4.72985466271485,8.20642744995991,,1006.39588778683,171684150.336955,8668636.94317368
1991-06-01,,,,,,,20.8831486454743,,,,,,,,,,,,,,,,,,,,,,,,,17.74,,,,,88.8185,68.0510834249504,135.564083840179,50.2543829791871,10.4918674243866,11.4688318622742,10.8732592751765,8.33427071719924,13.3452589529519,11.9354829756859,14.6072761934074,6.15051664924885,11.3662195761674,7.90686422944896,10.1647534924347,8.79055539122194,10.9814366308293,5.93061523765851,4.75423469607915,8.25919613869148,,1045.53302639642,178491408.367274,8615241.03100502
1991-07-01,,,,,,,20.0628497798779,,,,,,,,,,,,,,,,,,,,,,,,,18.47,,,,,88.4219,67.9771840654988,134.978516689702,50.348745044559,10.6235490724978,11.608291096894,10.9817965279041,8.40630135474013,13.4948568228044,12.1089424637633,14.7968590808704,6.27939732703302,11.5404463569216,7.99721609883383,10.3033841983495,9.02195792775057,11.0819479750531,5.99317242402665,4.7779510887942,8.32240301037431,,1190.54586636656,203709420.61944,22851104.4082397
1991-08-01,,,,,,,20.6767369011429,,,,,,,,,,,,,,,,,,,,,,,,,16.71,,,,,89.2298,66.7677273438176,135.638740556098,49.4346896387227,10.7433475712029,11.7473536326451,11.0894997758393,8.48024586422533,13.637264193798,12.2831846578855,14.9810251769135,6.40700700004706,11.7147328063571,8.0580176061018,10.3675879979735,9.08711813025277,11.1919145623546,6.06772903358718,4.79633522555831,8.4153744026907,,1241.05720167365,219992331.154295,9106732.51539516
1991-09-01,,,,,,,18.3052172752057,,,,,,,,,,,,,,,,,,,,,,,,,17.55,,,,,90.5193,67.4776663434218,135.548115716102,50.0061152967258,10.8836541636874,11.917330848161,11.2487572505679,8.60317709841771,13.8336045581405,12.4593940514229,15.1916360003634,6.55789327419092,11.8951120700834,8.11980544539369,10.4169484277284,8.94275654085635,11.3520307173864,6.15708158951263,4.81341543666136,8.54236392743958,,1306.46094806069,244347307.842995,19623923.6240584
1991-10-01,,,,,,,19.3030248065058,,,,,,,,,,,,,,,,,,,,,,,,,17.87,,,,,90.6981,67.4560064451743,135.725886863849,50.0709677662828,11.0453751317518,12.1037992390006,11.4178341333707,8.73958127914647,14.0731100346886,12.6544728792857,15.4206400576164,6.7401475040272,12.0813521023687,8.158994869756,10.5408822076411,9.07343905610206,11.4824437629457,6.18368761223274,4.82375559095978,8.60895966030884,,1388.70883921633,262858327.647843,8178783.39376342
1991-11-01,,,,,,,17.2886749050926,,,,,,,,,,,,,,,,,,,,,,,,,16.62,,,,,90.203,67.3190734109371,135.793556415495,49.6386357500023,11.3020625625055,12.2849864645284,11.5214187312714,8.9161883406385,14.010822219132,12.8584549597565,15.6817120431649,6.84570350552185,12.2658829642673,8.73250372318407,10.5651020416842,8.99648758352592,11.5899465608666,7.23145343663567,5.91118218772213,9.87196449581389,,1366.86449208828,267700265.781998,9511570.36447486
1991-12-01,,,,,,,20.3833126537812,,,,,,,,,,,,,,,,,,,,,,,,,16.65,,,,,89.4401,64.0975371982468,136.069404630827,47.0201225897222,11.4814621958021,12.415485606779,11.7013832030378,9.1434445780753,14.1310522077265,13.0552255558483,15.9675626229174,6.95745636343407,12.4144123966539,8.89484872345563,10.4890637490245,8.54457673351189,11.6501832951106,7.70314257136461,6.31209091644975,10.1777124868713,,1426.93241424196,295440980.767881,12655736.5891057
1992-01-01,,,,,,,15.9088256073222,,,,,,,,,,,,,,,,,,,,,,,,,15.31,,,,,88.3777,66.0605358865189,135.733600176597,48.3960694908626,11.5883331297661,12.5590587268272,11.7464890467726,9.14007758489055,14.2327657156913,13.3148435873216,16.2925492234479,7.11096278384876,12.6688541246978,8.98647174243895,10.6393034303513,9.05538382985305,11.6625697172647,7.67508540571936,6.34562041581394,10.1776322473204,,1665.69089208127,326394583.647853,13529136.6097456
1992-02-01,,,,,,,15.7994027364535,,,,,,,,,,,,,,,,,,,,,,,,,14.56,,,,,86.2608,66.6063661301202,136.152214271658,48.7884843363703,11.7017179852343,12.6612165045345,11.7849709264803,9.13388910929799,14.3333651024187,13.4814408520486,16.5189845844479,7.22414612933397,12.8017445831034,9.13142305173982,10.8714269725459,9.65563940952281,11.6504141771491,7.67556214338282,6.36953022917363,10.2651376578945,,1939.27522630457,379902517.100228,14299084.8411993
1992-03-01,,,,,,,14.5187464423107,,,,,,,,,,,,,,,,,,,,,,,,,11.84,,,,,84.4599,67.5345538230555,136.396056933278,49.4937002125637,11.8227390089,12.7680919980538,11.8463336031087,9.16638430601654,14.424169555435,13.6557799987402,16.7071851695985,7.35528605198789,12.9660674382295,9.2928652332804,11.2122571334785,10.5115928597291,11.6825411074862,7.72098130432105,6.40586968545464,10.3512497328511,,1850.52138784624,406524086.871679,20183669.1763972
1992-04-01,,,,,,,13.8097004368349,,,,,,,,,,,,,,,,,,,,,,,,,12.44,,,,,84.4496,66.9981075859947,136.489484042829,49.009721521091,11.9419293849267,12.8947829968159,11.9205982796206,9.20790871428086,14.5350265170071,13.8465454803842,16.8932095180208,7.49613955561568,13.1728983499424,9.40512900294245,11.2477566552677,10.4464786796531,11.7672279439949,7.80116323120465,6.44262418903278,10.5063199027324,,1835.31903188073,424794006.517861,13926361.6925845
1992-05-01,,,,,,,13.9965637125511,,,,,,,,,,,,,,,,,,,,,,,,,13.6,,,,,85.8513,67.8925787264353,136.989323075589,49.3328726365263,12.0423243360701,13.0552941145583,12.0518941996239,9.29982215319922,14.6932585607205,14.0479664002899,17.0901574984829,7.60967294112567,13.3934020040822,9.33564694786747,11.0101381101428,9.59560198782499,11.8986595702142,7.8832526737999,6.50139804590238,10.6305628617278,,1769.72979365247,422034599.28078,15598239.6663398
1992-06-01,,,,,,,13.5648613060817,,,,,,,,,,,,,,,,,,,,,,,,,15.03,,,,,87.3854,69.3395088056831,137.499190658254,50.4320905387686,12.1387938054191,13.1997185569767,12.1528920816153,9.37919764901766,14.8056268328195,14.2455339678218,17.2934907956655,7.74454356949809,13.598271143066,9.31722160024914,10.9123763661143,9.08792792960242,12.075382299357,7.94783173833215,6.56261605212198,10.7316734922226,,1615.10513701063,408469456.148873,17507862.3347834
1992-07-01,,,,,,,14.4770547342548,,,,,,,,,,,,,,,,,,,,,,,,,16.23,,,,,88.6282,69.2111764747561,137.401183220162,50.3387536980898,12.25418882517,13.3454541045116,12.2615426286965,9.46506941895944,14.9314344281814,14.4308268670181,17.4809022658867,7.93346950511872,13.7856119602115,9.34809837202038,10.8741260597817,8.87983544002455,12.167847690046,8.04556760284791,6.62003928732681,10.8483744983963,,1574.30359163837,396327820.050041,12949873.290696
1992-08-01,,,,,,,13.8868992685587,,,,,,,,,,,,,,,,,,,,,,,,,16.49,,,,,88.2803,68.7589174785293,137.53700005698,50.1210874401414,12.3766495223376,13.4940139602003,12.3718259581305,9.55422712867588,15.0602724993305,14.6210311758423,17.6707473807704,8.1099110808443,13.9762049287927,9.40101997079393,10.8770926225951,8.72608958428211,12.2907792958703,8.15251094363962,6.66790855907201,10.987995032698,,1387.39447366879,354191502.967483,6277673.27183382
1992-09-01,,,,,,,12.4062137247294,,,,,,,,,,,,,,,,,,,,,,,,,17.54,,,,,87.458,68.3712141195739,137.718479130619,49.7859466208152,12.5138612443355,13.6516357385474,12.4817064106715,9.6503084006161,15.1835092188582,14.8351118098512,17.8486990824377,8.96621803087669,14.1636875097028,9.49578855108368,10.9618468403648,8.8111269983978,12.3830798185904,8.24679125617014,6.71482727062113,11.0882409107561,,1381.52715330145,348990328.209462,7573114.84415867
1992-10-01,,,,,,,11.3888316458486,,,,,,,,,,,,,,,,,,,,,,,,,19.39,,,,,86.2347,68.4281108287549,137.915466458282,49.9931961713773,12.6534928295786,13.7869044980734,12.5896238930342,9.72663465021293,15.3608092546574,14.9970028850318,18.004148611221,9.14526500663221,14.3242489113097,9.5806523391547,11.1537023134839,9.05690777861025,12.5058772648153,8.31804883273363,6.75230291629565,11.1558302081054,,1621.68528722098,398743232.181489,14906831.3559164
1992-11-01,,,,,,,10.6043862864026,,,,,,,,,,,,,,,,,,,,,,,,,18.15,,,,,83.0397,68.1015117247862,137.950005446107,49.3977019055424,12.7748023869708,13.9973826423384,12.7168952627232,9.79668548329675,15.5362993244631,15.1854650539977,18.1837190855685,9.25932815945512,14.5289968647924,9.65464664727095,11.2789681123262,9.29633399419602,12.5731000007595,8.35546350637391,6.81105721679578,11.3329342752551,,1689.09632110408,414750031.118227,12140167.8269742
1992-12-01,,,,,,,9.8017655300823,,,,,,,,,,,,,,,,,,,,,,,,,16.88,,,,,81.6362,68.2605679925776,137.998630758843,49.3973370529921,12.8862595892348,14.0483653227342,12.8412491793586,9.91135340519505,15.7205897126752,15.3330508855856,18.2380326107909,9.38293930251356,14.7240811943894,9.7161992202798,11.535005756535,9.74682801158712,12.5496761610502,8.40644426294916,6.76178168740043,11.2286687399792,,1714.1229282123,416930758.945633,9276337.84321563
1993-01-01,63.2738,103.792,32.321,68.1207,56.77,,10.0672512330913,,,,,,,52.53,55.06,56.2,53.12,19.45,,,,,,,,,,,,,,16.72,,,,,79.9239,68.0555069682598,138.203801981499,49.0267706266596,12.9581519358715,14.1418482630299,12.8816778482092,9.92402699634201,15.7893174973549,15.4916764043415,18.3449922287015,9.50614159218636,14.926253298066,9.75145832576992,11.5335495683869,9.86525334574938,12.646394527061,8.4101836247905,6.84799848653434,11.2496952440882,,1664.16030661502,408618349.761832,11268501.794882
1993-02-01,65.7559,104.8162,32.3376,70.0429,59.0705,,9.56731901535944,,,,,,,53.22,55.87,57.37,53.68,19.2,,,,,,,,,,,,,,17.74,,,,,78.937,68.7005288171212,138.327524459206,49.5917180033423,13.027392624893,14.2534789336131,12.9695040814489,9.99994702813295,15.8748930219353,15.6057970611078,18.4616686543533,9.59221767381907,15.0315214102794,9.75310602988344,11.4279742858179,9.48038348925047,12.6999620605022,8.43592799639028,6.9332592396004,11.3098044888483,,1590.76680132938,392430858.377621,7946455.75672822
1993-03-01,66.2249,106.035,32.1504,70.1856,59.7764,,10.044046943161,,,,,,,53.79,56.39,57.94,54.2,20.03,,,,,,,,,,,,,,17.47,,,,,75.0528,68.4258034344259,138.441479744554,49.4336331038375,13.0785255521003,14.3480440404019,13.0376792095082,10.0521374527449,15.9573231579314,15.7382813375452,18.5892932341303,9.76643819364617,15.1645296660376,9.71594088732026,11.3020819923084,9.18694287525461,12.7162970473242,8.46699589040706,7.00461777198226,11.3521464056771,,1751.65943040847,407295873.180773,13041538.1526387
1993-04-01,65.3949,106.6227,32.2493,69.1673,59.2056,,9.23528012431357,,,,,,,53.19,55.59,56.58,54.7,20.8,,,,,,,,,,,,,,16.17,,,,,73.4863,67.9300971514452,138.960197013247,48.8505020600333,13.1240091313665,14.4230671348835,13.0810740764004,10.0634643377314,16.0016883491772,15.8565718889642,18.7294641019698,9.98593664950089,15.2590180052853,9.7827003806382,11.2174186210393,9.06781178003911,12.6995662094859,8.51829658389297,7.08160538030962,11.507300685628,,1675.31365151424,404764793.494734,13975812.4488158
1993-05-01,65.3886,106.1717,32.1387,70.6642,58.8209,,9.619077976992,,,,,,,54.0,56.74,58.19,55.04,19.55,,,,,,,,,,,,,,15.04,,,,,74.1314,67.0574871204052,138.845648742847,48.1742245803033,13.2068778976593,14.47731792638,13.0985949862308,10.0639315755015,16.0138760120159,15.9582645009174,18.8502577569226,10.1868701663075,15.3447963808602,9.91530989249387,11.3725261844097,9.38043267326757,12.6704073188002,8.61459637715453,7.18414545956162,11.6206783136759,,1547.21430881166,387060556.952991,6251783.84118022
1993-06-01,64.8989,107.0555,31.6767,69.2022,58.5165,,8.87975404765977,,,,,,,53.56,55.87,56.72,55.27,22.27,,,,,,,,,,,,,,15.5,,,,,73.3886,64.2828620921464,138.651110691681,46.3173329484287,13.2966367838528,14.5607092183064,13.1401736178185,10.0785347586489,16.0766354121802,16.0833451364173,18.9567410723542,10.3291083460318,15.474494034007,10.0298340772937,11.5053241544722,9.66374389251747,12.6863463338227,8.71953561802591,7.2787818792801,11.7348193355512,,1716.21160773301,416557733.32698,11151823.5840778
1993-07-01,65.4887,106.8648,31.381,68.8047,59.7524,,8.47568699044069,,,,,,,53.5,55.75,56.77,54.91,23.38,,,,,,,,,,,,,,13.85,,,,,72.055,64.2642257149966,139.14488657287,46.1560558839401,13.4052540970523,14.6659636885933,13.2119182339353,10.1324621298838,16.1618160183084,16.2204398202923,19.08208674647,10.4583137012943,15.6320467914721,10.13259577748,11.596850840565,9.73686358986943,12.7844923641944,8.85359836256199,7.37509392970926,11.8330165709247,,1787.72248884302,431440338.849168,18775898.5038146
1993-08-01,65.6462,106.86,30.9203,69.6089,59.9777,,9.61360074604318,,,,,,,53.25,55.74,56.64,55.0,21.87,,,,,,,,,,,,,,13.68,,,,,71.8167,64.2875392793927,139.272630276127,46.2035833077177,13.5451311675898,14.8064282618064,13.3273377292127,10.2340445377787,16.3026863609816,16.3838953580407,19.2059011637133,10.5550083885295,15.8198626343783,10.2273755752845,11.6759618607242,9.87426567989232,12.827467612655,9.00003788491747,7.47659569502084,11.9354908083523,,1878.67042058497,446569243.099791,16658701.1252035
1993-09-01,65.4967,107.6221,30.7684,70.6255,59.6108,,8.53780438740421,,,,,,,53.71,56.29,57.38,55.15,22.31,,,,,,,,,,,,,,13.71,,,,,72.3752,63.9032329774033,139.265656141298,45.9735974968841,13.6896723139388,14.9447096591205,13.4406037689233,10.308636799053,16.4742531648902,16.5467800271135,19.3336843558497,10.971643554339,16.0134676163342,10.3663226453203,11.802589473324,10.1481236163258,12.8882225586478,9.15194325185248,7.59493117981762,12.0480855706164,,1898.07022295029,459821920.557342,14779257.8099808
1993-10-01,65.7844,108.666,30.1154,70.8816,59.9089,,7.97352669882907,,,,,,,53.79,56.2,57.53,55.04,22.66,,,,,,,,,,,,,,13.13,,,,,71.6809,62.7435391669709,139.419391628355,45.4959236171049,13.8181576075114,15.1106525260551,13.5718598151027,10.4110520206579,16.6624210403953,16.7505061287165,19.4876313067821,11.1107113883699,16.2383644819305,10.347820379303,11.761601394617,9.85659236116223,12.9431047444894,9.25870425284457,7.6321841038157,12.1525151257682,,2056.33024222877,485731969.994931,20766378.6917013
1993-11-01,65.8186,108.9155,29.5358,72.8195,59.3186,,8.60520503336425,,,,,,,53.53,55.98,57.22,54.96,22.77,,,,,,,,,,,,,,14.38,,,,,71.431,64.1008935745814,139.730889604714,45.8454736102141,13.9291524849942,15.3088948724398,13.6847762660853,10.4880422350204,16.8283505757819,16.903199073288,19.6617846978197,11.2448206713166,16.3705318486601,10.3808744953993,11.7550935040757,9.86036506153029,12.980903345341,9.34917569493334,7.68667097734983,12.4137006369805,,2161.74704467203,522377594.01825,33691798.373852
1993-12-01,66.8274,108.9012,29.1006,74.8658,59.9173,,6.1499641907229,,,,,,,56.05,57.79,59.28,55.09,23.4,,,,,,,,,,,,,,11.78,,,,,69.6727,63.8613853437359,140.211245773321,45.4810996839024,13.9705062836973,15.2824765186772,13.743041743495,10.5599698962106,16.9195265280972,16.9910416517662,19.7436916093709,11.3801363355326,16.4642509474236,10.3829112782289,11.8997735607504,10.0154097324909,13.0062910483388,9.44631862862471,7.63790702429771,12.3549899344607,,2501.40963392335,597439629.291186,34114049.37932
1994-01-01,67.2989,107.6876,28.6621,76.5798,59.7746,,5.92306056912075,,6.12574675868778,,,,,54.56,56.9,57.44,55.6,23.72,,,,,,,,,,,,,,10.52,,,,,68.3142,66.5874488925454,140.402232694582,47.2370523848911,13.9659250562184,15.2761573824293,13.7380753273894,10.5743198535366,16.8858061085619,16.9908923491745,19.8193402865976,11.4989668947992,16.4141743588327,10.393907275315,11.882690059521,10.2887771964603,12.9657789244887,9.38021370121383,7.69741019669976,12.3700610031905,,2763.15190209686,662390454.337649,32843425.9704944
1994-02-01,66.9479,106.4133,28.0423,79.3726,58.2511,,6.12588307224743,,6.26314458723914,,,,,54.92,57.08,57.64,55.93,25.43,,,,,,,,,,,,,,9.45,,,,,68.8684,64.7260439392029,140.567320004952,45.9536366630544,13.9894655677696,15.3448543024838,13.7811136241604,10.5998216941831,16.9230650899963,17.0710674267983,19.9095713407722,11.5861512941678,16.4606885628551,10.3566317080296,11.7092082931944,9.76340105962475,12.9523548451512,9.38380586897446,7.79550085391041,12.3584672419997,,2641.66175517097,652823037.172442,36772997.6717758
1994-03-01,67.6789,106.7281,28.2107,82.237,59.0236,,5.45071310872694,,5.75540915290401,,,,,55.06,57.2,57.75,56.23,25.33,,,,,,,,,,,,,,9.73,,,,,73.2466,65.9806957385188,140.901681586442,46.8241209641654,14.0128493936795,15.373424839292,13.7857427601659,10.6372185867964,16.8821899359081,17.1227993919137,20.0028341322244,11.7703382208559,16.4937889464949,10.3883891900298,11.6863879671962,9.86962127259752,12.8715854636051,9.39567766900352,7.86847146323222,12.393971043436,,2403.76869381726,626385893.680605,26273789.5365502
1994-04-01,71.1002,106.6316,28.0239,83.7237,64.3435,,6.21045750289032,,6.20503014098042,,,,,56.05,58.31,59.85,56.91,24.97,,,,,,,,,,,,,,15.79,,,,,74.6595,66.785096017451,141.198236630836,47.3082292513698,13.9942502327796,15.4125585303251,13.8013915633461,10.5921273031615,16.9013139625083,17.2119037755913,20.1115274005137,11.9274069228056,16.5499768323483,10.4212260748212,11.6020352391836,9.74429472415419,12.8864010989873,9.33543077871148,7.93614169561279,12.4285991492195,,2326.77093976338,604854294.559872,22414139.8370583
1994-05-01,68.3963,107.2562,27.6585,82.5758,60.3935,,5.571687187423,,6.15502530531825,,,,,56.3,58.43,59.44,57.37,28.46,,,,,,,,,,,,,,16.36,,,,,74.1242,69.0889936922193,141.352758591384,48.8227599040267,14.0671392427609,15.4787282176381,13.8339783277703,10.5848225803718,16.9527311092965,17.3063552675571,20.2197955276434,12.0876964631229,16.6350660427786,10.4819828214853,11.6275690214987,9.66690923779863,12.8968949687437,9.42350013195671,8.03958593367906,12.4793243775001,,2456.26251235859,627209654.251322,21167735.127385
1994-06-01,68.3331,106.6037,27.7263,82.0973,60.813,,5.72139905872623,,6.38736249479046,,,,,56.69,58.69,59.95,57.56,28.58,,,,,,,,,,,,,,16.18,,,,,75.5373,72.333704947288,141.898793671223,50.8621657922626,14.164847633442,15.5938613311388,13.9278730808816,10.6432836140669,17.0719080361963,17.420855194997,20.3215533173844,12.2385366298492,16.7373679592502,10.5429183082934,11.6652899369427,9.75998678647056,12.8935528552793,9.50873200411587,8.11175391565077,12.5533759727237,,2324.23197522427,608265289.058136,21576611.1476134
1994-07-01,68.2223,106.8348,28.0444,81.1002,60.7614,,5.24014618995399,,5.54817372560149,,,,,56.94,59.07,60.37,57.91,27.64,,,,,,,,,,,,,,17.07,,,,,77.6318,75.5234505326696,142.173712593072,53.0763657889419,14.2901954301203,15.7093549060985,14.0289920927539,10.7242263039052,17.1902814322622,17.5384778279708,20.4342419933988,12.3586516361671,16.8760629487231,10.6605592459118,11.8347299786403,10.0039027944269,13.0016221117905,9.63455243974524,8.15418139546525,12.6506422882345,,2480.58846823991,628620489.016231,16284819.6087973
1994-08-01,69.0268,107.1098,28.1424,81.6261,62.0347,,4.99718886649632,,4.96807691736453,,,,,57.23,59.46,60.92,58.06,29.17,,,,,,,,,,,,,,14.46,,,,,77.0657,73.6542473959787,142.84265135374,51.5174763256163,14.4571998198449,15.8613371334532,14.1702828542424,10.8816545179494,17.3318969089299,17.6943032150892,20.5590468533312,12.4649761580293,17.0379289254313,10.7737792336897,11.9876041180743,10.288537036195,13.0577275333389,9.7874498864235,8.22670057098106,12.7655628137598,,2640.89672308955,668498515.048053,38535115.2386043
1994-09-01,69.2473,106.2436,28.5867,80.4349,62.8823,,4.83087339671559,,4.84560610112595,,,,,57.25,59.6,60.89,58.2,28.36,,,,,,,,,,,,,,13.76,,,,,77.8151,73.2451749938933,143.651826813467,50.9877623460718,14.6288452977172,16.0251439834961,14.3483722939619,11.0857096980984,17.4678298061434,17.8284941349509,20.699521875106,12.619000053335,17.2492001595213,10.8921198297862,12.0952655404654,10.5231860521623,13.1339348586202,9.93792222883445,8.31371434514443,12.882278340562,,2790.92964919848,693424430.620889,25259641.0259032
1994-10-01,68.8102,107.1506,29.3433,81.296,61.9278,,5.14744686709734,,4.83070210317988,,,,,57.48,59.56,61.22,57.95,29.65,,,,,,,,,,,,,,13.6,,,,,78.7498,72.6822006396203,144.205205003973,50.8513730827555,14.8102580466109,16.2301012587041,14.5495775998486,11.2870740921675,17.6609776317405,18.0198814697594,20.8634164450129,12.7709148564642,17.4285071376686,10.9661311118754,12.2338792949739,10.6445237081491,13.1521146433533,10.0656172784761,8.35951693275335,13.0214301071436,,2619.26421270562,684283466.845452,19945694.6933027
1994-11-01,68.5996,106.1539,30.0844,78.8892,62.5257,,4.38114301432947,,4.29421114447221,,,,,57.85,59.8,61.55,58.23,30.88,,,,,,,,,,,,,,13.74,,,,,78.6637,74.5131139127597,145.03731256859,51.3071480122056,14.9431297104541,16.4582632806507,14.6978306374268,11.4615253044461,17.8176189545496,18.2046343621331,21.0405790643524,12.9299048456039,17.5974404517913,10.985454980429,12.287328173609,10.7575154757298,13.2516765289599,10.0632275068973,8.3277093778076,13.1946152280936,,2525.83854326667,669539540.587069,19595544.4524955
1994-12-01,68.418,105.8586,31.1314,77.6346,61.6264,,4.91253552124137,,4.897940304212,,,,,57.14,58.72,58.21,58.55,29.16,,,,,,,,,,,,,,18.51,,,,,88.0884,75.2666704484232,145.957727401573,51.5959535998208,14.9898083123024,16.5047732977778,14.8593069423445,11.6145298206443,18.0044058569593,18.3142375624969,21.1490776338232,13.0766642429535,17.7393452689531,10.9210491759588,12.2620372812247,10.6879885423566,13.1813080632462,10.1954626834871,8.32011184280328,13.0957763448437,,2279.32988688511,615492276.330139,20984052.3849361
1995-01-01,69.3991,106.2631,31.7634,67.3612,65.1573,,4.51181359879105,,4.60884389371351,,,,,54.5,58.19,59.83,55.73,17.86,,,,,,,,,,,,,,37.25,,,,,120.6125,76.2284564756884,147.089709148299,51.7596244921045,15.3869340617062,16.9439841360478,15.3718690590565,11.9452542685981,18.7370914724089,18.6652565580394,21.5711972195649,13.1893777782399,18.093398057399,11.2146927888737,12.6562089041035,11.0081903323079,13.7711681708651,10.271874092985,8.62530491186449,13.1838850388763,,2075.00417341833,567539991.886996,29770928.6784285
1995-02-01,63.1819,105.0056,32.7778,54.9954,59.7708,,4.29087979752385,,4.24327383222723,,,,,53.93,57.68,58.94,55.74,16.54,,,,,,,,,,,,,,41.69,,,,,120.75,76.3255307534648,148.29381333266,51.4779678859703,15.9786372754255,17.6464643303704,16.141462898757,12.502267467045,19.6705253881397,19.2239636558894,22.2845342452136,13.2674723068041,18.5914966837767,11.584357608281,13.2949353477551,11.578418528884,14.348485982385,10.3072808257667,8.66732221408312,13.3753503502474,,1571.43341840464,474051283.599214,14103666.060947
1995-03-01,62.1778,105.4629,33.272,54.9956,58.321,,7.7292800123081,,6.06838494071633,,,,,53.25,57.05,58.09,55.53,16.43,,,,,,,,,,,,,,69.54,,,,,138.4297,75.9446904198076,150.024726287402,50.6877984319273,16.8648028157066,18.379234688339,16.8982020662971,13.0955327138364,20.5998586650433,19.9032609375766,23.0739273958539,13.4817046317503,19.4187256952929,12.7283993523406,13.9934934659545,12.4311249558012,14.9607715875038,11.6903327874343,9.66981458284177,15.5810026348565,,1842.62043998968,510180837.539737,13861571.7210356
1995-04-01,59.5704,105.8452,34.3213,55.2017,54.183,,11.366542350971,,11.2481205728999,,,,,52.71,56.08,58.04,54.13,17.85,,,,,,,,,,,,,,74.75,,,,,123.5495,76.4451465988213,150.269026170499,50.7878457444721,18.0917959551623,19.701029525808,18.3401866072776,13.9802869213429,22.5466305857863,21.0934361090745,24.5804719668441,13.6624341965265,20.6660473443095,13.8947990349585,14.6131526648024,12.8748673259997,15.7934697258163,13.0984837529231,11.4455009520758,16.843338187982,,1993.05552938234,544991216.363699,14455823.818032
1995-05-01,59.2216,105.8569,34.8267,50.0566,54.7422,,9.79801644623942,,10.3634585831564,,,,,52.21,55.8,57.46,54.11,17.65,,,,,,,,,,,,,,59.17,,,,,112.2471,75.9521129808716,150.73948097109,50.2926327132403,18.880391630701,20.6582797818756,19.4972508915403,14.8230515203146,23.9946504904492,21.7682543319777,25.6146448624967,13.8425467596608,21.2092652027671,14.2608164937815,15.2697855635748,13.6515278337608,16.2721548591015,13.2380401891147,11.5150051102177,17.047855587117,,1952.25350588659,522693417.345267,14816263.8357723
1995-06-01,59.5464,107.0046,35.3925,52.2494,54.6362,,10.1782437310359,,11.1973672239219,,,,,52.58,56.13,58.02,54.15,17.86,,,,,,,,,,,,,,47.25,,,,,114.1509,74.8046556657552,151.080786009796,49.3998516722357,19.5388414513937,21.4269832429564,20.3922769392097,15.5554636395248,25.0220071183953,22.3370297010013,26.4107393669459,14.0899714875227,21.6467308756959,14.6422542434151,15.9127976957854,14.7181052568658,16.6483642549682,13.4236137287175,11.6582191884422,17.2621370926997,,2231.83450946612,598212276.331239,13384305.3767988
1995-07-01,59.9993,107.2297,35.6966,51.9778,55.4635,,14.9589763808548,,11.4759140542545,,,,,52.61,55.96,57.52,54.33,18.29,,,,,,,,,,,,,,40.94,,,,,110.2455,73.7684204392239,151.558671372223,48.6318273612355,20.0271398363088,21.960617115841,20.996287837275,16.1033301300092,25.6699504475425,22.7585579715039,26.9805215343393,14.3124896007106,22.0333472765192,14.9731194960539,16.380108415341,15.6247829512295,16.8353798959962,13.7137281318337,11.8867013300156,17.4360759071237,,2378.06157442972,647059849.087798,19451183.0329581
1995-08-01,60.1162,109.1828,36.128,53.5741,55.3071,,14.8651188693462,,14.7216409972499,,,,,52.78,56.03,57.82,54.12,21.27,,,,,,,,,,,,,,35.14,,,,,107.2578,73.4746551776357,151.103833235251,48.5537062502735,20.4961671878004,22.4774608589683,21.5643882523029,16.6081942877201,26.3226258952687,23.2029098402066,27.4512871408766,14.5459683981386,22.443466505416,15.2297684263004,16.7536773507571,16.0736812665009,17.1500375442218,13.9676240769381,12.0658813333944,17.6202033910116,,2450.4865266891,651577239.824757,20864052.9399345
1995-09-01,61.0906,109.3277,36.6596,55.9517,56.1442,,16.1711852252363,,13.3359493416623,,,,,52.84,56.24,58.03,54.35,18.22,,,,,,,,,,,,,,33.46,,,,,105.9845,73.6208954163992,151.013568620564,48.7376501205992,21.0013968826087,23.0346379313234,22.1809172060498,17.1107571915378,27.0563470631659,23.6670345377526,27.8902175059303,15.0985389911874,22.8855007005423,15.5287390813928,17.109813142266,16.569596829935,17.4981852609047,14.2412278688074,12.2510799779408,17.8993829153951,,2413.17584587916,634955454.528729,22299726.33873
1995-10-01,58.5593,82.3098,36.7831,56.3877,57.1844,,16.2738598409387,,11.2801893717326,,,,,52.59,56.24,57.91,54.52,18.29,,,,,,,,,,,,,,40.29,,,,,111.2667,71.8715315853277,150.995122348598,48.0729706038288,21.5565553183994,23.5863035122076,22.8029394737217,17.613186152404,27.7939913663243,24.1169731056641,28.354393210736,15.283602645665,23.3334412969943,16.0123613471708,17.956259238955,18.0444846941731,17.7476945113894,14.5425528474907,12.5001648768876,18.1891142825019,,2376.95806980062,632542143.834474,18904943.1538362
1995-11-01,62.464,105.4124,37.1829,60.1324,57.8907,,20.4407667073269,,21.6816879454248,,,,,52.94,56.71,58.72,54.59,18.1,,,,,,,,,,,,,,53.16,,,,,124.2378,74.1416371102316,150.931041111632,49.0245482534441,22.098409031523,24.1780503176779,23.3684572904975,18.2294979703843,28.3642723775717,24.6160875411788,28.8576933121403,15.4625432144307,23.9249757569468,16.5288601226198,18.8216487634452,18.6911219169605,18.8829208499585,14.7355929483932,12.7914029898703,18.4155535175194,,2636.34514476908,671573719.711967,20094172.71941
1995-12-01,66.7279,111.5153,37.1942,66.7955,60.0874,,12.1689253865126,,11.6976268376963,,,,,53.96,57.35,59.23,54.65,20.17,,,,,,,,,,,,,56602.0259652146,48.62,,,,,119.7625,75.3183617709996,151.004710043796,49.9309489595804,22.6971082489155,24.7790910791745,24.1593181081402,18.892148291464,29.2215954419568,25.1386237574112,29.6547483252367,15.6455037461779,24.4260035854664,17.002308726218,19.423506154629,18.9899607123067,19.6160971001426,15.379209966273,13.1520974534827,19.0486477748977,,2689.22005707186,676697556.185582,25783426.5168704
1996-01-01,66.2185,113.6473,36.966,64.3661,59.2784,,17.9828058512987,,18.0808067974392,,,,,53.72,57.35,59.79,54.14,20.42,,,,,,,,,,,,,54949.3880176876,40.99,,,,,112.644,74.7080515144986,151.045768534015,49.3748785880765,23.2724433201794,25.3503794253245,24.7741117685305,19.3926757695933,29.9723726753678,25.6869723305065,30.3276996335138,16.0406787613323,24.99615543896,17.5341974045126,19.8659619135767,18.8201885649165,20.6031464484599,15.8985080763502,13.5570168923738,20.230072429208,,3034.52925805787,744022074.890288,26769558.4424839
1996-02-01,65.7858,115.0576,37.2443,61.9144,59.7312,,19.3444204626769,,19.1785136860155,,,,,53.54,57.14,59.64,53.77,21.19,,,,,,,,,,,,,56496.7922570491,38.58,,,,,110.3057,75.142062234078,150.83304091883,49.804171885439,23.7543752038533,25.8643705165456,25.3300612908566,19.8194094852951,30.586165297288,26.1214205894717,30.8371750726474,16.1262348334812,25.3979511539329,17.945813501299,20.3986589396897,18.5139430009745,21.5640620688773,16.1148532699941,13.8935438160563,20.3676680140005,,2867.17363389084,720567622.820737,25219927.5767943
1996-03-01,66.9396,114.5766,37.152,62.8133,61.4657,,19.5582684073557,,18.9311361090684,,,,,54.58,58.13,61.29,54.17,21.8,,,,,,,,,,,,,59962.6950610438,41.45,,,,,109.4024,77.7919804054344,150.288893439469,51.8251816832978,24.2396874631739,26.3779169574528,25.9156593898742,20.300576260426,31.2807769675767,26.5182364959384,31.3690480747376,16.3626199656949,25.8343912982832,18.4192423506165,21.0312267265688,19.4138652593792,21.9928100026713,16.2949021173686,14.1325278395633,20.5860506381989,,3088.13245616874,784931783.55563,46024145.9641079
1996-04-01,66.365,116.1396,36.9462,63.7172,60.2714,,19.7065556335884,,19.8385353395664,,,,,53.77,57.28,60.37,53.86,21.1,,,,,,,,,,,,,58282.8031816185,35.21,,,,,104.7595,76.0346140032364,150.274739763458,50.504575842892,24.8192111329548,27.0346953129966,26.6481014988133,20.9910683614704,31.9407027919935,27.113843144433,32.1270217671435,16.5570597345351,26.4037097527193,18.9789742787407,21.7434182115414,20.5864713084191,22.5894185648972,16.5883608214655,14.7133106583835,20.8104030694874,,3204.19317156067,811526149.057363,28126099.1926157
1996-05-01,67.424,116.1425,37.1298,64.7564,61.4984,,18.7477197531684,,19.4664170490263,,,,,54.19,57.69,61.12,53.94,21.51,,,,,,,,,,,,,60807.0108672613,28.45,,,,,102.2257,74.7272300646252,150.539623174967,49.5709851480374,25.3364563921151,27.5214236685688,27.1320396508659,21.3130311810275,32.5701581139503,27.5689043819118,32.6720964989684,16.7348074934694,26.8598955597066,19.4845298903365,22.5523519198474,21.225768125666,23.383088570147,16.8378937427526,14.9478246338914,21.0066069567698,,3224.24031173537,833595301.783081,30043276.4728052
1996-06-01,68.5578,116.5445,37.3195,66.4565,62.7607,,18.5774188113101,,18.2687743726378,,,,,54.4,57.9,61.26,54.28,19.75,,,,,,,,,,,,,63436.5856328882,27.81,,,,,101.9089,75.2148024825183,150.73049868598,49.8127320841803,25.8294975895119,28.0647319671081,27.6634531462045,21.7526133416309,33.2210940179053,28.0902388078287,33.1104945737444,16.9186473092867,27.5101031157432,19.7959872173009,22.9068376300225,21.1270956996023,23.9973002895315,17.1398083288711,15.2327037461887,21.2537522724695,,3192.70854505881,846091063.769866,43844072.7908857
1996-07-01,68.3585,116.6485,37.3097,69.6026,61.8385,,22.7022029432141,,19.5180670207595,,,,,54.81,58.38,62.11,54.24,20.74,,,,,,,,,,,,,62911.6865555223,31.25,,,,,102.004,75.3923828632456,151.158848427055,49.8469701743649,26.3155920989767,28.6078152144326,28.2263062878889,22.1778689743031,33.9126143616554,28.5836895023998,33.6906498843951,17.123392628535,28.0199430683245,20.0979330203168,23.194358078992,20.9381818278629,24.6276630020983,17.5028950482804,15.5112666685928,21.5758380264733,,2973.73685680726,809746110.074077,20896992.9133916
1996-08-01,68.3926,115.1644,37.4658,68.1883,62.53,,19.9168943674421,,19.2456783050677,,,,,54.95,58.37,61.79,54.43,22.53,,,,,,,,,,,,,64212.3043695531,26.51,,,,,99.9454,75.5884514258107,151.498139983205,49.8332335707936,26.8192627410792,29.1175388688248,28.7657096569619,22.6019036993163,34.6037481936643,29.046136882508,34.1727121334343,17.2969629340947,28.4575312476615,20.4782601228683,23.6409552298037,20.9185973808061,25.3433212522767,17.909857309367,15.8674218907508,21.9056054210466,,3236.74976114569,844652919.080229,25660794.8228734
1996-09-01,68.5678,116.6459,37.1106,67.5701,62.7347,,23.0994947787432,,19.0545835599511,,,,,55.46,58.51,61.93,54.74,24.15,,,,,,,,,,,,,66403.1783991126,23.9,,,,,98.5335,76.3908445281731,151.889694814188,50.2781360795646,27.3099928701212,29.6311207843296,29.2911579701512,22.965815498734,35.294078464925,29.5238779237049,34.6255421310887,18.3099341888056,28.9175701179183,20.8581292273352,24.0189539915322,21.1544651321593,25.9125499583,18.2913205715015,16.2161077816183,22.2175145910534,,3288.36737320947,841494645.721272,18948378.1732003
1996-10-01,69.8683,117.4795,36.9969,69.8603,64.1102,,20.1543875997605,,19.3451846889678,,,,,55.99,59.21,62.45,55.53,24.06,,,,,,,,,,,,,67270.3440561729,25.75,,,,,98.813,77.0566669471167,151.382269736675,51.3297427393522,27.7764551512158,30.1102297388384,29.7643825149848,23.3262847614225,35.8937205244148,30.001588078871,35.027627742371,18.5139099302714,29.4503055397589,21.2041842678337,24.5132941039236,21.380189713764,26.2936390633113,18.6262357709517,16.5738330788287,22.4896271574367,,3358.83599070392,850685033.524563,22525052.6398344
1996-11-01,70.6257,117.5958,38.1497,68.9234,65.3788,,21.7125183417356,,23.8522731932507,,,,,56.22,59.6,62.85,55.87,22.39,,,,,,,,,,,,,69753.6522340127,29.57,,,,,100.9528,77.1164654343052,150.228305594335,51.2200383557615,28.1578948396563,30.5611625489198,30.1892151866573,23.6858856332743,36.4619436265735,30.3928637616535,35.4675226166259,18.7154397004587,29.8748243053086,21.5731479478125,24.9520164043987,21.4562218228636,27.177096579013,18.8570027135684,16.9073983764855,22.7666990286705,,3276.9352666932,817379588.340589,21127031.3178545
1996-12-01,72.5317,119.3055,37.1823,73.3044,65.5804,,19.1430973712823,,19.5794136553889,,,,,56.58,59.93,62.95,56.09,23.71,,,,,,,,,,,,,71225.6883920196,27.23,,,,,96.4707,77.3516115162165,150.864571795919,51.3328244311152,28.8979911881566,31.1557919924981,30.8077332800824,24.1479174382693,37.1527762143194,31.0438054057214,36.335499157101,18.9134785539246,30.5898503519486,22.5602817332577,25.2634995532773,21.240441362628,27.8173988401206,20.6475075124873,17.4911346903331,26.1914105551214,,3286.6906692699,818128669.461921,21748406.1669649
1997-01-01,70.7081,119.2276,37.9364,68.2923,64.5155,,20.2861803640202,,20.3515485888288,,,,,56.59,60.06,62.92,56.47,24.03,,,,,,,,,,,,,72727.3206510814,23.55,,,,,92.2802,77.775697861806,151.111068651466,51.3970427959008,29.3570185838119,31.651721532206,31.4285644595905,24.7544138634228,37.7988914321756,31.4544176300226,36.9472847679185,19.1482640954368,30.9519101784188,22.8413899877608,25.8158889326911,22.053090834445,28.3034265003783,20.7167374789612,17.6142472682361,26.5539715158499,,3692.82083193202,899214659.839796,33828345.9667318
1997-02-01,71.2657,121.6869,37.5627,67.7825,65.6347,,19.5803247865821,,20.3487647554367,,,,,57.62,61.01,64.16,57.15,25.77,,,,,,,,,,,,,74304.6396498643,19.8,,,,,88.4842,76.8525849117463,151.2212160901,50.8069626879976,29.7747928848773,32.0882864003939,31.8083632808275,24.9622257447654,38.2898064829476,31.9296147352635,37.409508223871,19.4007546969867,31.4003343673897,23.2217072514911,26.2027355949878,22.6788742619229,28.4422701367083,20.9652733179848,17.8727512326888,26.9111538029155,,3871.30366006438,941193009.567751,29965104.3261983
1997-03-01,71.7119,121.0779,38.1795,67.4256,66.4255,,19.7393202796711,,20.2869275857912,,,,,57.28,60.6,63.46,57.05,25.61,,,,,,,,,,,,,80249.9846606412,21.66,,,,,89.0033,76.6971431220733,151.839938311206,50.5510725203942,30.1432745012748,32.4277429362132,32.1106130849654,25.1428707565546,38.7351725047562,32.2971033699062,37.8181438188209,19.6318719094126,31.8602683735564,23.7016737702077,26.6670475829996,23.7893968112561,28.3699603975956,21.2690365524803,18.1119661322525,27.4429852393308,,3707.47420353203,911865988.79103,20485370.3803302
1997-04-01,72.784,120.8996,37.2789,71.1513,67.3708,,18.9033660573288,,19.425544092646,,,,,58.4,61.6,65.0,57.87,27.79,,,,,,,,,,,,,79429.3320969054,21.35,,,,,87.4502,73.6636034520053,151.925107942528,48.4135474812463,30.4181084916073,32.8021020276746,32.4776860972039,25.3645243929672,39.1949896415065,32.6978099464133,38.2093772870141,19.8766352244836,32.2969599975937,23.8146947908017,26.601115096915,23.5417951112588,28.6111892423253,21.4804692334856,18.2952644073502,27.9768204032305,,3711.60715347487,908388156.771271,24355946.443667
1997-05-01,73.5405,122.6554,37.2712,72.4669,67.7738,,20.0524746206036,,20.3303521756294,,,,,58.54,61.67,64.89,58.02,27.24,,,,,,,,,,,,,81079.4487823079,18.42,,,,,87.7243,75.7633954716707,151.838140899001,49.8487691820504,30.8027099562169,33.2471706548906,32.8769041795237,25.61906991806,39.7253039067411,33.1689033520934,38.6366833969934,20.0786988197225,32.8485172610319,24.0274967530663,26.6174809708371,22.9626777249953,28.8979676132892,21.8110183924899,18.6635261961639,28.1595175814078,,3947.97497572717,960281223.160277,20025740.6477078
1997-06-01,74.3669,124.3041,37.0124,72.026,68.9603,,18.5127679656386,,19.5386252026001,,,,,59.37,62.32,66.02,58.2,29.73,,,,,,,,,,,,,82692.0537221795,20.17,,,,,87.6987,75.3212308644439,151.712050195389,49.5910598028742,31.1719927885322,33.6809257991017,33.2628130722329,25.9216053052745,40.2825563923639,33.633903633445,39.0617035638219,20.2773409970285,33.3761639985427,24.1845125087057,26.5756864336427,22.5562184339267,29.1002051421954,22.1524205806616,19.0163029913067,28.3720956477458,,4340.96943897982,1038843550.40636,43359553.1842073
1997-07-01,74.9778,124.5808,36.9753,72.2926,69.997,,19.5032462681523,,19.3472544372825,,,,,59.18,62.05,65.41,58.26,30.09,,,,,,,,,,,,,84618.8317999406,18.8,,,,,85.2859,74.7524917815956,151.439700431593,49.3323408965461,31.5768229979401,34.1122084343485,33.6466182346038,26.1552129860838,40.8031175035724,34.10043495611,39.4962634960371,20.5098064133259,33.9137329154957,24.5023489062734,26.9145464441416,23.5020179159355,29.1417646942796,22.4717150502889,19.3220589825107,28.5841340955005,,4997.75038860648,1171542981.80323,50368431.5781436
1997-08-01,75.5335,125.8192,37.1253,74.2051,69.8817,,18.6022156217114,,18.1540127514743,,,,,59.77,62.63,66.16,58.63,29.95,,,,,,,,,,,,,86853.090227898,18.93,,,,,82.3144,75.1365531190224,151.756058979311,49.4700116309547,32.0118102120042,34.5084436245069,33.966575807224,26.3766100277142,41.2651438136803,34.5799783755007,39.8975692186574,20.7324703047204,34.4420003712515,24.9105071611402,27.5493194342524,25.0965650502628,29.0870203849967,22.7554529666769,19.5865109838293,28.7716820327183,,4616.31857115799,1117882253.95272,62371291.1993816
1997-09-01,75.6561,126.3383,36.9254,73.1701,70.3175,,19.0456387087762,,19.8589571236601,,,,,60.0,62.81,66.51,58.59,30.67,,,,,,,,,,,,,86966.7955229157,18.02,,,,,81.8914,74.4781546877688,151.807031263669,49.0802041434421,32.4250247568166,34.9625399447425,34.4038660790488,26.7648971187771,41.7101898316081,35.0325168647423,40.3351692839879,21.9241881242858,34.9542992018747,25.2413281857316,27.9347470081079,25.3529907516307,29.6098632102105,23.0364845309474,19.880280705717,28.9392537536816,,5501.20154169762,1272594779.62769,44639476.8488013
1997-10-01,76.5812,126.5909,36.8537,73.2494,71.744,,20.9129148795549,,21.5844637976361,,,,,60.61,63.54,67.35,59.08,30.45,,,,,,,,,,,,,88830.8141041416,17.92,,,,,82.204,75.0067178575818,151.748078244004,49.7420496337611,32.7838944333119,35.3936139841633,34.7921435687186,27.0802560494295,42.2035474114295,35.5125304328083,40.7277389130148,22.1466065955299,35.4916444236356,25.350907353751,27.9299929641699,24.5131008476112,29.887253569839,23.321424436063,20.2035294240641,29.1729285850998,,4889.13149579674,1162978841.61206,48815663.6782514
1997-11-01,77.1465,126.5482,35.9457,72.5708,72.7772,,17.8471482760987,,19.3452457849659,,,,,61.22,63.83,67.86,59.16,32.84,,,,,,,,,,,,,91515.3087349451,20.16,,,,,85.987,74.6029554334797,152.262824078851,48.9190909202237,33.0814726159422,35.8250174423872,35.1568968434695,27.3805659077536,42.6588933796579,35.9648936177894,41.3380820834899,22.3660655213054,35.9021317245907,25.5191939130097,28.0244824368101,24.4986048302244,30.219777107246,23.4583700196815,20.4716145606377,29.3021573932318,,5052.24732852422,1214812517.22422,31826590.7733543
1997-12-01,77.2902,125.2873,35.9187,73.0965,72.6468,,18.5210052551724,,18.9184994879494,,,,,60.94,63.71,67.54,59.14,32.65,,,,,,,,,,,,,92558.3274390554,18.85,,,,,81.6067,73.5355697166156,152.698848105288,48.2029138906913,33.3662243187402,36.2301686142802,35.532228107816,27.5629044390389,43.1760269747159,36.4336511529158,41.9543292736658,22.5674898290151,36.4048553695913,25.5986944179832,28.2082422909862,24.7156231357734,30.3463989565377,23.7067414343594,20.6277277595376,29.4106449212192,,5162.29597834742,1238682614.28947,31315435.6236005
1998-01-01,78.242,125.0087,35.6793,72.0354,74.7379,,18.4827659702929,,18.5077783409687,,,,,61.69,64.25,68.35,59.3,33.52,,,,,,,,,,,,,93887.3895353919,17.95,,,,,79.5093,72.5295312655056,151.418275431603,47.829515610118,33.7894150165156,36.6239718408008,35.8976460415823,27.9209227733656,43.5575691547771,36.9516313641772,42.592474221913,22.8978985391991,36.9384553794284,25.9736973609875,28.6402830052023,25.8268200940203,30.4523667421102,24.0644517146933,20.8022962488829,30.4388820996952,,4674.51285922764,1143502830.81614,27974189.6482781
1998-02-01,79.4674,127.9555,35.2441,75.388,75.2501,,18.1190091519479,,18.1067735476633,,,,,62.44,65.11,70.08,59.29,32.7,,,,,,,,,,,,,96051.0980491384,18.74,,,,,81.8795,72.4627752196175,151.72417013298,47.7313151038177,34.2997574873456,37.1993090429409,36.4976196505839,28.5178428958768,44.0714647044786,37.4693507498791,43.1198753910153,23.0888531892429,37.4035949404426,26.3543820250861,29.0404327038366,26.5471498981912,30.6719041312067,24.2647749906469,21.0124630850507,30.7237784942215,,4781.11627952641,1165780941.58813,28549051.0029172
1998-03-01,79.9619,127.4829,34.8072,76.803,75.6533,,17.9544143006855,,18.143070306726,,,,,63.54,66.08,71.63,59.48,34.79,,,,,,,,,,,,,96573.5145775875,19.85,,,,,81.6267,72.0394161048699,151.196963918363,47.6493817530684,34.7407428840862,37.5477744549898,36.8354783670573,28.7536817325591,44.5249826612993,37.8244285787726,43.5929628083369,23.3188248773003,37.7723400488144,26.9738119932342,29.9114480847468,27.7991736889141,31.1831082927146,24.5064267049157,21.2343020081512,31.0752421438175,,4867.36002022322,1186341330.73764,30489226.474317
1998-04-01,79.6386,128.3798,34.5883,76.3932,75.5159,,17.5752788417566,,17.6980832447568,,,,,62.8,65.61,70.95,59.44,33.19,,,,,,,,,,,,,100485.607506274,19.03,,,,,80.4115,71.6694322682471,150.921014144014,47.4338821865571,35.0727454624867,37.9766852173593,37.2605931529124,29.051202597577,45.0377490947223,38.2549808681187,44.1125503591693,23.5373330878558,38.173378813846,27.0698310329532,29.9391626723081,27.6831550779487,31.4691836266869,24.6819279379467,21.4561457938878,31.2466068343364,,4968.26024042166,1199386203.07878,27128873.4358721
1998-05-01,79.9707,128.4868,34.6673,76.4483,75.9218,,17.2301720863603,,17.8424561952646,,,,,63.44,66.2,71.87,59.74,33.56,,,,,,,,,,,,,101910.461901827,17.91,,,,,80.6206,71.3916312038083,150.798443977054,47.3199617958346,35.5004899076439,38.4446697017387,37.700086286182,29.3675361900411,45.5770581622469,38.7313240236914,44.5871101297169,23.7777498788775,38.6581123519961,27.3612883992719,30.4154737388574,28.6061264303967,31.6256549178469,24.8200974116512,21.5489988986164,31.3813471225722,,4441.09620203421,1122048284.49428,46823570.9194388
1998-06-01,79.0392,126.3572,34.6555,75.4577,75.1866,,17.4905192823193,,18.4641559791378,,,,,63.11,65.92,71.4,59.63,33.09,,,,,,,,,,,,,101958.32213764,19.5,,,,,81.8666,70.7140280056049,150.66450281894,46.8933978842631,36.0164121762551,38.9914344488023,38.3113698444727,30.1219306260421,46.124542140404,39.1763458257679,45.0449735262239,23.9890723700443,39.1098774735978,27.7579317745066,30.9249129146108,29.3702659356493,31.9128113448301,25.1731904509688,21.8055448612682,31.7328020433985,,4091.61122193,1038679682.72696,24890634.6188668
1998-07-01,79.2244,126.7982,35.0734,76.6563,75.4392,,17.5107512833016,,17.7091345282028,,,,,63.11,66.12,71.53,59.92,33.32,,,,,,,,,,,,,105002.942874627,20.08,,,,,81.0041,71.1242218440181,151.046806454005,47.044550799695,36.5025215113766,39.4677954186423,38.7775501278156,30.4395539609837,46.6946864709517,39.6446038293728,45.5133825918941,24.2296808934402,39.6013261824017,28.2543285166987,31.6350914787014,30.3073310367582,32.589619167042,25.4868680642585,22.0586061868408,32.0621561114233,,4181.00005635533,1034643276.56438,24866773.1552813
1998-08-01,79.6931,126.2838,34.5645,76.5921,76.0372,,17.9453919992877,,17.9429257624767,,,,,63.5,66.51,71.9,60.32,33.03,,,,,,,,,,,,,106742.247498712,22.64,,,,,83.0837,70.2216572488856,150.494218089283,46.6230327655542,36.9910318257951,39.9757735222614,39.2696120272797,30.8117891492165,47.3385981784378,40.1615110459139,45.9974844735585,24.3841784838852,40.1671847121449,28.585966448269,31.998160202815,30.0682985083967,33.1991080411425,25.8047824845351,22.2779017666475,32.4524672484856,,3017.47188093883,811472391.059967,18383373.0651536
1998-09-01,79.5241,120.8714,34.3595,79.2523,75.6359,,16.7187539464817,,17.4883247090159,,,,,63.37,66.43,71.51,60.56,32.58,,,,,,,,,,,,,106858.736250871,40.8,,,,,93.0844,70.1086263512917,150.780396000641,46.5535064520424,37.5587223647569,40.666810116227,40.0668844153485,31.5746986115677,48.0805189684984,40.6824565650874,46.6947990193492,25.8991424764598,40.6228562040576,28.929456243215,32.401604025112,30.1712352299205,33.7831505688866,26.0995327123365,22.4932555277774,32.8007516151695,,3780.51294276001,896916012.8906,31647141.7650033
1998-10-01,79.6946,119.3113,34.4668,78.3778,76.3489,,18.7533234180852,,17.9008625217413,,,,,63.66,66.66,71.98,60.32,33.86,,,,,,,,,,,,,109954.569920692,34.86,,,,,94.1694,69.7260669870275,150.397616339966,46.5794589628055,38.1551933905999,41.3063422268967,40.7938692836861,32.2901783880234,48.8407889790141,41.2153837265118,47.315592928761,26.1288648330294,41.09979359268,29.3406736253411,33.0978229589616,31.5909021407564,33.8089841333652,26.3590161247787,22.7806927921031,33.0726989188558,,4325.15876449377,977038280.201685,24800750.552468
1998-11-01,79.6672,128.0127,34.3261,73.5343,76.0557,,17.6258003808777,,17.9317216601739,,,,,63.65,66.91,72.14,60.78,32.62,,,,,,,,,,,,,109753.311759674,32.12,,,,,90.4202,69.205485886981,150.117752830653,46.0798251873975,38.7425328409206,41.8566569998264,41.318170552422,32.6232425193834,49.5372187119141,41.7662065786891,47.8812626971031,26.3626169322426,41.7357043840354,30.0822604013085,33.9269741202327,33.4965848268797,33.9743785720698,27.0198324552865,23.8859281333179,33.2361371219245,,3904.3577925819,905887421.888676,24075330.1425723
1998-12-01,80.3712,129.0296,35.1981,77.5543,75.9629,,17.8768615979355,,17.7766254712524,,,,,63.98,67.14,72.03,61.37,33.05,,,,,,,,,,,,,112180.249905847,33.66,,,,,88.161,68.9358375718036,149.608253022672,46.1064133235991,39.5014487706252,42.4806964488538,41.9413847090432,33.0711372069239,50.3044929126929,42.3686847937433,48.6191679267375,26.5918011252599,42.389596577205,31.140470343829,35.0150596726919,35.6558903401263,34.2499923113932,28.2283464294274,24.4328659446868,35.4083862235755,,3907.99852739174,889346894.653569,20320673.1048701
1999-01-01,80.3225,127.5241,36.97,80.3103,75.2224,,18.551342230164,,18.2725628292862,,,,,63.79,67.01,71.7,61.58,30.87,,,,,,,,,,,,,115286.454452677,32.13,,,,,87.8422,69.6607612963303,149.148094867399,46.6286404139284,40.2230207428491,43.2157116204873,42.9067655563997,34.1979708284749,51.0486431370869,42.9242641929901,49.19200942374,26.7436859121377,43.0749867673919,31.6318921530071,36.0211926218432,38.5163814900384,34.2313856713725,28.3646518660518,24.4831340999585,35.992648714941,,4065.42769364172,921214645.628875,19015133.2837834
1999-02-01,80.4911,125.2781,37.3249,79.6872,75.8412,,18.3340437381356,,18.1796855923655,,,,,63.93,67.11,71.42,62.1,32.36,,,,,,,,,,,,,116864.723783499,28.76,,,,,84.4812,68.7305031380032,148.739953204852,46.1791334840754,40.6773798162341,43.8620694794368,43.4959727609241,34.5732880660982,51.8209877827095,43.6075431300385,49.6956765380512,27.0252339892611,43.9113267832812,31.7637285348388,35.6923377734744,37.715276661978,34.5779457584605,28.6435415175157,24.8176125470424,36.2839971651538,,4215.00399082681,949710192.467883,23499054.8668404
1999-03-01,80.6261,126.8773,37.8408,80.8072,75.7549,,17.8400991084167,,18.0150444462454,,,,,64.19,67.34,71.5,62.48,34.11,,,,,,,,,,,,,126108.695046916,23.47,,,,,80.6516,70.5280579421654,148.486023437655,47.4961235935397,41.1303502473564,44.4953230508702,44.0441495753083,34.8640731936499,52.6550911509753,44.3448599666261,50.3971350401855,27.313836888638,44.8512814249377,31.7941473473444,35.24948764531,36.1204939011094,34.8190672017679,28.90055060536,25.1032651487208,36.5422633130808,,4700.19260717058,1042835609.96686,31120805.9029952
1999-04-01,81.3381,124.0472,38.3255,78.6672,77.8364,,17.7486357778693,,17.8225599660245,,,,,64.89,67.87,72.35,62.58,33.34,,,,,,,,,,,,,120315.080593257,20.29,,,,,77.3513,71.5270193665146,148.315341274281,48.1771328770529,41.5512773877788,45.0474259147372,44.5935001465331,35.186140453274,53.4276002151248,44.880394819239,50.8859268549814,27.651219601813,45.4802740616658,31.8718000058259,35.0676582891949,35.4604507799204,35.0413980302715,29.1865633843804,25.4029083096993,36.8492020218928,,5223.58933549488,1116201626.49735,40489681.7986653
1999-05-01,80.6293,124.3911,38.4175,78.468,76.8451,,17.022068122515,,17.2114395464214,,,,,65.29,68.13,72.48,63.06,34.55,,,,,,,,,,,,,122814.758060552,19.89,,,,,75.8972,71.972268381826,148.575402593211,48.4298357578758,41.9622540693261,45.5659141620832,45.0965793028968,35.5028708317412,54.1138896399406,45.3920677333057,51.4083443266357,27.8666368247432,46.0010420632871,32.0692610374364,35.2846867886943,35.7281290716881,35.2090752527069,29.4197368937274,25.4846958671103,37.2259219824396,,5293.0644014344,1136817647.54558,31081608.9582827
1999-06-01,80.2754,120.7587,38.5502,79.6091,76.6011,,17.5355683142381,,18.2493893421103,,,,,65.31,67.84,71.64,63.57,36.37,,,,,,,,,,,,,124983.024019404,21.08,,,,,76.3155,72.6113694434909,149.002462275642,48.7168995266029,42.3333881782653,46.0320487390281,45.5224939880154,35.8488734563977,54.7197095464889,45.8859299426554,51.9398952995162,28.1307713818923,46.4754584055107,32.2370940093491,35.2722306616638,35.3770376149934,35.2774742319756,29.7798350938519,25.8192937429961,37.4866688634032,,5546.45373595744,1164649070.83697,32587023.0122632
1999-07-01,80.4413,123.297,39.0846,77.5366,77.5075,,15.916132069779,,17.0822651625303,,,,,66.2,68.89,72.91,64.18,35.5,,,,,,,,,,,,,130200.241342443,19.78,,,,,74.3559,73.9163484834764,149.042003083148,49.567386230983,42.7494387568779,46.5071750862912,45.9436196472257,36.1620149663102,55.2154754046136,46.4104428917609,52.4094750254651,28.3733014976891,47.0859262182576,32.533314245266,35.4274535711307,35.8349857679559,35.3415170265013,30.1698564264582,26.2192045890812,37.7299114877743,,5219.55486677937,1113898580.37678,27568444.706324
1999-08-01,80.681,122.1839,38.8211,76.9731,77.6418,,15.7799038093378,,16.2520156667128,,,,,66.6,69.11,73.08,64.54,37.36,,,,,,,,,,,,,132063.786118224,20.54,,,,,75.6232,74.539925016883,149.700725003839,49.7809081376043,43.0970585916855,46.9434863021673,46.3313737152098,36.4876075036986,55.6776508765886,46.8997282923705,52.8659691081445,28.6193717552537,47.6022976937411,32.6293798829146,35.2325568407984,35.3284427976307,35.1158787616656,30.4677587189049,26.5636098844787,37.9066721044721,,5172.82404128787,1104016289.35335,57311506.7625019
1999-09-01,81.5697,122.4691,39.3738,77.5398,78.7023,,16.3921617666671,,17.3221485945348,,,,,67.01,69.65,73.71,64.85,37.52,,,,,,,,,,,,,135465.516849787,19.71,,,,,75.1486,75.7465079985485,149.971815655817,50.5778287151092,43.4466426955689,47.3987763713707,46.6938673493348,36.7230910981206,56.1201791383454,47.425609555314,53.3038108700399,30.7107192236427,48.1744455287658,32.8009493527707,35.1867760156891,35.0260259625615,35.1234024324994,30.8209625341611,26.9608255102441,38.1511886621837,,5449.27158720547,1102491834.89003,29322249.5482352
1999-10-01,81.0479,123.8029,39.5234,77.5185,77.1757,,15.443334229384,,17.4225708147475,,,,,67.04,69.48,73.19,65.3,37.98,,,,,,,,,,,,,140373.12754475,17.87,,,,,77.1639,76.2603454352281,150.409253964701,50.7576612242428,43.7433005465793,47.7909804348202,47.0728390522135,37.0020144411254,56.6497392410157,47.8418955828906,53.6661105665543,30.9419222217791,48.635318436253,32.8591938533538,35.0451863744443,34.3653595025314,35.2328956006683,31.094090686044,27.2657567916174,38.3844221588416,,5786.94025195445,1196755181.98042,30429094.5506631
1999-11-01,81.7333,125.4148,39.953,79.0629,77.682,,15.7418114604548,,16.7616446123315,,,,,67.51,69.85,73.59,65.46,40.59,,,,,,,,,,,,,140651.867490771,16.96,,,,,74.7423,77.5296262603647,150.737061136361,51.4091650447667,44.0254694103553,48.1576970152977,47.4445359913589,37.2255583016333,57.1413209354012,48.2025404742615,54.0289952399319,31.1823958157892,49.0091029009083,33.0040568952692,35.0682127931943,34.0827149752458,35.3258273565632,31.459594474583,27.6994213476904,38.7980035253558,,6421.74584240956,1303165730.91381,38936641.7501779
1999-12-01,82.2713,123.2077,39.9463,80.1823,79.1458,,16.1689443810891,,16.0791785752332,,,,,68.41,70.68,75.16,65.39,40.8,,,,,,,,,,,,,161757.022509794,16.45,,,,,73.784,79.2154723163833,151.136468612644,52.4300007326403,44.3304363310622,48.533367147554,47.7851945492789,37.5243746454248,57.504516285352,48.5961315934518,54.4040135347035,31.420868206382,49.4766839080955,33.1477401472714,35.0871889415413,33.9914017078674,35.2264232611123,31.8301639374839,28.2478376707844,38.816778342987,,7041.36910271873,1431113805.46199,38378231.1569751
2000-01-01,83.5095,127.0524,38.7944,80.2515,80.1954,,13.5195264067297,,13.5442647066698,,,,,69.6,71.85,76.93,65.95,41.7,,,,,,,,,,,,,149165.189097293,16.19,9.6253,6.64001,9.44531,,73.3167,78.2392843559827,151.721652552898,51.5730621450596,44.6855020105302,48.917945336891,48.1444684864537,37.8298834267292,57.9331687347217,49.0860982394204,54.8345795239779,31.6848291190086,50.0809402751204,33.3259753812797,35.1230514466669,34.4749751622484,35.3391609711174,32.1233154314847,28.4260507070707,39.5878491127186,571772906.792201,6729.38876908123,1366970370.8387,37479209.0992438
2000-02-01,84.7439,124.1347,39.3719,81.8953,81.7516,,13.3270790152724,,13.3183026188755,,,,,69.92,72.13,77.1,66.28,43.66,,,,,,,,,,,,,148203.420368612,15.81,9.3662,6.45856,9.12362,,71.3904,78.8198890132003,152.395639592713,51.7127125590615,45.0174498346331,49.3188447381922,48.4755389871415,38.0899568939057,58.2887061968248,49.5434104465646,55.27610884507,31.9851072354556,50.5059513346174,33.5955335367621,34.9377615721831,34.5536928426906,35.519765020873,32.4110300770771,28.7364264229738,40.0047187315807,589510242.93597,7244.44863792049,1454062741.92702,48992348.8255766
2000-03-01,85.2077,126.8717,39.8818,80.1916,82.8593,,13.1550130231884,,13.2850055754078,,,,,69.91,72.15,76.85,66.66,42.54,,,,,,,,,,,,,154964.099074976,13.66,9.2845,6.40092,8.8537,,69.9754,78.9433041605594,153.111101600307,51.5985846812519,45.3470170101979,49.5783554322908,48.7624965389252,38.3274129435253,58.6337750204522,49.7798485170985,55.5454188289083,32.2249899883952,50.7118668977586,33.9289635369028,35.1710653888434,34.8461120731392,35.5956738364608,32.7367645344758,29.174295097235,40.1692383500582,607821770.664922,7103.87374781326,1451851130.44039,48436550.1480212
2000-04-01,84.7193,129.651,39.5238,80.9281,81.4281,,12.9860745834877,,12.9586301655712,,,,,70.43,72.32,76.97,66.95,45.94,,,,,,,,,,,,,161600.996966216,12.93,9.4127,6.35178,8.52979,,69.985,76.986407570671,153.582495979469,50.0555303583572,45.6486014116491,49.8611766524852,49.0018299736038,38.5031510825046,58.9268840173299,50.1007987294572,55.9006308646014,32.4824606022941,51.0049245230662,34.2577827289432,35.4470520605185,35.8134241531798,35.515745263714,33.0549913990098,29.6299908288961,40.3269890091247,618363109.952146,6365.96715975482,1296372839.33518,36135439.0978651
2000-05-01,85.34,128.9964,39.5198,81.3961,82.3868,,12.3905463345341,,13.2494684256336,,,,,71.1,72.99,78.02,67.12,47.88,,,,,,,,,,,,,158486.216559419,14.18,9.511,6.35249,8.84999,,69.261,78.906256140164,153.700126194032,51.3244243244109,45.9837200926321,50.1691076474883,49.268980724317,38.6956576788114,59.2622942861444,50.4376515449461,56.2305774520266,32.7686076501583,51.300258493658,34.6954148769796,35.9754634054859,36.472850900043,35.9808671379158,33.5619980115235,30.2414076159319,40.5360097346098,626480345.990827,5715.20807798084,1228283384.10918,19991992.5792551
2000-06-01,86.1009,130.4521,39.2901,79.9696,83.6896,,12.5217232290692,,13.0050330212239,,,,,71.42,73.08,78.03,67.24,47.52,,,,,,,,,,,,,168914.410705477,15.65,9.8243,6.62816,9.40775,,72.4254,79.4530396321431,153.846205599353,51.644438384424,46.3405876874013,50.4566296865774,49.4616558228657,38.8715739466024,59.5271258184037,50.8231762014951,56.5489889147036,33.043091144875,51.7231429363195,35.2118039292036,36.7108426401006,37.7763237132402,36.1718665621793,33.9857348305326,30.7355033560662,40.708453293873,640503328.296544,6619.6326429233,1366675331.23414,54996572.4588251
2000-07-01,86.8251,121.6333,38.5592,78.5463,88.0586,,12.8845279031283,,13.5870724500521,,,,,72.41,73.97,79.38,67.71,50.15,,,,,,,,,,,,,166169.098356085,13.73,9.3667,6.30838,8.65764,,69.336,79.36453634861,154.068569063517,51.5016624865078,46.6608429996141,50.7788386407635,49.7650216044739,39.0828841747092,59.908098782614,51.1596996244211,56.8184915920061,33.322335488158,52.086284422546,35.492584737133,36.7632949826438,37.5499229991475,36.4495613739206,34.4729819678889,31.2534880181346,40.9294299662462,662878154.898859,6510.21548055496,1359667429.26003,34950963.8082779
2000-08-01,85.845,131.559,38.5182,79.2836,83.4082,,12.2750277161658,,12.9038826779615,,,,,72.15,73.98,79.28,67.83,47.74,,,,,,,,,,,,,165602.174134725,15.23,9.1995,6.24204,8.22251,,66.7662,79.9795234899219,153.650959803281,52.0446723173533,46.9887824461295,51.0545954247833,50.0077554565105,39.2787810726846,60.204166785134,51.4744886887809,57.040482041597,33.6043888310854,52.427786799799,35.900957340829,36.9560693163798,37.8826575778192,36.2640246239773,34.9897552058934,31.9052306354327,41.2448807237563,672993972.162401,6793.00937570896,1399673646.7334,23347478.3669945
2000-09-01,85.4414,132.1452,38.402,77.2996,83.0423,,12.3437343476978,,12.8673580942871,,,,,72.65,74.31,79.33,68.37,49.72,,,,,,,,,,,,,170495.808159133,15.06,9.4459,6.28256,8.30672,,66.0865,80.662918970774,153.931834936634,52.472497604285,47.2500103361483,51.3080750010197,50.2337522952436,39.4885859916685,60.4050821660177,51.7298198403239,57.2574392837524,35.4204280631987,52.6895735074055,36.1694649809704,37.0449665574304,37.99252899891,36.1838741888753,35.405706287434,32.4047759180973,41.5041431192093,690060077.250812,6902.64506213478,1382172581.96785,41173783.1049817
2000-10-01,85.2906,124.9181,37.9393,77.5367,83.7693,,12.2289614189355,,12.9167946160877,,,,,73.44,74.99,80.54,68.54,50.86,,,,,,,,,,,,,170484.953406428,15.88,9.5642,6.25929,8.03871,,66.3811,80.7820369361731,154.606608708358,52.2275135235116,47.5695918707869,51.6196587533289,50.3868998927853,39.6057940865408,60.6120040172915,52.2425396465586,57.5370896601447,35.688614566466,53.4476875751835,36.4895298176769,37.3525872860728,38.8288836656113,36.0753961380076,35.73624735032,32.7914820071588,41.7264515234703,694279527.764642,6801.48297601613,1399605889.23843,93822488.3385974
2000-11-01,84.3631,126.6174,37.2113,76.0319,82.8099,,11.8945442399838,,13.2376572020065,,,,,73.57,74.81,80.02,68.74,54.07,,,,,,,,,,,,,175485.585354717,17.56,9.4155,6.13712,8.17265,,65.7248,79.722068201113,155.27818460219,51.3220813529522,47.8314940199666,51.9886237778063,50.69102020273,39.8150462973708,60.9993958669819,52.7058327764791,57.8506971888171,35.9389364013214,54.0709267526321,36.5032274457667,37.4607458807283,38.4068694511165,36.2937309004816,35.9763716102685,33.1143189011255,41.8708815635629,706088081.418961,5907.98712134152,1246762936.79208,30920367.2287603
2000-12-01,82.3151,127.2982,36.6771,74.3821,80.304,,11.1797304445759,,11.1698830111873,,,,,73.0,74.41,79.35,68.7,50.99,,,,,,,,,517763173.229914,1769086760.22401,1935650544.11583,1971802128.23424,179977.873964805,17.05,9.6098,6.39628,8.93904,,65.1794,77.3845543720304,155.781983607124,49.6685538026615,48.2682246233453,52.2899664102097,50.9356113789142,39.9943726283806,61.302180780871,53.052605471243,58.1497137803821,36.1855632049419,54.4739809174284,37.125410219167,38.6176720304821,40.5485525592615,36.4571294658147,36.2400212031435,33.4899501448602,41.93331708152,714442026.058351,5578.01082989529,1178641671.34538,27121756.4632127
2001-01-01,85.0344,129.2041,35.8298,73.9548,84.2684,,10.9396179659438,,10.676988059419,,,,,73.33,74.59,79.2,69.23,54.7,,,,,,,,,509976915.587998,1753837546.02364,1941412062.61765,1969203172.64751,173117.999358411,17.89,9.6828,6.44923,9.00791,,67.8552,79.2013060088818,155.388343239317,51.0131611792853,48.3569019683613,52.4926405031754,51.1610814036413,40.1672088195909,61.6169152604507,53.2701095462142,58.4391070654072,36.4767383556511,54.5618540624451,36.9020857108468,37.8989214365516,39.380126260817,36.6534362736039,36.3433003732783,33.8140334128585,41.9273451843785,724072945.34538,6551.69102262505,1327129533.69754,34996779.9804106
2001-02-01,84.3858,132.8045,35.4695,72.326,83.5928,,10.5141103603507,,10.4957085317268,,,,,73.3,74.59,79.01,69.48,54.25,,,,,,,,,513722703.019392,1784785107.6301,1976483528.03245,1999302822.28323,174428.757863394,17.34,9.7025,6.33903,8.97287,,67.1771,78.7590053153639,155.577051303562,50.5968810868815,48.2743150151271,52.7572811588664,51.3793396900132,40.386363041027,61.7678794038324,53.5645516855432,58.7111540278687,36.7148138940502,54.8564597789855,36.2648628987387,35.6488700392434,35.4534292003882,36.31463744265,36.5137658298811,34.0947017487345,42.1169592386214,722992334.620879,5908.15646952346,1321844326.79162,26938207.188625
2001-03-01,83.3422,132.0926,35.0201,73.2171,81.3836,,10.6829914220972,,10.6845947718367,,,,,73.22,74.5,78.68,69.6,52.84,,,,,,,,,511510623.302698,1807083212.08358,2005836280.96245,2025013442.6342,178629.566066536,15.8,9.4933,6.01334,8.36739,,65.3929,78.0594010275934,155.327918626391,50.3148531531437,48.6429556518537,53.0257389934225,51.5784505038795,40.6178070605713,61.9297070145195,53.9255898535923,58.9816987957421,36.9450343028899,55.2850009369751,36.658941880397,36.4939453246658,37.0914961768818,36.5189160824083,36.5475070374554,34.0271924372253,42.3755941389522,723183861.149284,5447.99865943362,1239730041.91,41279369.031931
2001-04-01,82.5855,128.614,35.1365,70.1235,81.7091,,10.6119350002082,,10.7154186554229,,,,,72.98,74.53,78.96,69.35,50.31,,,,,,,,,520242027.510133,1840698954.67578,2034551070.11875,2059126669.65763,177327.499199321,14.96,9.2537,6.02185,8.20896,,62.8012,77.9138860982235,155.281088979911,50.1119781418209,48.9260984289918,53.2962779837567,51.8098007095647,40.8970626101106,62.0926877300207,54.2311551512295,59.2586659504734,37.2003125985511,55.6176047025928,37.0106197873603,37.2723518175412,38.0251656870362,37.1797835316214,36.4516599171708,33.8464183467355,42.6075093865035,723091955.333785,5745.59805670844,1273291804.60986,38315742.801732
2001-05-01,83.156,127.8053,34.717,71.5513,82.3144,,10.4055296168217,,10.759085035159,,,,,73.17,74.68,79.28,69.31,51.03,,,,,,,,,524235471.90793,1850294967.14633,2059596703.25914,2089326551.53331,179137.1843276,11.95,9.1835,5.9398,7.78761,,61.3574,77.8778631298318,155.454639456988,50.0975504790686,49.212918378699,53.5697280434994,52.0044378009774,41.1513073328321,62.2035816980495,54.5851368365433,59.5158212792125,37.4993787096167,56.0270699078323,37.4166381328056,37.7278988731264,38.0936444107469,37.86371925672,37.04354642779,34.1678874307383,43.3803868647915,722617849.89113,6333.28109275374,1375077477.75825,49564743.5044992
2001-06-01,82.9364,131.4436,35.1384,72.0427,81.2081,,9.65199302863478,,9.96877291895037,,,,,74.6,75.69,80.91,69.54,52.91,,,,,,,,,532218546.645066,1876311794.20824,2072431137.56471,2102191758.98033,183542.162001482,9.43,9.0708,5.97584,7.69476,,60.3578,78.1668180027083,155.357530249485,50.2973116409168,49.4107804321077,53.8581921526248,52.253516745942,41.3903600073803,62.4648782503221,54.909237077447,59.7570600694112,37.7930822696027,56.3796405711995,37.4513258223147,37.6402395186926,37.4665587842848,37.9199689764247,37.2683426171312,34.2752864728825,43.6538877374028,724732072.304727,6416.80723208923,1357830357.76535,38960134.9864301
2001-07-01,82.9538,131.6655,35.1299,74.4326,80.9961,,9.21531442025971,,9.85921500084432,,,,,73.3,74.81,79.25,69.66,51.53,,,,,,,,,545887891.929599,1914135200.78557,2096751300.24951,2128053140.07107,182919.380753755,9.39,9.1408,5.98412,8.00917,,60.7606,77.2587133276474,154.746577175174,49.9105579326408,49.4175026977778,54.0787722106101,52.3833918583496,41.5495216570122,62.5578313084809,55.2351526321841,60.0557567335662,38.0598947723441,56.7023989104958,37.003790311685,37.2812011853482,36.3856304500882,38.0158093906904,36.8313240293376,33.1975088454607,43.8917362408491,727984542.015602,6553.10984903083,1385889352.80702,40085001.8287353
2001-08-01,82.9275,131.2997,36.4801,74.9345,80.2752,,9.07080708472523,,9.68073227843647,,,,,73.72,75.13,79.84,69.65,52.74,,,,,,,,,563533454.063409,1964769261.87995,2145380862.20979,2174315487.31434,187665.194539897,7.51,9.2,5.93584,8.43456,,61.4164,77.4323799168478,154.881329436298,49.9779740581656,49.752017948366,54.3065232907815,52.5097409658236,41.6673975288068,62.6923124114158,55.5788734855927,60.3373998351134,38.2826297619915,57.0884803847771,37.5537223843424,38.7087647279092,39.0666793968494,38.3296995620541,36.6300213747762,32.7675606318216,44.0609409927603,744195937.009066,6428.25939483635,1330360589.13473,281915353.565504
2001-09-01,83.2259,130.4872,37.0474,74.2129,80.8145,,9.1958014859298,,9.62915127561982,,,,,74.01,75.38,80.62,69.37,53.19,,,,,,,,,595122478.919162,1990007091.36506,2172879417.85289,2204024490.67511,191427.303910979,9.32,9.5098,6.01809,8.71763,,63.1392,76.3751514031368,154.804175539279,49.4457275928208,50.1120384733714,54.549243836693,52.6634741313511,41.8071273123975,62.8473938593259,55.9413205487675,60.6552550147608,40.475326440035,57.35441640814,38.0953566788069,39.4872039627068,40.1019702398324,38.7501560243876,36.9779189426747,33.2675278946835,44.1762581112371,731381545.633949,5859.90458382569,1133708422.07165,22157250.2441607
2001-10-01,81.5954,128.5378,38.3558,72.074,79.1313,,7.63382831183551,,9.22645139238238,,,,,73.81,75.15,80.37,69.06,52.4,,,,,,,,,595870077.31367,2025724408.21706,2201879476.79131,2229178901.53164,189953.532343787,8.36,9.2542,5.83274,8.37598,,62.3133,75.7430011450072,153.507461974379,49.2919834663897,50.3238537797124,54.7326329442819,52.7483262680348,41.9416740046259,62.8549897284219,56.2379139028756,60.9377521903285,40.7374963638935,57.6643390572504,38.3377456029822,39.822400765673,40.4368819444856,39.0435462809613,37.0810050795555,33.3336121075315,44.3748081904945,749213586.864067,5834.39056674401,1131614394.94977,28482078.5696455
2001-11-01,82.3202,132.2059,39.6706,73.0531,79.076,,6.84718882491155,,7.2381037279447,,,,,73.9,75.2,80.51,68.96,53.28,,,,,,,,,609950566.238801,2024199823.0311,2242289563.10913,2268745337.52025,194257.212637291,7.43,9.2681,5.89572,8.24768,,60.5812,75.682105092152,153.082647035653,49.4317644481789,50.3256796513919,54.8976628186092,52.8219145983754,42.0452192418294,62.9004594825583,56.5245997212829,61.1892298452609,40.9955096426314,57.950852693815,37.998332720979,39.6452799255724,39.7754539686494,38.9714774050848,36.9947266761054,33.2735127469356,44.4918468091881,742463852.66249,6049.53812983703,1146347638.39016,37481997.7405274
2001-12-01,81.7452,133.1734,41.6146,72.9251,77.9928,,7.36394450501351,,7.31152167844877,,,,,74.2,75.29,80.61,69.1,54.09,,,,,,,,,612894172.257416,1996723752.21669,2173188242.19684,2213110669.77048,195395.518215448,6.29,9.1695,5.74102,8.11501,,59.8519,75.9612814012989,152.888628598558,49.6510241422607,50.3712980409329,55.0546387937689,52.8840907762299,42.119892761325,62.9391215128493,56.7870248225375,61.4324394450346,41.2516405888898,58.1866706239599,37.7068148678833,39.1443409633754,37.923027553147,38.9261174743616,36.9228160642576,33.0252144775384,44.7096391381568,760117520.467355,6294.93012521278,1136409115.2673,42547744.0491809
2002-01-01,80.976,130.1028,40.6073,70.8318,78.2782,,6.81815224162989,,6.96049135861975,,,,,73.94,75.25,80.75,68.86,52.04,,,,,,,,,616039686.939647,1999121659.54326,2190488682.89569,2222079691.09017,197307.370058414,6.97,9.1463,5.75202,7.896,,58.6604,76.0968461315457,152.786692302707,49.8587400628993,50.712072121751,55.1929293465826,52.8613206348935,42.1389022770691,62.8991413659419,57.1360013028716,61.6864443055611,41.4998248227288,58.5931917691336,38.4010472026533,40.0269286285844,41.5310824151881,38.7198098600776,37.2412365492748,32.7084403399714,46.4678233944267,781166361.623659,6864.16879637365,1222574822.91675,30881600.9311333
2002-02-01,79.3137,129.0473,42.2608,69.5688,76.9165,,7.02314170243764,,7.20710107577045,,,,,73.33,74.74,80.02,68.63,52.2,,,,,,,,,622909641.808594,2005753399.37992,2214661778.19473,2240201166.30632,200458.617835624,7.91,9.1303,5.68973,7.90136,,57.9653,77.1280989200588,152.58750562867,50.4878708007339,50.6303636622119,55.4663002748485,52.9978324668387,42.2636514552252,62.9831491756974,57.5390674801465,62.1386581880102,41.6950436109972,59.0233413074265,37.7890603194234,37.183886753296,36.4976573808171,38.3622045472728,37.8840159392244,33.7719760803926,46.623414078818,800654836.952265,6573.84832944564,1162500600.81794,26303529.2564258
2002-03-01,80.2174,126.7125,43.1689,68.1314,78.2531,,6.25254872068042,,6.5907621393326,,,,,74.87,75.8,81.87,68.86,54.91,,,,,,,,,645370069.101327,2032379210.04891,2242156525.32265,2264329321.6411,219272.094817996,7.23,9.016,5.66079,7.8908,,55.5649,79.2814077781047,152.724723636621,52.0009981120165,50.9138575404794,55.6522494962559,53.092933286074,42.4619296345925,62.9643321714159,57.8511647306479,62.4244694763058,41.9828972718153,59.2826601626365,38.0967063240758,37.4249115607176,37.0148357532891,38.1802757734145,38.3481763865432,34.428629051466,46.7760713452306,808146596.009612,7078.24976531649,1243455170.63195,28482813.0073835
2002-04-01,81.6354,128.863,44.5812,70.4356,79.0633,,5.90968769709689,,5.98236646603737,,,,,75.16,76.28,82.46,69.08,57.14,,,,,,,,,640082449.857645,2026045733.41713,2248701974.7843,2279485142.9956,204277.020665758,5.76,9.372,5.9709,8.44511,,56.0843,79.0163126788612,152.780305305631,51.6641603540454,51.23276054888,55.8573135505955,53.2022955151891,42.5966702470365,63.0388050410682,58.1676240825473,62.7380615960228,42.2358159933486,59.6185815775799,38.6852595775508,38.070201157736,38.6746502449314,38.0816760942474,38.7847462298104,35.0692084860203,47.0168732892644,828128882.337735,7233.24711028698,1257089826.95051,53811067.261292
2002-05-01,81.0232,129.2752,46.3654,70.8847,77.7878,,6.34171697067283,,6.60508518118532,,,,,75.04,75.94,81.76,69.17,59.0,,,,,,,,,644286596.96495,2065098905.67292,2261618155.62363,2291847810.71391,210552.008592628,6.61,9.6562,6.32037,9.06331,,59.3188,79.1065808778493,152.812394390996,51.7753461038529,51.5554611091136,56.0304121745683,53.2704858715189,42.7225377569873,63.033075500296,58.4594973883787,63.0608600931648,42.4689081799762,59.8771023058234,39.3722475963585,38.5380434662844,39.9082860700896,38.078601686903,39.9004724382661,36.4042944140195,47.2664806539458,836554820.0644,6811.20181058864,1212779824.38875,32983411.5547753
2002-06-01,81.2212,128.3245,46.8479,70.6649,78.2952,,5.73982611267786,,6.07001555637309,,,,,75.37,76.15,82.01,69.33,57.1,,,,,,,,,654081359.834495,2068643099.40173,2275257315.2885,2304502603.03384,214311.078281915,7.3,9.9568,6.5467,9.9329,,61.6367,79.5586110976367,153.248359208778,51.881222167873,51.8872328274476,56.2059801064376,53.3323915360405,42.8140982583749,63.0606054585673,58.7651289011127,63.3967709079915,42.7276727610547,60.1319702652103,40.0507850819311,39.7142711403371,42.6023260691899,38.1469179665999,40.2892999111285,36.8108642877492,47.5034032864725,849936235.41167,6306.41559094447,1111803881.86063,26816683.5194497
2002-07-01,81.4305,128.3658,47.77,71.7122,78.6449,,7.02038539542513,,6.52559264746846,,,,,74.92,76.28,82.52,69.01,56.76,,,,,,,,,662032685.36565,2090910910.96683,2291977546.09262,2321589930.7525,215199.49930814,7.38,9.7861,6.17806,9.57472,,63.1505,80.052080689146,154.190686051212,51.9022083913941,52.1592798199729,56.4023657442539,53.4401920811357,42.9421823970066,63.1442643304588,59.0491221855101,63.7140375237076,43.004878137024,60.3494289882009,40.4777694027088,40.6158735624624,43.9883541683648,38.5505384123041,40.5147381681821,36.8784477479238,47.7023756961726,842244970.303031,6126.18060675956,1049960088.59948,25684879.0663098
2002-08-01,82.372,129.2757,47.9398,72.7794,79.2392,,6.00331956290194,,6.45855983531975,,,,,75.05,76.33,82.39,69.19,56.82,,,,,,,,,667315002.237573,2089506149.74588,2297250294.25555,2323310850.30431,220104.492141386,6.68,9.9109,6.35437,9.76818,,62.8038,80.0729447785757,154.95816066647,51.6580780630175,52.3768786669572,56.6237335194622,53.5511715322471,43.0980680491342,63.2041891853051,59.3682861078615,64.0275947473094,43.3149460810584,60.6155483124321,40.7069448065739,40.738933973401,43.4609992779709,38.7562365422407,40.7912063261158,37.2315438941009,47.8962263636794,854565457.539553,6352.54344742068,1082212497.61258,26470993.5365344
2002-09-01,82.3395,127.7499,48.6536,73.9596,78.884,,5.44659792957337,,6.16244799284672,,,,,75.08,76.31,82.39,69.3,56.89,,,,,,,,,672500725.287916,2076581855.87601,2293133847.14405,2323523603.67426,220831.411258334,7.34,10.2299,6.44934,10.07441,,63.9382,80.3554390449474,155.528279498342,51.7840809179233,52.5739740338987,56.8210813480325,53.6216291329185,43.2293289160702,63.2127990732765,59.6955478086941,64.3125552250684,44.611520606706,60.8476419341177,40.8005074035934,40.3856752670296,42.2718117506101,38.7569125806942,41.1635954566142,37.6531843919523,48.1683393369615,848507531.079956,6116.07626068587,1038260979.62864,20618013.9370397
2002-10-01,83.2589,134.2878,48.5712,74.0249,79.4627,,5.35248637014855,,5.85236692448996,,,,,75.43,76.59,82.54,69.61,57.61,,,,,,,,,672349871.144224,2077074866.04987,2302028672.28167,2333236153.40504,223865.766291338,7.66,10.1552,6.48481,10.01506,,63.7873,80.0360080437213,155.667757204974,51.3782149994282,52.774972976659,56.9952922396149,53.7581490478248,43.4183974274422,63.2747135549993,59.9012899352911,64.5956457091837,44.8531359535958,60.9880758913333,41.1117952044664,40.2349448620849,41.59138589216,38.9261110620877,41.662344005911,38.3072687501195,48.3522930773352,856905638.45626,6242.68444214647,1069432471.42175,18155972.3274345
2002-11-01,83.294,127.2048,47.4441,74.9507,80.2098,,5.3075648637697,,5.77364615321365,,,,,74.69,75.96,81.51,69.49,56.63,,,,,,,,,679959815.173289,2150027110.73314,2414144565.98797,2442038556.20914,228133.090627058,7.3,10.1465,6.47722,10.07243,,64.4905,78.7277451155895,155.689485432022,50.5369530603202,52.9923742057909,57.1414621098025,53.8097887432773,43.5417052452939,63.2805623612784,60.1467295660709,64.8719670506842,45.1184431554406,61.1629876073295,41.5887456073958,41.4180785369278,44.558371240813,38.8761979925071,41.9560316750828,38.6353869909944,48.5461664166418,868134248.535333,6303.72943620902,1094492623.0474,39550682.4568521
2002-12-01,82.4607,130.6542,49.2023,74.3,78.3934,,5.76621216327691,,5.73319160468047,,,,,74.56,75.96,81.51,69.52,55.49,,,,,,,,,692171787.419398,2118242389.60876,2350192104.50139,2385963761.59587,229854.584115688,6.88,10.1465,6.42223,10.64469,,64.9237,81.13102505631,156.172154219403,51.9100952234879,53.198687173336,57.2899057079506,53.8789544835283,43.6498338337538,63.3129499983773,60.3726893332086,65.1131734052225,45.3840970809817,61.325112692017,41.9178224666376,42.4923305528689,46.3432221435322,38.8458030329293,41.9168877441935,38.485227551621,48.6286582234012,872745286.046845,6035.7647703882,1060272711.72739,20633729.5868386
2003-01-01,80.8135,130.6153,48.2091,74.5726,76.491,,5.36750764030117,,5.43988774880831,,,,,75.56,77.0,83.13,69.88,56.16,,,,,,,,,700071201.403438,2170564383.09221,2390914072.7024,2432315252.9524,235337.170723756,8.27,11.0324,7.40682,11.91168,,68.5776,82.0830965313036,156.391254775619,52.5428517295051,53.3516071448749,57.4512710529593,53.9284241445651,43.7446162114438,63.3539306038984,60.647390804385,65.3430686663963,45.6483265030181,61.5994739037462,42.0021427356671,41.6487726951904,45.232732407101,39.0289759223083,42.2238114243756,39.1616737580331,48.6213368503941,864373677.487399,5808.53679436816,975634358.68688,17415029.8115961
2003-02-01,82.6075,131.9987,48.3383,76.4472,78.7735,,5.00374797256022,,5.17087258722929,,,,,75.8,77.71,84.22,70.2,53.4,,,,,,,,,702588944.640347,2183511447.74093,2390544123.05372,2420262324.5417,239514.719547622,9.04,11.0324,7.40682,11.91168,,71.2386,82.6473649346873,157.611685129965,52.3641025053021,53.4363936903879,57.6320377132584,54.0314225550805,43.8982441636192,63.3823615629918,60.8767927141415,65.5809585156387,46.0063817173044,61.79593270361,42.0232340414363,40.979486148332,45.143693396086,39.4378082173526,42.2414399592247,39.2973042306793,48.593104871833,868651467.939034,5790.2313238361,966995917.09616,18670318.4781145
2003-03-01,82.0689,133.0542,48.288,73.2913,77.8944,,5.12265238613066,,5.42652061191144,,,,,75.82,77.52,83.91,70.1,54.18,,,,,,,,,717643991.978597,2152895026.81724,2376610285.50651,2405545150.1175,240903.71361367,9.17,10.7889,7.33289,11.7599,,71.2197,81.1391648739814,157.262125009571,51.6951185776403,53.7707114168278,57.8348132906316,54.1992694373447,44.1116379936779,63.5036650557383,61.1376786362027,65.8449553293566,46.3030715518674,61.9448604940131,42.553377761749,42.3305955873996,47.3767373363489,39.8378009209266,42.3901349461993,39.5051044833624,48.6089576103777,875913400.748876,5726.45382632254,952670289.508881,14720705.9814473
2003-04-01,82.2493,131.7153,47.7795,74.2042,78.2498,,5.0805986877608,,5.42882255241699,,,,,76.23,77.56,83.76,70.42,56.08,,,,,,,,,714293894.434483,2165451986.2667,2383153528.57833,2417548450.59561,246884.621996365,7.86,10.3,7.16818,11.46287,,69.1805,80.4102409861098,156.894399268411,51.2214409389777,53.9132198162052,58.0313569515827,54.3017484758225,44.2666619941906,63.5583836443279,61.431429740691,66.0334024644645,46.6067025144059,62.36527263156,42.5666825987643,42.0806272346297,45.6733401436126,40.2561135785605,42.4878595134531,39.7482617831622,48.6606371945617,883320106.898346,6337.31394145232,1023011844.1831,58599752.8390495
2003-05-01,82.5015,132.5666,47.8581,72.7187,78.7454,,4.81080818127418,,5.00417809833395,,,,,76.01,77.79,83.87,70.65,51.68,,,,,,,,,724513320.30555,2193577892.39717,2408237476.69874,2442918730.72524,248170.984124137,5.25,10.3377,7.5337,12.23053,,68.8524,82.4139205343459,156.990976886036,52.5161100176821,54.0165983777686,58.2455873441574,54.4397234956368,44.4318045695232,63.6657382978948,61.714659518245,66.2518021015068,46.8673367719214,62.7081133656945,42.3075317092727,42.0690658777974,45.3601134843764,40.379324732193,42.4009302141457,39.3631960052083,48.7831160456461,908540133.233258,6588.05389907793,1071926071.42653,19991175.6598392
2003-06-01,83.018,133.6675,47.5144,73.3992,79.284,,5.4236791474351,,5.52327971339685,,,,,76.57,78.17,84.67,70.6,53.3,,,,,,,,,725865437.824598,2146855701.37289,2367665069.15685,2403628826.67419,242145.072874316,5.2,10.437,7.66692,11.92219,,70.6987,82.1734357116872,157.190726666921,52.222396302539,54.1644789303797,58.3945016925702,54.4967920624754,44.5733575650807,63.6371140478018,61.9507836687617,66.485744598566,47.0924507197428,62.9215521996041,42.4519342396996,42.3349972779734,45.7546816897427,40.4586104151894,42.5640291975058,39.4771110236843,48.9510427735046,924443655.223099,7020.03123740152,1122605885.98953,31127034.5198327
2003-07-01,82.7841,134.5856,47.1054,74.2873,78.7305,,4.57448265668025,,4.86650487855856,,,,,76.98,78.2,84.61,70.74,61.01,,,,,,,,,733946805.599912,2207611036.20016,2432066291.47786,2475081368.26054,248229.276506617,4.57,10.5243,7.46773,11.89562,,69.5314,82.4360747346947,157.099930817185,52.4836451525045,54.3359796350463,58.5747613373108,54.5841720025072,44.7091820271017,63.6764478811219,62.2192612196607,66.6835811595596,47.3931609472182,63.2057936492529,42.615217913647,42.5236479442552,45.8749268920988,40.3575407729946,42.7981824643401,39.6320541452267,49.1265256851792,949122824.130208,7508.83818398782,1182770156.67054,26657423.6951889
2003-08-01,82.574,134.6209,46.8768,73.2561,78.3632,,4.97482486366514,,5.36836887865638,,,,,76.19,77.64,83.65,70.7,56.68,,,,,,,,,741733376.17798,2210043374.4361,2444268868.24674,2491621452.97819,253384.952755681,4.45,11.0475,7.96845,12.13016,,70.8244,82.0065884652248,157.343888257365,52.0633222682206,54.504182709807,58.8178660476078,54.711992331513,44.8515556730174,63.7869441208589,62.5567125417235,66.9324242172504,48.1220442404028,63.4165576792633,42.6122652137339,42.1365987271409,44.5659206372312,40.2306500524422,43.0499336788884,39.9366358108472,49.3243523480587,950645435.806713,7785.36562237403,1218044681.10675,24506084.0231405
2003-09-01,82.3843,134.322,46.8271,72.1644,78.5191,,4.73107272924793,,4.94629104316489,,,,,76.43,77.97,84.08,70.86,55.77,,,,,,,,,743721358.950642,2228239363.02306,2476576869.23971,2524186883.99529,249358.495982677,4.73,11.0133,8.16163,12.80847,,72.537,82.2798647756582,157.677659223784,52.3064220938641,54.6898822390119,58.9252547722983,54.8144907766216,44.9638173048942,63.8774151675869,62.6946556698051,67.1449065129546,48.4891614063187,63.5887095129848,42.9287300677996,42.5450129826091,44.7525244806658,40.6052671844593,43.2785986598044,40.1915184503421,49.5125349126259,986409896.144319,8194.70499213413,1268297641.48538,27135387.5237781
2003-10-01,82.9667,136.9737,46.791,74.0713,78.7377,,4.73625296253864,,5.19377146357892,,,,,76.41,77.93,83.62,71.23,56.9,,,,,,,,,754204834.211095,2221406486.2597,2463324258.1684,2507137695.47279,258990.219769463,5.11,11.0525,8.3915,12.84743,,75.7939,83.1167594483379,158.750432081011,52.356086511277,54.8472464777508,59.0882026010349,54.9166910544628,45.0918827797475,63.9317276812411,62.9099884261085,67.3901648556946,48.7159606875605,63.7767070538282,43.0910713870753,42.7357155870522,44.7134361782096,41.0433846375211,43.358737727041,40.2213891956754,49.7148990212382,1002876953.07461,8337.79688402634,1306379978.48193,33413440.7442034
2003-11-01,82.4323,136.382,47.4425,71.9306,78.1189,,4.45625501152626,,4.6578650530782,,,,,76.7,78.33,84.06,71.77,55.98,,,,,,,,,767023013.089886,2191160594.21697,2458355604.64886,2498659895.83753,261310.525518545,4.99,11.3985,8.76875,13.65426,,74.8285,87.6922096750257,159.741568358631,54.8646417591798,55.0805543744208,59.2826365071167,55.0851186329706,45.3568584378157,64.0322748090908,63.1215397165433,67.5850898386724,49.0065332044611,63.9424152095827,43.4676108787507,43.4339285292066,45.6094068981468,41.7533209988912,43.6753425153353,40.56738242485,49.9206401161746,1006611166.56664,8628.28880558705,1348305366.03332,35980804.6693716
2003-12-01,83.85,136.915,47.327,74.2121,79.6668,,4.22730411812224,,4.20119866471163,,,,,77.8,79.49,85.79,72.14,56.71,,,,,,,,,777475658.018165,2267658832.4756,2528283465.08411,2570381636.81333,265682.611900148,6.06,11.2372,8.70355,14.16449,,77.1563,89.0608988560084,160.520340658814,55.4663364527668,55.265827372643,59.4782157674282,55.2502822336774,45.6337517173248,64.1033380133645,63.341441546706,67.7843480477002,49.2810532282088,64.1392678919854,43.6626714719341,43.9421618201872,45.2655575113671,42.0433543678376,43.7848404990885,40.6763337899539,49.9510250294425,1021605417.01555,8629.21196831008,1350962720.99816,24143514.3558955
2004-01-01,84.1059,135.6554,56.6144,80.1988,78.4266,,4.67325954450238,,4.95372895241569,,,,,76.43,78.07,83.28,71.93,53.76,,,,,,,,,790567381.912787,2307483676.38173,2543529199.82823,2592069310.00812,266642.859374513,4.95,11.0214,8.29052,13.68197,,75.4644,90.1309198135078,161.646589252457,55.7914645796192,55.5825688710255,59.6407065438682,55.4094654891147,45.8841317660124,64.1750425650699,63.5181209931117,67.9421905975289,49.5404267880932,64.26309860507,44.348305686057,44.5876740510571,46.225005385121,43.2313860599806,44.0867648343052,40.8594289482425,50.8804749155411,1024184074.92411,9112.51552285835,1426625103.03053,42268859.6765258
2004-02-01,84.2295,135.0646,57.1766,77.2672,79.1204,,4.51336095284673,,4.67257915307525,,,,,77.45,78.81,84.67,71.93,58.81,,,,,,,,,799399806.016263,2274257901.40452,2531276223.51893,2585932757.9801,271611.691382644,5.57,11.0606,8.24678,13.74058,,75.8635,90.6450760503393,162.435004148753,55.7327867967226,55.8437827902765,59.8203385968893,55.5779639851935,46.1574283837691,64.2340136125223,63.6762951047169,68.1166638628673,49.8316064392752,64.3829607637627,45.0331405847936,45.1511632397412,48.8686730124258,43.9894941380359,44.5541975819905,41.245907910938,51.6306281391257,1037839775.38974,9831.35704667587,1536638504.22453,55463027.9097302
2004-03-01,85.9826,135.6994,58.6778,79.7608,80.6806,,4.43371409087243,,4.58427811959309,,,,,78.05,79.29,85.44,72.09,59.63,,,,,,,,,799812505.320116,2295170605.66498,2537252067.7822,2607294716.21959,270308.928116043,6.28,11.1748,8.52,13.73606,,74.8333,91.6019150946657,163.783671928947,56.0354316091243,56.0281143988562,60.0143847724748,55.7285230966598,46.3965457361429,64.2914250501162,63.939349623597,68.5005635953947,50.1220977403345,64.4357339399861,45.0436801005706,44.9830528067558,45.9279472750456,44.8141347708245,44.8303812991238,41.4631395703481,51.9943948370066,1055692401.13365,10286.1732066569,1606693874.38799,95816301.1186529
2004-04-01,85.8522,137.1469,58.0079,79.6227,80.3506,,4.36800415935153,,4.50370117665883,,,,,77.69,79.04,84.77,72.28,58.57,,,,,,,,,812510794.201483,2308665058.04961,2554863758.51525,2603385153.94871,276124.30080959,5.98,11.4093,8.30129,13.67747,,76.2808,91.4683750531058,165.452811942242,55.2762091862881,56.1773110010338,60.2105003454562,55.8797757419467,46.6471684392965,64.3453974695273,64.1953926945429,68.8062925377769,50.4481361906394,64.6682301605516,45.0524287705145,44.2452338233768,43.987333171292,44.6459181024376,45.2475173441269,41.8522624462598,52.6479288000062,1060768624.37291,9755.66535856683,1534706687.35918,42403987.7286501
2004-05-01,85.4994,136.187,57.2937,78.5078,80.1341,,4.29470507041533,,4.54925622751146,,,,,77.72,78.81,84.4,72.35,60.56,,,,,,,,,831189314.185032,2298861267.25254,2557650259.60863,2604390381.59292,279229.231803853,6.59,11.4147,8.37531,13.96823,,77.7161,91.43150623896,166.595267382248,54.8913429755304,56.3720634753679,60.4112685572817,56.0544750389503,46.9067546321856,64.4462824323813,64.4063706454602,69.0499707090979,50.7613396652649,64.7955625378431,45.1701843021037,44.1387311851456,43.7428251471681,44.5901646325462,45.7634486182559,42.3581038074046,52.789234210511,1064235030.59053,9984.37496763816,1547495004.31674,34284616.9460692
2004-06-01,86.0175,136.9674,57.691,79.5176,80.6939,,4.84099000676381,,4.90533318661194,,,,,77.79,78.91,84.24,72.75,59.95,,,,,,,,,845245485.358647,2330993697.7377,2600754076.81508,2660174469.64443,281166.646827913,6.57,11.5258,8.59237,14.01768,,77.6204,91.8907361825077,166.378716903599,55.1585113575748,56.5898176240714,60.6313232650149,56.2825869760819,47.2011815609661,64.5953743833299,64.6155672896824,69.2308745311036,51.0191165391253,65.0069087150819,45.3131777846693,43.9365428729023,42.7546993722686,44.7861800151411,46.2078104672194,42.9623109092532,52.9619375706523,1063785677.73127,10343.5302152382,1600756978.84528,30497376.7660716
2004-07-01,85.5881,134.6798,58.2062,78.2138,80.8647,,4.14985698949647,,4.44870662378845,,,,,77.97,79.3,84.5,73.18,60.59,,,,,,,,,842400308.343599,2320390894.8563,2587209656.50741,2642524933.48114,287884.298913514,6.81,11.4079,8.58445,13.73169,,78.3796,92.1107532457483,167.628444486748,54.9542450859862,56.8042168134501,60.8142908265711,56.496784008417,47.5030496285165,64.722292074601,64.7708674390868,69.4203342694633,51.3945256346865,65.0070848508292,45.6068752612316,44.1734263293067,42.0806482813716,45.2053679728545,46.5924363193904,43.3763682575656,53.2137990438556,1072311694.34441,10307.2256994972,1614151225.06579,33331759.3508971
2004-08-01,85.5736,134.3284,58.8005,76.7257,81.0489,,4.25938686287324,,4.49576225788114,,,,,78.42,79.4,84.63,73.33,62.74,,,,,,,,,848357323.388844,2337406016.38848,2589257168.74755,2652546434.52915,289267.590153483,7.21,11.3807,8.63158,13.83097,,77.1329,93.5407657130924,167.505174943134,55.692893599091,57.1404123635847,61.0282785875829,56.6974319293912,47.7983201438734,64.8323971791173,64.983032591096,69.587624261886,51.6633236950346,65.2086855837387,46.3639230542357,45.6751395127719,44.2076004886679,46.0472022637195,46.9181072782113,43.8032786076655,53.3768697664966,1079728098.70246,10566.3977858768,1623765067.02395,33349586.0050821
2004-09-01,85.6736,137.288,58.9459,78.4151,80.4122,,4.5935454728347,,4.71486277346069,,,,,78.27,79.26,84.28,73.48,62.16,,,,,,,,,855280056.499088,2376676760.06627,2576263395.34513,2657773220.11705,293008.75332551,7.36,11.3884,8.98488,14.13984,,77.4044,94.0434100547513,168.528487366279,55.8995149683661,57.4551897561674,61.2161962447769,56.8902973548766,48.0603595423632,64.9596764609064,65.1830492099087,69.7815319343846,52.1948581305555,65.400258841929,46.9430055755314,46.6625462675063,46.243060476195,46.2981355614407,47.1864333844851,44.1479223988471,53.5277122289355,1068380181.36531,11274.506896183,1732865741.98639,46496343.5754023
2004-10-01,85.9968,139.0993,59.3019,78.7648,80.4044,,3.62749062971825,,4.57563948195972,,,,,78.16,79.3,84.18,73.74,61.2,,,,,,,,,871385170.56456,2409105066.46923,2623203115.56807,2711671878.83069,297241.867228405,7.76,11.539,9.46671,14.69376,,77.3682,96.8174837824006,169.161628818481,57.2847751691075,57.788591956447,61.4214542921473,57.0944889792025,48.3300099533017,65.0781336312997,65.3883693033578,69.9337403377067,52.4178015873781,65.6364213135277,47.6651412661117,48.2565930527101,50.2901687769254,46.5305685515624,47.3452265851486,44.2938436686809,53.7569904843983,1064343316.61633,11836.5849860703,1793378186.65395,43333853.0681413
2004-11-01,86.0362,136.9695,59.2284,79.7119,80.5112,,4.21258051145529,,4.39969997102818,,,,,79.47,80.53,86.01,74.06,62.62,,,,,,,,,868585975.539896,2442662761.11293,2627219831.2363,2721677235.82147,297123.91917421,8.2,11.2373,9.46462,14.93212,,78.5995,95.5567945012906,170.124715450471,56.1673268657627,58.0635517017558,61.6063061690385,57.2296908637266,48.5213925962057,65.1830268371069,65.6094411020314,70.1123981185192,52.7028290869203,65.8516820125544,48.0877693574266,49.160402303803,52.6053701034762,46.943663135364,47.5629000401464,44.366790744006,53.9242261119327,1074096762.69016,12087.0430392732,1799229256.25349,45027327.4883339
2004-12-01,86.288,132.5018,60.1636,79.6217,81.6347,,4.25732956027913,,4.3580446464816,,,,,79.25,80.18,85.35,74.15,63.98,,,,,,,,,861382940.074252,2422397541.93421,2636945012.03424,2731861103.24446,298664.414972707,8.5,11.1495,9.29512,15.16332,,78.2486,94.9304867829095,170.49429085475,55.7152376047107,58.0807521283149,61.7914250970253,57.366956137241,48.7941017852942,65.2132932344238,65.8246142268048,70.280912200594,52.9880655574535,66.0839610297567,47.8213461526085,48.2514191377112,48.3982123929118,47.3549096160139,47.7566150103646,44.5740337093181,54.0916685719278,1084198838.31375,12657.0629423019,1882041714.47973,52277224.2451311
2005-01-01,86.5018,136.0759,61.1988,82.0079,81.013,,4.35295027356033,,4.61981403925317,,,,,79.49,80.28,85.58,74.12,65.35,,,,,,,,,884813066.907171,2433242850.03526,2645250160.6345,2757788147.37112,303684.25109748,8.6,11.2141,9.05314,14.61085,,78.1923,95.452390300491,171.534882837624,55.6577181731539,58.0777790266363,61.9701803641184,57.495181295357,48.8792286950999,65.3622136788299,66.0771347037406,70.4063348272861,53.4298794234674,66.3476768025395,47.2851638856213,46.0792025603428,43.5530404615692,47.4156302085476,47.851962485481,44.7622252414522,54.2422611522744,1099548058.67105,12673.9945780043,1905034126.52826,48443054.2903963
2005-02-01,86.874,136.096,62.1365,80.0406,81.9127,,4.58529970043705,,4.79326523112586,,,,,78.92,79.8,84.57,74.2,64.18,,,,,,,,,898431064.627675,2432440315.09039,2660224949.62527,2766695437.88237,305290.190911441,9.15,11.0965,9.0179,14.72173,,76.9929,96.7440930720345,172.298394816856,56.1087766890673,58.214566624887,62.134769986099,57.6319869878012,49.0097740561963,65.5030518567332,66.2424021078089,70.5255664510915,53.6473465257969,66.5444199878423,47.5029428056508,46.528993691511,46.3246596273965,47.5518228800575,47.8244921795436,44.711596877934,54.3629745548377,1085768221.68884,13676.1307170295,2032094953.4439,49691956.9697292
2005-03-01,86.6505,134.8423,61.1307,81.387,81.0976,,4.62702432200599,,4.80505008004498,,,,,78.63,79.5,84.02,74.2,63.33,,,,,,,,,893220400.24705,2446733139.86054,2669255164.62688,2773668512.35476,314438.788082372,9.41,11.1783,9.24513,14.4949,,77.3508,98.3526843657648,173.79013984386,56.7044867683168,58.4819264342407,62.2925847168994,57.7695541817447,49.1725406988022,65.6069061892622,66.4348969464985,70.6033523533496,53.9216421160649,66.7472994050405,47.9073823155312,47.5142804079089,47.6258820954944,47.70028867902,47.9869256079221,44.8831380449427,54.5338882199277,1106668306.57055,12430.1751542047,1872567148.58924,42068289.1993519
2005-04-01,86.9462,137.4688,61.6407,80.3824,81.4948,,4.39826746192046,,4.61989364766862,,,,,78.91,79.75,84.88,73.79,64.2,,,,,,,,,904332051.391888,2475297119.69029,2675952098.54476,2794066873.45451,309984.145503704,9.63,11.0832,8.8291,14.32393,,76.5199,98.7843386914038,173.519931676656,57.0029777315739,58.7668616732252,62.4152901912693,57.9197276260514,49.3456621719383,65.7332852383232,66.557508528464,70.6784429035179,54.1828390515696,66.9088360193605,48.6335270655563,49.1637260861898,52.0088432430954,47.6028401007268,48.0586064860774,44.9500127023352,54.7855484056148,1119143325.79951,12210.5629448167,1797130608.77644,43427317.2331022
2005-05-01,87.7321,140.0755,62.0425,81.0102,81.6274,,4.4723797510807,,4.60755222194858,,,,,79.41,80.26,85.78,73.87,63.91,,,,,,,,,907278840.647451,2468043006.895,2679587709.4259,2798183014.52864,311079.058891074,9.75,10.916,8.70638,13.48126,,75.2872,98.8121553087181,173.377574852624,56.9930861028767,59.0030700611658,62.6004232044805,58.076453670081,49.5292501453191,65.8764761271916,66.7454612693297,70.7599901072764,54.4600568208668,67.1349865627526,48.993656271339,50.4658344575466,55.2296642687476,47.6927262274666,48.0404925370065,44.6555358932178,54.9417622937052,1129257224.11032,12956.0651673577,1926592430.63455,39353744.541482
2005-06-01,86.6587,139.2861,63.2093,81.3715,80.3638,,4.2667095540367,,4.37501832305576,,,,,78.77,79.4,84.18,73.88,65.67,,,,,,,,,923936167.991309,2500620281.75363,2707356807.07446,2834683560.27117,317170.723772966,9.63,10.7752,8.79612,13.02291,,72.9589,100.067017621077,173.745098661126,57.4761566367566,59.0921623671476,62.7871108973535,58.2608871452066,49.7357151999788,66.0210074161849,66.9343917309432,70.8858930445201,54.7513608704315,67.3444391496575,48.7077188256817,49.411576689971,51.9386038254803,48.0124473182641,48.3311933975032,45.028092169015,55.1847458088229,1156639361.49219,13603.2887093797,2032895637.64769,45773498.9481454
2005-07-01,85.3806,128.4309,63.178,79.8732,80.7588,,4.95535555788502,,4.68645170747766,,,,,79.51,80.02,85.4,73.83,67.32,,,,,,,,,937651427.495162,2555140444.3722,2759463941.02854,2890332831.98936,320964.349526962,9.61,10.6057,8.64715,12.86896,,71.149,100.608619742095,174.293051202854,57.653764292286,59.3495324739876,62.9682618018922,58.389750880362,49.8776158875658,66.1352913698613,67.1716476419436,71.0646665645238,55.0360970569708,67.5844283095837,49.1861965495576,50.2967559849169,52.7556034304932,48.490944591911,48.5639676217577,45.3260383805233,55.2683677856531,1167221839.89556,14652.3789928092,2139939284.90189,47167446.9099183
2005-08-01,87.599,140.0818,62.2163,80.192,81.9498,,4.10458340168676,,4.50236103262863,,,,,80.05,81.0,86.95,74.06,63.15,,,,,,,,,942558564.780324,2592892086.98588,2787506966.1509,2919786701.82872,319111.589038211,9.6,10.7995,9.09815,13.27043,,71.9238,102.560072318499,175.494027547322,58.1121204071356,59.4032382975551,63.1154979614525,58.4991377191344,50.0412823970155,66.1928489380287,67.3460607799007,71.2244397614242,55.274978997038,67.7318106896118,49.0729762264125,49.8067313406191,50.9663923711608,48.5003304945395,48.7575419829587,45.5730515540592,55.3718933767311,1196584868.29581,14642.0195572573,2157738618.69512,78224174.4141254
2005-09-01,88.2935,137.292,62.5685,81.0316,83.4293,,4.43748477171695,,4.54199545177691,,,,,80.79,81.73,88.04,74.31,64.86,,,,,,,,,948813923.964197,2627265325.22582,2840860787.28203,2976416470.89291,325914.959647486,9.21,10.7907,9.29112,13.02977,,72.7939,103.349119131694,176.947722049165,58.3953431229879,59.4646732680811,63.272038568455,58.6178773226848,50.2007813614476,66.2758425233621,67.5451247380386,71.4355322643559,55.7316585562015,67.8838964612432,48.8404554495771,48.6372862483974,47.9872693123291,48.4092102514552,49.0035232851087,45.8483363651685,55.6072312679159,1224445137.25896,16323.2561476555,2376724732.30543,64873689.3036487
2005-10-01,88.5371,134.7525,62.999,81.0238,84.117,,4.58725205403583,,4.60183401744044,,,,,80.99,81.56,87.88,74.21,65.96,,,,,,,,,964088704.010737,2681220869.71548,2890058744.55766,3029116377.83449,329410.809838561,8.91,10.7857,9.14897,12.91695,,72.0896,103.568462269677,178.017487097352,58.2714625868063,59.5491188968411,63.4484406600758,58.7512823545625,50.3236454937797,66.4094543904685,67.7681736635631,71.6912599966164,55.9592563927248,68.0682733281366,48.6648993299764,47.756845119643,46.5539181700457,48.1763285017669,49.3167403876635,46.3223080787533,55.7431092291021,1233136955.30774,15959.2367942363,2326958704.47302,63210840.2171776
2005-11-01,89.8417,139.0743,63.5339,83.6537,84.6968,,4.86152739518006,,5.06924982016135,,,,,81.02,81.63,88.08,74.14,65.13,,,,,,,,,965941439.869916,2703144567.42699,2915708864.62474,3050943395.88194,330094.759527654,8.71,10.5793,9.05842,12.46876,,69.5325,103.131764938523,178.273858356831,57.948425085183,59.7472022672218,63.6224393024775,58.8632083568835,50.4464169401718,66.5405762400222,67.9929081861775,71.8960545507666,56.2440746369524,68.2597426723596,48.8833319512618,46.9447091590152,45.7841181794017,47.8740896786337,50.1174995604295,47.1663610749883,55.9249815440811,1245569688.81454,16810.8694582518,2468469529.32039,54518017.3904844
2005-12-01,90.9405,140.5075,62.3681,84.579,85.6209,,4.48541030511059,,4.57852778459708,,,,,81.53,81.8,87.92,74.61,67.9,,,,,,,,,975025544.065994,2764467852.97031,2948363012.20128,3084381343.54787,334698.404796052,8.22,10.6344,9.11028,12.53902,,68.9022,104.500928663125,179.547946390091,58.3472012247727,59.9918425930376,63.804417550163,58.9807318020558,50.5592751877839,66.6604611768362,68.2062414699963,72.0755525226024,56.5256468315044,68.4977505883213,49.4421483126723,48.0305880075846,47.6662778994193,47.7862280253262,50.4329082340616,47.6192971751053,56.0632088446756,1263666853.44955,17446.9042113613,2499780483.58678,50590400.7009691
2006-01-01,91.1854,139.3643,67.7189,84.2917,86.2824,,4.45820222621515,,4.55414385691174,,,,,82.51,82.77,89.46,75.02,69.4,,,,,,,,,994343256.775454,2802779336.14047,2966664648.75787,3107847069.32447,340183.091139022,7.88,10.4433,9.13277,12.67608,,69.267,107.371299548411,179.945550538944,59.7900721221292,60.3234199978359,63.8916725153862,59.0797973706671,50.6187090831869,66.7883486344051,68.3282854507959,72.2674104049827,56.8187623702736,68.4646810409912,50.4226967712056,49.4714081956912,52.0544682577195,47.6494687237862,50.8188933090856,48.3087411141366,55.9063448727754,1289218062.26864,18466.5156867821,2642685199.77097,68146455.4663226
2006-02-01,90.5969,137.3695,69.5998,84.4436,85.4961,,4.21760566914266,,4.32285180556877,,,,,82.37,82.72,89.03,75.41,68.03,,,,,,,,,1005109311.99564,2856972687.8823,3039840692.7705,3189380090.76014,344395.656668653,7.61,10.456,9.18884,12.45623,,68.194,107.23999476911,179.924374177444,59.6736591311074,60.3776626059522,64.0365624980736,59.1974990470305,50.7899161824217,66.8427322551599,68.4720059933005,72.4122850515341,57.1225441422579,68.5488175917876,50.3305474233514,49.5738961137049,54.1271534547221,47.5389745761628,50.663024161258,48.1882362986039,55.8260575113241,1330060480.82573,18764.9677831378,2696357648.44976,62452674.4051804
2006-03-01,91.451,138.5455,69.3423,86.6391,85.7856,,4.1919662152317,,4.31654037289446,,,,,82.19,82.78,88.68,75.86,66.36,,,,,,,,,1035606573.61184,2952619866.49586,3157476794.49091,3307028658.10856,354851.781704949,7.37,10.8935,9.34183,13.19748,,69.991,106.424444361217,179.879172515493,59.3244717987732,60.47130107392,64.2731446017372,59.3600322162088,50.9878071860999,66.9690296096612,68.784227779692,72.7518385102294,57.4120093932476,68.8084855508086,49.9062832013718,48.2509255080759,49.9652575340412,47.3247776591604,50.8194382127653,48.4209524400082,55.9351452015431,1298099552.30326,18991.682118548,2721789443.00361,75368011.2364815
2006-04-01,91.5618,137.5661,70.2005,87.4248,85.8959,,4.42832073952142,,4.45487242572442,,,,,83.11,83.55,89.64,76.54,68.67,,,,,,,,,1056966688.89325,3045266381.49221,3234276469.72358,3415342477.2992,361141.94393473,7.17,11.0903,9.89676,13.96823,,73.0023,107.088585280994,180.289755978012,59.5203907041686,60.6627529691211,64.5029073471684,59.4999785818223,51.1369706175933,67.0956637262174,69.1259268986768,73.0202468359905,57.7015822110815,69.2835478144995,49.9804761168259,47.7511052978343,48.7398321993743,47.2143131836408,51.1192529829855,48.9035264603414,56.0016734795906,1325659564.45703,20643.5687753181,2901673848.26683,62010143.6322225
2006-05-01,92.471,136.9578,71.1673,88.0524,87.1244,,4.13995413839632,,4.40320856023453,,,,,83.32,83.73,89.69,76.8,70.49,,,,,,,,,1065446992.98275,3042842773.28835,3247112881.41554,3422675175.52062,362456.485026238,7.02,11.2966,10.2705,14.5003,,75.7577,107.928248110866,181.048230612947,59.5796779918525,60.8110963852031,64.6497948476843,59.5755241580262,51.2535924732363,67.1512860722518,69.3208627736551,73.3134255737889,58.0006167996084,69.3123981864768,50.0919690455204,48.621202438083,50.480636044841,47.5096605964567,51.0077510703106,48.5731673812947,56.1621472766766,1336417880.8909,18541.7803643921,2679180431.9012,85705942.5447561
2006-06-01,92.5499,134.121,72.1133,88.3775,87.5928,,4.44768179473841,,4.54562249012502,,,,,83.71,84.24,90.54,76.79,69.69,,,,,,,,,1091488953.56476,3062074838.65607,3297357697.84646,3481562197.46785,373533.709569347,7.02,11.2723,10.12602,14.39811,,77.1863,106.453614519477,182.106733160491,58.2558098125575,61.0019176015864,64.8662499220001,59.7480216482721,51.462325935697,67.2631005229912,69.5805559663611,73.6376096316106,58.260859141022,69.5216655833757,50.1382707683235,48.505271347263,50.1416377595626,47.5788169801856,51.2104784263167,48.837816267535,56.3231195456489,1367176185.87173,19268.0678903457,2753288555.67463,79463262.0050961
2006-07-01,92.5193,133.5249,72.4198,88.8034,87.628,,4.78284921815265,,4.60945657130148,,,,,83.69,84.06,90.17,76.96,70.69,,,,,,,,,1107531383.41815,3038339353.78298,3259098162.41884,3419667045.70469,374553.198816025,7.03,10.9181,9.66634,13.9315,,74.5359,108.442650776766,183.034971776975,59.010404734117,61.1766148130466,65.0721616677421,59.9175165533632,51.6943842336368,67.3725177834916,69.8255300117008,73.8598705262813,58.5281945806636,69.756936217103,50.2362059483608,48.4224140449047,49.0891697253172,47.6930223488198,51.4182847917234,49.0368360125996,56.531596023768,1386697597.07156,20255.0774591817,2896870444.01871,70896005.1380613
2006-08-01,92.9526,136.1974,72.9762,91.904,86.5582,,4.12928312593076,,4.25986259191386,,,,,83.83,84.03,89.77,77.34,72.52,,,,,,,,,1090940888.93056,3038987453.25423,3293362993.9008,3435940044.12796,378465.640248496,7.03,10.9037,9.83383,13.95783,,73.7198,110.579086232939,184.736419866762,59.3634470947342,61.4599210634426,65.2496812934468,60.0864812191862,51.9025564168366,67.4958711846702,70.0134407220716,74.0710465680307,58.7096353861534,69.9214954705953,50.9060815720312,49.9846309700284,52.2178791832137,48.0629991789559,51.6060800730908,49.1722620645908,56.8494334067278,1535695900.49536,21480.3143034526,3053118265.85823,71780342.1924315
2006-09-01,92.6367,136.685,73.0196,91.2906,86.4247,,4.1777491636135,,4.27774928366895,,,,,84.1,84.21,89.95,77.58,74.36,,,,,,,,,1100502891.39942,3049883507.53176,3314222106.80015,3470083702.76062,382834.264896379,7.06,10.9935,9.8482,13.92217,,73.299,108.611191011641,184.999496572427,58.5695397502164,61.8936059401215,65.476990706357,60.3313982696746,52.2575788675349,67.6459613601022,70.2214832755165,74.2184168828055,58.9704785028401,70.1753395415275,51.8626331299225,52.1215167233261,56.3345963058876,48.8311350556657,51.6812787707507,49.2270384906265,56.9808717588639,1589637210.29557,21967.2409178662,3153779338.04086,77706189.849501
2006-10-01,92.648,135.8391,73.1014,90.5975,86.6433,,4.02744326985329,,4.15825231227129,,,,,84.22,84.15,89.67,77.76,75.02,,,,,,,,,1100340557.88695,3036894648.01448,3267181702.09294,3436206319.57324,383056.858848355,7.05,10.764,9.59277,13.7424,,72.158,108.247652861081,185.985275435613,58.3104689603966,62.1017293044176,65.6583133612415,60.5247348832683,52.4676190702418,67.8235059200772,70.3956217179033,74.3735733294124,59.2218081631151,70.3632944065019,52.1340209303364,53.2013050951524,58.9592267076047,49.2329210162596,51.5312989782096,48.9849013202709,57.1214356161777,1651921817.13893,23273.8749111701,3331574958.31248,96630972.3945249
2006-11-01,92.8381,136.0424,73.7801,90.4381,87.1903,,4.05057577318087,,4.34732468968792,,,,,84.28,84.09,89.36,77.99,76.12,,,,,,,,,1121529431.28315,3050549061.24597,3330218100.94387,3505154375.8249,399604.190184837,7.04,10.9975,9.63084,14.57389,,72.3953,108.366143709698,186.768990060453,58.2273756107813,62.1773128079266,65.8834110811711,60.7677163839032,52.8514935141131,67.9654465793134,70.5964570617794,74.5330564111387,59.5048832645414,70.5278686588167,51.8097862773751,51.3573150022566,55.0320945392031,49.3533212226183,52.0349920334256,49.4327110460734,57.2595380223093,1725343568.36139,25056.1084651102,3561862755.34108,100042561.031331
2006-12-01,91.9222,128.7475,73.9089,90.3949,86.4972,,4.65559114683498,,4.65703732424023,,,,,84.03,84.32,89.68,78.18,71.42,,,,,,,,,1114490238.506,3109693334.3271,3405979410.62723,3582977438.4535,397407.724149927,7.04,10.8116,9.2796,14.23347,,72.7836,110.405551752509,187.603344368585,59.1158776586316,62.4194193477517,66.1256008883147,61.000175963753,53.1269834847715,68.1296826090075,70.8122247071977,74.7618611303792,59.7851179160379,70.7258389060731,52.0920364962952,51.9163112946809,55.2368395828861,49.5546104406167,52.2271569148332,49.6584203949043,57.4544395128621,1783171100.88248,26019.157454951,3721026285.02142,88106927.6634143
2007-01-01,92.0209,135.8785,75.2062,89.3445,86.2193,,4.09032887818633,,4.11237984992994,94.2724842443971,59.0399774470382,,,83.31,83.8,88.02,78.78,69.47,,,,,,,,,1116136138.59826,3110088327.65988,3362872575.76095,3541489414.533,392722.082540391,7.04,11.0382,9.34969,14.34745,,72.139,108.585847862272,187.280116753094,58.1942908975821,62.7090350036831,66.3750149517586,61.335144982929,53.7117434794761,68.2220000418298,71.0252692599951,74.9857423438515,60.0373008984702,70.8886453868333,52.5132774644421,52.2008435170833,55.767925961106,49.8306015394343,52.5218187898919,49.9415380171317,57.733249523475,1796987826.45254,27319.2809131076,3895195830.83407,102947817.701848
2007-02-01,92.7171,136.4899,74.3767,90.9214,86.2198,,4.36473236278275,,4.48432799585249,94.765785311131,59.5314700700208,,,83.67,84.0,88.49,78.73,71.33,,,,,,,,,1121309201.93909,3155071644.23469,3392164306.50487,3569399917.03706,397011.481508146,7.04,11.1682,9.52759,14.74984,,72.7045,109.534813600718,189.390631765872,57.9859549300411,62.8564220088771,66.5737946621194,61.4980934264169,53.8886017491535,68.3584995086784,71.2338683966921,75.1590662714483,60.3281881037806,71.1046463848019,52.5742096861189,52.5456706424593,57.325371077245,50.0764652966791,52.5959211272439,50.0600061041841,57.9222454051216,1841252388.23147,27035.9514207705,3890384124.57764,122833792.156531
2007-03-01,93.687,137.255,75.6065,91.1954,87.7328,,4.29952002102542,,4.45741638520039,95.1376061020867,59.9515392620247,,,84.29,84.42,88.98,78.99,73.91,,,,,,,,,1146608220.06349,3181480648.55894,3461958083.15029,3639965039.72417,410729.928649116,7.04,11.0322,9.57738,14.75446,,74.4622,108.959823423893,190.218637717564,57.4716804997681,63.0073698465764,66.743240446036,61.6370318999398,54.0397225825522,68.4844852425568,71.4282932912416,75.3525645449458,60.61821949246,71.2602620640099,52.5717967761738,52.4632929085731,56.6205315481847,49.9614407095239,52.553148025701,50.0559294327299,58.0099845676039,1867588476.50368,28309.8631825352,4085448628.52254,103934700.6753
2007-04-01,93.4365,137.3558,74.7186,90.9446,87.5149,,4.33465005085487,,4.42752743376901,94.0612490838252,59.1987485248976,,,84.15,84.16,88.02,79.46,74.44,,,,,,,,,1141373650.17678,3168431556.3228,3403710769.58928,3591605242.80786,404415.185032624,7.01,10.9278,9.88671,14.91426,,74.6272,109.588736993477,191.300926521278,57.4498989130356,63.0946398373269,66.9020477006506,61.7941177676802,54.1934441001884,68.6417498033335,71.5999805879787,75.5223805165611,60.9050147149919,71.4037926901037,52.4724609696529,52.3747062321459,55.5622508010124,50.4217540501465,52.2991122002236,49.6469102808837,58.1038895035356,1912347936.19795,29025.3604527477,4198302281.49697,101492295.834707
2007-05-01,93.4518,135.0509,76.0088,90.5087,87.9898,,4.19272311885703,,4.29329299304377,97.6100184572139,61.5133791688824,,,84.25,84.4,88.68,79.53,73.67,,,,,,,,,1150669954.19679,3212546711.07968,3463014569.94581,3665698028.56999,412434.477675787,7.24,10.7445,10.05008,14.4535,,74.1507,109.950667015569,191.802936690836,57.2770173811827,63.2317677886557,67.0782461182716,61.948181896814,54.3586644251876,68.7860854866853,71.7889291630197,75.6750707760681,61.1829467137077,71.568090833971,52.4446571355283,51.6607390644787,52.4122947872083,51.1222316276894,52.9479847891328,50.4469373969068,58.2772789107898,1984507012.97863,30877.136251664,4475608589.71565,116343470.363369
2007-06-01,93.4301,137.9087,75.717,88.7316,87.8169,,4.53994211036706,,4.60934049551382,95.4721180283662,60.4876357962412,,,84.95,84.87,89.47,79.51,76.32,,,,,,,,,1171557174.28013,3248452479.41452,3482058543.27845,3682148109.12261,415010.294869963,7.2,10.7946,10.13764,14.58351,,73.9197,111.145627359382,192.202644264898,57.5323798711088,63.4340696781121,67.2915591201176,62.180768195105,54.7209960169297,68.8851105066955,71.9848181322324,75.8223011078846,61.4985217208426,71.763991644467,52.6103937191006,51.7808330308812,52.1151356283368,51.5192688655051,53.1882723486355,50.7079457906868,58.4604392697428,1996005475.97794,31292.687474476,4546809191.00006,122133224.814128
2007-07-01,93.4065,136.8824,76.3685,90.5605,87.4198,,4.25529434266584,,4.92276494152438,93.5252059219854,59.6389409464592,,,83.76,84.38,88.48,79.61,69.17,,,,,,,,,1181291314.87799,3273613769.30854,3473270911.3512,3684828421.1839,414154.983010537,7.19,10.9273,10.245,14.96275,,74.2397,113.194499181413,192.737657075439,58.357775749416,63.6957617419899,67.5266616057475,62.4778146039223,55.1665777228756,69.0380134441731,72.1635171486534,76.0067301527718,61.7704589788457,71.8944352266559,52.9699353056925,52.3920219740069,53.2367386314334,51.5668307746682,53.3779572896529,50.9033892375402,58.5752493374712,2028525024.68367,30687.0341504453,4498620073.63481,149190797.434668
2007-08-01,92.9262,125.5129,76.8222,93.5124,87.5581,,4.1225445430617,,4.21238016547977,98.1521648241992,61.7320493176233,,,84.62,84.8,89.32,79.55,74.15,,,,,,,,,1206124892.2854,3377072976.24197,3652892335.11674,3858767910.07921,427019.283227469,7.2,11.0378,10.44055,15.04673,,75.8685,112.790767950182,192.669169644675,57.9379007379396,63.9363593608175,67.7766776407702,62.7302611250416,55.5510432785173,69.1461373587967,72.422368254448,76.2478039263492,62.1001288107678,72.128527623255,53.2311481870031,53.0417408431664,54.3874297339714,51.7202048582587,53.4671432565136,51.0292274892222,58.6480321436392,1996343242.25398,30685.0819838995,4488974732.95567,148496939.446347
2007-09-01,93.4843,135.3492,77.8449,95.0957,86.3541,,4.10446962681452,,4.19005514121986,94.3023435414268,60.524529125831,,,84.51,84.65,89.09,79.66,74.77,,,,,,,,,1226310998.61656,3393444802.08179,3644616594.12331,3870620275.88397,430061.663026251,7.21,10.9315,10.87794,15.55553,,76.2822,115.944346240379,194.097439158553,59.4706416971515,64.2487541680878,67.9960865899001,62.9666422656348,55.9483416967097,69.2423119414666,72.624197274264,76.458525532188,62.3819758218694,72.2656364868498,53.8016011349499,53.926131710653,56.0606699514086,52.0660081447336,53.6782584056287,51.2944548026885,58.7672686940902,2054771269.57457,30232.117540574,4467970808.9232,117219743.450872
2007-10-01,93.1484,132.5248,78.4194,96.0857,86.1421,,4.51491538090993,,4.35045189348913,96.7683503468307,62.03767572556,,,85.07,85.42,90.01,80.14,71.93,,,,,,,,,1213492568.86887,3397762768.92961,3648551877.61277,3892192263.61817,433801.916119316,7.2,10.7023,11.26674,15.47981,,75.675,119.20852183984,195.798096872316,61.028585171737,64.4391363639346,68.2455089308275,63.2748703156488,56.4573595458814,69.3680088894809,72.824336968467,76.6434194046711,62.6540897598914,72.5173667770095,53.7607568792745,53.5549645456907,55.3271154535354,52.1961219760653,53.9380758427707,51.6724905043084,58.9391557253763,2095104514.79505,31763.4216206058,4608308967.89037,147231114.01779
2007-11-01,92.515,130.1783,78.5904,97.0308,85.1974,,4.39677656140902,,4.47934145541407,96.6047915372413,62.3521225631388,,,84.85,84.89,88.92,80.23,73.9,,,,,,,,,1216434710.5676,3450047055.11221,3711848449.73343,3970061130.58714,436506.329862862,7.44,10.8968,10.8968,15.99759,,77.043,121.781968102012,198.390091785198,61.727742613507,64.617273521385,68.4679666286596,63.5636427783827,56.9621832337387,69.4953614678474,72.9761325826076,76.8283656792762,62.9361329664518,72.5215020205394,53.9097368585579,53.8556138111232,56.8713757988558,52.2558673452718,53.8290710494008,51.2325947026272,59.1217233542926,2111629992.70317,29992.7976821296,4379124850.48681,138868029.285564
2007-12-01,93.0983,131.1929,79.3117,98.0567,84.9661,,4.41054472849619,,4.44687908529125,94.6119537914033,61.2448521794975,,,84.15,84.11,87.47,80.17,73.62,,,,,,,,,1236625508.47609,3457796807.86714,3709567682.20077,3969851044.3152,438570.295566452,7.44,10.9157,11.06284,15.94893,,76.381,122.72640986106,199.570564422161,61.933359780343,64.783693103721,68.6840563781423,63.7697599451316,57.1313338940697,69.6911030837948,73.1609635073983,77.0034041752875,63.2214517684676,72.6991114520313,53.8366116777288,53.6341421570204,55.4093156789185,52.4232248364669,53.9305572896642,51.3419842282628,59.3257870395069,2109596683.86552,29082.1355900935,4279230123.2724,89532112.362793
2008-01-01,92.8985,129.9792,79.1474,97.1308,86.1476,,4.41943789117831,,4.4296800724013,96.4782165944474,62.6457093734865,88.3365416219756,57.1860886103932,85.22,85.25,89.94,79.64,75.02,,,,,,,,,1234756742.43091,3503710051.52654,3778744597.36814,4074564387.59007,439939.729234534,7.42,10.8262,10.77131,16.03902,,77.3896,123.57728114708,201.60548764409,61.758597126631,65.0349048029831,68.9204536716478,63.9630076183458,57.3938574512964,69.8036704501374,73.468468161803,77.3088395706752,63.5416154390533,72.9618199791281,54.1824056002788,54.0118426253185,56.1503167196271,52.6238567458196,54.1597052280411,51.597963725036,59.3767644972481,2139342472.32415,28989.1640004688,4246830777.65786,141280882.284171
2008-02-01,94.8688,129.7982,82.2577,99.7825,87.0681,,4.48548786741794,,4.52781026458193,96.7808861973033,63.0258878253316,89.0398131884807,57.8403274640222,85.83,85.77,90.6,79.96,76.31,,,,,,,,,1241801979.28029,3516397675.06049,3790077457.40811,4101145544.38349,444136.113839185,7.43,10.7243,10.95659,16.27734,,76.6229,125.707934455692,202.873439821173,62.3410543867557,65.1769389624112,69.1627840030211,64.2003417118191,57.7326914962213,69.9544336258101,73.6934054036266,77.6118128034872,63.7689607991665,73.1555360449973,54.1696969430221,53.5594938522775,55.3021104200396,52.6670549714473,54.5918786922483,51.9874048081632,60.2000306376947,2191635286.27621,29595.1564717705,4350577036.47373,123727729.630446
2008-03-01,92.7262,128.5699,78.7637,97.0889,85.8728,,4.37683877779583,,4.45124620569669,92.7958418969146,60.9700763507414,87.7789762993486,57.2433352662537,85.52,85.37,89.79,80.11,76.22,,,,,,,,,1231463178.78653,3519644553.75064,3798193976.81445,4105657200.22475,447916.010491464,7.43,10.6482,10.35921,16.82416,,78.4865,127.911912007142,205.864604852448,62.3837017352791,65.6621352067065,69.4571994734241,64.5320062328804,58.1822368007109,70.1567407276253,73.9473114578546,77.8616899562329,64.0606272277104,73.4083487594115,55.0343012615524,54.7744710372447,57.1620335801087,53.2769016509339,55.1086809215996,52.4394285076313,61.0414708349151,2204499756.98168,30459.5338721276,4456111751.33943,120845212.788608
2008-04-01,92.7563,125.5675,79.3103,97.0094,86.5394,,4.38285086020227,,4.48342703294613,97.8268400362899,64.3351073403594,87.4795079531775,57.5362371979954,85.87,86.33,91.02,80.8,73.39,,,,,,,,,1247807247.97665,3575325691.83767,3865362075.09469,4183818018.39121,449519.960416065,7.44,10.5095,10.43436,16.36119,,77.3335,128.919970920114,207.39150964036,62.221762107007,65.9511100108761,69.7814612422255,64.8929458381437,58.7644208875667,70.30011076879,74.2329847348507,78.1379395936085,64.3577132024744,73.6838192138449,55.2910460504293,55.2493005609702,57.1997254603456,53.9431835840062,55.1104045092198,52.2565606867085,61.3457084550198,2190129800.84308,30234.3577894235,4366904843.4668,176555628.483913
2008-05-01,92.8711,126.7461,79.6234,98.6222,86.0543,,4.61189654145449,,4.70454298315773,96.0372163654244,63.4986977173696,90.6041428091315,59.8992009446463,86.23,86.52,91.19,81.25,75.6,,,,,,,,,1255918577.38791,3658876698.74251,3928244198.04542,4246270807.50714,456644.04494049,7.44,10.3306,10.39713,16.05065,,76.5854,132.589215879937,209.753610719125,62.9963880770243,66.3565724204499,70.1389932948017,65.3169735133957,59.3898463378044,70.5168106011928,74.5339345687141,78.4508677151455,64.6338678738149,73.9760197985247,55.7445286147946,55.5489716340334,57.2210832040202,54.401677552258,55.8429360916161,53.2128956816064,61.552439681334,2183157550.9205,31226.9514614269,4508942018.39761,123650887.229342
2008-06-01,93.917,128.1809,78.754,100.1036,86.7637,,4.28858240999365,,4.34321951320831,96.0326763868215,64.018982122407,87.5260721845397,58.2653693826655,86.62,87.01,91.82,81.4,74.81,,,,,,,,,1245106545.6053,3646880455.3554,3923025249.35038,4247820057.00575,456032.343684496,7.56,10.3069,10.16157,16.24574,,75.4636,136.43161163532,212.299068078513,63.7080316371329,66.7539447767902,70.5012137975465,65.7161457360593,59.9290837029324,70.7860582165762,74.858680124254,78.7155416862803,64.9230459871977,74.3740581350778,56.263261774004,56.3438740898647,58.6913783596849,54.8828159095882,56.2522554717242,53.701254991487,61.686267967304,2171749928.38299,29462.4746930728,4265883979.4656,123873276.793107
2008-07-01,92.1822,127.9837,78.13,99.2358,84.7799,,4.57737739887618,,4.44129911428893,95.1086456001602,63.9217412282849,85.9668163796545,57.5801945944271,86.74,86.59,91.54,80.88,79.3,,,,,,,,,1254274174.83774,3694295938.95675,3991703066.51044,4345334038.41568,469837.304146104,7.93,10.0353,9.78763,15.65306,,75.1218,139.888297458512,216.858172412189,63.8655096930821,67.1283328520417,70.817115095834,66.0605982348907,60.3576337915721,71.0473367010642,75.1532104927711,78.9831707661126,65.2408590885756,74.6854250913938,56.7733598968922,56.8465598972967,58.4351803542876,55.5600930625934,56.7580637567786,54.1412456359793,62.2286329151676,2199960858.77646,27367.3527015831,3995752631.5084,125228097.040624
2008-08-01,92.1764,127.3678,79.4194,95.1112,85.2022,,4.66999413216411,,4.71004556480536,94.0162331649585,62.5307093496261,87.4527885175777,58.9369965023574,85.69,85.92,90.16,81.13,74.46,,,,,,,,,1269830019.58343,3677884348.02085,3972811960.71021,4345497232.00476,480186.5085613,8.18,10.2847,9.71359,15.12468,,71.9181,136.271086794324,215.84668412281,62.404527394304,67.5044619934873,71.1861550338756,66.5149311561436,60.8780524444827,71.4129488234447,75.4597544934491,79.2206089127708,65.5897511096736,75.0178034193396,57.2230364046189,57.0716004322323,57.7751252271157,56.2409298994088,57.357657098167,54.6391290598346,63.1316085358984,2234459617.2665,26452.8288310446,3877709901.8758,87210594.4853736
2008-09-01,91.4174,125.3649,77.764,93.6674,85.3848,,4.65989835413958,,4.75191587479942,95.9796701817693,64.9857051909941,86.727469996812,58.6810485735647,85.16,85.55,89.24,81.27,72.6,,,,,,,,,1266644863.08904,3720188324.72051,4000718556.00915,4372497627.36667,478113.274839782,8.17,10.9814,10.32965,15.42667,,73.583,128.717591874081,215.721864405695,59.3684547254566,67.8013804618338,71.5162983854318,66.8549005468803,61.2515719653045,71.7425516055397,75.7789342470719,79.4012706432951,66.0562625900114,75.3502450528258,57.4024772221472,56.4837798856785,55.865200018707,56.5353675631377,57.9205132554872,55.0391328682561,64.029894018211,2251728823.47567,24861.4455073687,3673871150.50704,115745964.78717
2008-10-01,91.5335,128.6884,78.0628,95.5245,84.5409,,4.51791411767432,,4.7082331867266,98.210363672209,66.6369897551362,88.0847136798834,59.9665489651802,84.07,84.93,88.55,80.78,68.75,,,,,,,,,1316070691.11241,3803411093.64689,4043035564.42124,4388669998.71513,496722.207175176,7.74,12.7125,10.44573,16.16267,,83.4572,114.152465869914,211.04884626817,54.1978471208396,68.1803182290889,71.7478459695191,67.0357549667511,61.3652534627557,72.003705550727,76.0783457806898,79.7923575699474,66.3430983583399,75.639381889742,58.1407678035334,57.660155620098,58.3576664964269,57.0275843134281,58.4464837301505,55.6905523049134,64.3634495438019,2259226231.26709,20656.1223592152,3031735764.8383,138136312.320398
2008-11-01,89.9927,128.6862,78.2046,93.0881,82.5336,,4.65623163369753,,4.73801293208487,95.1018591806837,65.2045549918524,86.3598955168222,59.1643648659451,83.33,84.64,87.86,81.1,63.05,,,,,,,,,1341020459.164,3828624617.7401,4110938884.46303,4433339134.93233,511116.617282149,7.43,13.3225,10.72754,16.8956,,84.0919,103.412224757178,207.114708219151,50.1459739795546,68.6527986726678,72.1521265660075,67.5087654845165,62.00505337122,72.3566129077631,76.3976914799548,80.0886828274344,66.6238082439927,75.9264746549982,58.8634165123407,59.0971174500303,60.9522385576348,58.1121401209981,58.6537630884761,55.5441208296073,64.865653367707,2304381296.98233,20690.9984312265,2987841157.83483,80545403.9753512
2008-12-01,88.9835,127.3156,76.8228,92.6092,81.3355,,4.56793830713401,,4.48252093092317,95.15933116478,65.6025665793414,85.5357875223718,58.8680682493941,80.64,81.88,82.3,81.39,61.45,,,,,,,,,1360427963.45595,3863242133.93768,4232512917.71362,4552335722.52915,513956.961994131,8.02,13.8325,11.28635,19.55916,,87.3242,100.263043427393,203.757820491854,49.3723882825924,69.0265628997794,72.4865565018429,67.9388328983945,62.5698406556218,72.6226786237512,76.5971385548394,80.2321350478351,66.9030060967601,76.1712637304997,59.1073459645221,59.8588411116105,61.3660574424187,58.8785172054066,58.6145979669918,55.4569931866462,65.1009481401309,2404509715.18988,22072.1816467836,3174065424.17894,87187383.6353512
2009-01-01,84.3238,125.1153,76.6646,92.5982,74.9272,,4.62653005908759,,4.65301346007895,94.5076824285759,65.1804932119184,88.1773194357297,60.6624532368739,78.42,80.52,79.07,81.86,55.65,,,,,,,,,1378944504.46,3919604575.74413,4319658126.52559,4638303060.24779,529041.768881083,7.59,14.3097,11.53634,18.33788,,89.2199,99.9877901154676,203.495515855848,49.3177894381628,69.1286207252828,72.7314987821194,68.3270260886272,62.9369693287897,72.9873408268509,76.7074984495808,80.3350687447845,67.1343443139264,76.178051220615,58.8474280710691,59.7826203526747,60.1737764020812,59.5377357877545,58.2265932685366,54.5471133860639,65.6930964800949,2481015062.05761,19930.119033982,2926754049.43717,85248851.7317053
2009-02-01,83.9633,124.4716,76.9966,89.495,74.8699,,4.18447072807031,,4.19878712979017,94.7040253589721,65.4529175770468,86.2018694786491,59.445928057871,78.52,80.7,78.93,82.47,55.73,,,,,,,,,1407561867.66711,3942296893.05845,4403615931.54349,4698664836.90214,533769.558705337,7.12,15.0698,11.89505,19.14467,,91.9823,98.7011771717018,202.547483552292,48.8037748813697,69.1970652402936,73.004460249364,68.6878239878463,63.2176068330264,73.4576347360056,76.8774309150512,80.6378049205297,67.5054682867535,76.2429960673723,58.5547531036756,59.3950612263719,58.0142612905184,60.2319003794569,58.1186173202593,54.4783502462409,65.9192156562156,2459362927.68991,18156.2470011555,2707067672.94421,75699507.5646018
2009-03-01,83.2372,123.8334,77.5826,89.8538,73.974,,4.49607437802689,,4.36861084398293,93.8352476474902,65.3949807583648,85.1427686533785,58.8946157314389,78.64,80.9,79.67,82.27,55.2,,,,,,,,,1402599972.09928,3960917544.61335,4398888372.0302,4689284722.90809,533533.065248359,7.03,14.1517,11.22881,18.76657,,92.2631,96.7904463774314,201.116730078821,48.2993622528158,69.6114473908301,73.3252107696997,69.1163011675745,63.6267560360213,73.8853843642589,77.0963150610638,80.9330622511864,67.780785172868,76.369650560918,59.0628203493302,60.5578082806117,59.5439203543703,61.132227211901,58.093358470284,54.4923879342494,66.0195260127055,2573782910.358,19271.4891675659,2801220155.44742,96696720.2084196
2009-04-01,83.2679,124.4317,77.9861,89.0716,74.3678,,4.27659561788054,,4.31511041993253,95.6224389498656,66.70590891505,87.0785006252525,60.8194225276529,78.23,80.0,78.76,80.93,57.15,,,,,,,,,1413247518.95418,3984180595.60358,4418442933.29923,4710661953.82119,541653.790763963,6.05,13.8443,11.6407,18.35754,,85.1528,99.7105913958487,199.428632613354,50.3268524991195,69.987192521069,73.7136618523205,69.5371043414915,64.024917168754,74.314358449364,77.4374198197732,81.0121209981137,68.0402575867175,76.9409536521559,59.6926131667301,61.8336138191582,61.7194545498104,61.6722934236422,58.1772250422722,54.4588252703676,66.1720919774522,2639262218.78981,21796.0021232218,3134837346.45124,130763921.078609
2009-05-01,83.0499,123.6472,77.6081,91.5652,73.1415,,4.52657785130653,,4.41308471983418,93.7396643742038,65.6923632740246,86.181296621507,60.3877107854225,75.49,77.1,76.24,78.48,53.91,,,,,,,,,1427953054.18401,3947657062.35882,4352415424.79309,4654489443.36409,542049.924358271,5.29,13.1667,12.0079,18.60586,,85.735,104.039344741499,199.059853749428,52.2449298381076,70.3144922631464,73.8783321569265,69.9110321439113,64.3366366899149,74.7208040041529,77.4205023125666,81.1208305347419,68.3218026135811,76.7095323365722,60.3433205533012,63.0637482887464,64.8238941954547,61.8025865972317,58.5658615096379,54.8566143374895,66.3426437374738,2680429965.78659,23776.8885615292,3404121749.32979,110898875.433889
2009-06-01,82.8542,121.4831,77.7978,90.6562,73.4468,,4.0661094430477,,4.06140105581906,93.470413706103,65.8676960456429,85.3436213142015,60.0849914448227,77.96,79.66,77.99,81.66,56.51,,,,,,,,,1418855627.35108,3974094094.29142,4426417206.01442,4729504775.92581,542747.427249324,4.98,13.1722,11.34456,18.47796,,87.8258,106.79665738604,200.055753802748,53.0991928133326,70.5798517769502,74.1110455945271,70.2433994304726,64.6506886247647,75.0906543761305,77.5547149726272,81.2662766403759,68.567565344154,76.8051899266765,60.6785859456159,63.8685889684213,66.8102358432698,62.1013354300018,58.7139879653249,54.9641539492796,66.4385094478562,2702234149.31671,24397.9764533111,3495573187.17293,105843746.120941
2009-07-01,84.7299,123.4803,78.9023,90.6507,76.1879,,4.77706591354604,,4.9616591322172,96.0987582853138,68.0546058953673,86.4284467489557,61.0400885323244,78.93,80.78,79.2,82.58,57.26,,,,,,,,,1442005371.85059,4018407609.54198,4458640518.90024,4758930661.9182,548316.130852449,4.59,13.2125,12.22817,18.72872,,88.0485,105.762896287089,199.219671356506,52.8236259516239,70.7702415812032,74.3662921697781,70.576142913212,64.9293460874674,75.4717746806615,77.7451179236614,81.4380998762986,68.8406866082794,76.9916845586304,60.6594390519236,63.6184511583751,66.2006374879495,61.6906736605365,58.8352559270798,54.9869787455804,66.5552187461654,2732775123.94061,26903.5688996253,3817871340.57507,120112586.96526
2009-08-01,84.6876,121.5041,79.0985,89.6906,76.324,,4.19083674254814,,4.28959966365731,92.6215609190906,64.8791187325823,85.5431614149453,60.5735507002331,79.72,81.33,80.13,82.76,59.25,,,,,,,,,1442544658.26941,3940911807.47084,4433251523.63133,4741296469.83512,548599.232526656,4.49,13.314,12.10256,19.10426,,86.3059,110.291803704201,199.956878789672,54.6918335326549,70.9578901673614,74.5777098391496,70.8690300615239,65.2245806937945,75.7487092346116,77.8950060023339,81.5966067856543,68.8721687391226,77.164164935628,60.8152987629869,63.6125705898548,66.904836025185,61.2916509967065,59.1069935263419,55.1068041108285,67.1714186269647,2772311409.12387,28365.802249614,4015964138.53873,144385153.757444
2009-09-01,85.9205,123.3027,79.3993,90.7048,77.826,,4.44070259454437,,4.52398169513399,94.9495249580306,67.4649168143754,86.0543333589177,61.0599188697728,79.48,81.09,80.4,82.08,58.83,,,,,,,,,1437477975.06887,3983308017.44856,4450253434.58361,4770033951.38746,546995.248491596,4.48,13.4928,12.58069,19.72512,,89.6782,111.682732776975,200.56366181142,55.3509511149259,71.1630836084712,74.8002787461629,71.16017734591,65.5954685646897,75.9790934378823,78.0703290609655,81.7650829912313,68.8528957959148,77.3386555609232,60.969465456558,63.8591808352806,67.8937366808256,61.116294693344,59.1305797524219,54.9951365541421,67.4235020918094,2807350730.8859,29289.0544037434,4194853914.2992,158785755.927491
2009-10-01,86.3582,123.4947,80.0651,87.7699,79.3152,,4.49723723012051,,4.49680730213694,94.7777695923403,67.2480026974282,87.0745066104416,61.9555805092899,80.32,81.82,82.17,81.55,60.15,,,,,,,,,1494485007.5363,3989574398.74158,4505600512.41192,4870400494.25157,555389.630178208,4.51,13.1479,12.20112,19.39447,,89.4284,113.214548719096,201.620452620854,56.2509054951176,71.2798525248188,75.0608564786769,71.4214756563829,65.9276248067045,76.1878446298435,78.3534861465586,81.9387241599077,69.1373201875281,77.774146919839,60.6013676001834,62.7512771978543,65.4997664735976,60.8846232050294,59.2790269158708,55.1970812020082,67.5878411505573,2829630213.813,28916.1480290437,4167494164.50982,148601591.299291
2009-11-01,87.6773,122.7498,79.0069,87.4319,81.5759,,4.2806940140601,,4.3484909002827,93.9256641914902,66.8845761474149,87.1538485206842,62.025089361228,81.18,82.47,83.97,80.78,61.58,,,,,,,,,1485521650.60079,4001538452.05597,4536483494.6795,4909122997.95154,554535.840588151,4.51,12.9157,12.21916,19.36451,,88.6404,116.058940503325,203.147233286482,57.3643494577575,71.3249816555671,75.2566979707096,71.6245220387358,66.1457139749672,76.4237751369353,78.4943171956082,82.0568153657333,69.4157412630714,77.8117412111676,60.3288816924533,61.7813571425049,63.2111955595851,60.9063252882419,59.4071845423133,55.3115809183832,67.758484863698,2874516621.63816,31148.8267434265,4439753115.77138,144923342.935465
2009-12-01,88.0622,123.208,78.6038,88.393,82.0124,,5.08661630316668,,5.10500631176087,95.8607574049644,68.4383667146318,87.6184224792936,62.4359128617212,81.69,82.91,85.44,79.97,62.64,,,,,,,,,1483981991.8401,4024919035.14152,4508412279.24154,4880379007.59053,565089.742308998,4.5,13.0659,12.47336,18.74565,,85.7394,117.339724993557,204.80974386088,57.5755119301176,71.4845008098998,75.5022659982491,71.7335822215603,66.1963352813633,76.5635233378485,78.8383561940991,82.3242144581142,69.6957885944822,78.2765397412005,60.0934930590573,60.8839844035514,60.7445862035023,60.9063029794615,59.5339488498259,55.5826574091554,67.8924616675388,2827022760.90339,31561.8030074005,4507053221.66899,183435814.539981
2010-01-01,87.8863,125.1312,78.5222,96.7633,78.8418,,4.52328826299252,,4.64545563402997,94.3192430443858,67.9019951866146,87.3453014429565,62.742683314743,80.71,81.85,83.5,79.8,65.07,,,,,,,,,1508774961.26167,4018200527.85698,4474552518.50993,4857302598.33821,575507.548301364,4.49,13.0098,12.22154,18.08362,,83.888,117.592469989125,205.31461670387,57.6245858465247,72.1895127577037,75.9776610988568,72.205704309379,66.630477716439,77.0100562449294,79.3001427119018,82.6459300577839,69.9739194192,78.87933022934,61.4035229249701,62.8178235325138,65.4168005884996,61.172148382304,60.4581511986967,56.0965872804351,69.5312719579248,2828466230.18731,31018.8215985113,4438387025.92961,167935607.043812
2010-02-01,87.4918,126.1429,77.9932,89.4023,80.5279,,4.55081314559561,,4.65191421190204,93.5343549747226,67.7184272586753,87.400628019633,63.1721088360452,81.01,82.12,84.65,79.08,65.23,,,,,,,,,1504131851.15909,4050708552.23558,4485848817.95277,4890964834.696,577279.536648999,4.49,12.7769,12.08669,17.43536,,83.3782,117.532719267806,205.661710237541,57.4195612222442,72.4973667716792,76.2064981987373,72.4610232548378,66.9964404392981,77.1924131217294,79.5094333034334,82.9116643285592,70.2613148030776,79.1344495871101,62.0816676982313,63.6571918544561,67.4444717097377,61.2603558929258,61.1092286046206,56.5887754397591,70.8286396211559,2901945752.67644,32150.7526284024,4624580685.86622,175250586.037556
2010-03-01,88.5237,126.0397,78.7615,91.5904,81.6696,,4.639960720553,,4.73628514259827,95.188472083062,69.617416055198,88.2389162440416,64.0976876986819,81.61,82.81,86.03,79.03,65.96,,,,,,,,,1522783634.33026,4026396263.60968,4515914209.94983,4945088623.35151,596471.253985657,4.45,12.3306,12.1412,16.6759,,80.732,118.240512135021,206.378472813959,57.4290015296941,73.0316610480159,76.425176154408,72.6058108198589,67.0891397419558,77.3788327870958,79.8004921350911,83.0703597964631,70.5506995819566,79.5035503299905,63.2909148095178,66.0610779248802,73.6931209566061,61.3957325182051,61.5389791379656,56.9461151434214,71.5152955386024,2975940096.73917,32619.9198699988,4709694794.94937,194937706.15678
2010-04-01,89.4883,127.0655,78.5245,92.6299,82.1202,,4.81706081027528,,4.8059228589803,94.2531402318343,68.4895613603566,87.9437924530016,64.0524953443278,82.25,83.51,87.67,78.42,62.18,,,,,,,,,1524026659.46429,4038429181.94567,4532229697.02589,5004961664.38669,578340.771155398,4.44,12.2626,12.11116,16.30313,,78.3195,118.199491893663,207.501957173055,57.1128360399022,72.951625936962,76.6052544431712,72.7630639069016,67.1508090312911,77.6059643419308,79.9893955387494,83.1735940214174,70.8183084412958,79.7224687696988,62.924176891657,64.1404267487895,67.9071969644139,61.421067698205,61.9833253258754,57.2501804753905,72.0567065232716,3012953303.95794,32500.8379013641,4692279458.43626,191073100.598734
2010-05-01,88.9574,127.3327,79.2145,87.7126,82.8557,,4.71309517266049,,4.80352008920936,90.6874603525273,66.0216437136702,87.5726583872245,63.7836963172633,82.62,83.68,88.58,78.25,66.53,,,,,,,,,1551015749.05016,4119511365.62366,4592577274.6548,5076387231.27201,587514.631132713,4.52,12.9146,12.31485,15.83976,,79.7502,115.539131831564,207.9826215948,55.4717820915171,73.0923179451947,76.8030729341117,72.9588594947375,67.3068669623378,77.8122490299675,80.2162394756368,83.3773390796016,71.0962855995548,79.9775516191517,62.6419398863896,63.1197959520653,65.5400802543742,61.4631689981576,62.2808321493709,57.3911194403337,72.2697065008415,3027348645.7088,31540.1294580802,4559264804.23229,183289422.8926
2010-06-01,88.9775,126.4348,80.1568,87.5897,82.8452,,4.6054967777474,,4.60507814621534,94.7107102835948,69.1914500405401,87.6406191120154,63.9849406627643,82.76,84.0,89.11,78.09,63.13,,,,,,,,,1566028578.14047,4140249499.91547,4614533641.0887,5121941715.92526,589575.887539934,4.59,12.8441,12.09079,15.7276,,79.3288,115.421318441307,208.266472372538,55.1069251041947,73.2041563910881,76.9675001569625,73.0492233009732,67.3411846676381,77.9824592957543,80.4500253176971,83.5735119440612,71.3645286922372,80.2503197630432,62.5941610338966,62.6362819796126,64.9943094118116,61.3979038202659,62.589510240329,57.6686302331604,72.6559322347635,3095607518.77104,31276.6164496489,4543658013.31184,325522478.487351
2010-07-01,88.7334,125.0916,83.5435,88.6656,82.3349,,4.70813928502008,,4.55475162778014,93.5772395831362,68.6415865773789,88.3794385597091,64.6885703314226,82.69,83.94,89.48,77.5,63.79,,,,,,,,,1591066272.18611,4172676191.8054,4663663333.64404,5198032887.62539,600834.594961799,4.6,12.6455,12.27246,16.48088,,81.7357,115.654628926459,208.922713929406,55.162815443638,73.3431537726955,77.1505644095832,73.1953108115743,67.4916844511983,78.1212990898105,80.68196917161,83.7381315757106,71.6362009954491,80.5420440508105,62.6496392693934,62.3135822145877,63.6685930885495,61.006633396584,62.8646054331701,57.9477479518241,72.7514908111829,3130134178.49517,32163.4138279381,4640616402.88381,163385042.569829
2010-08-01,89.4621,126.0954,79.9206,87.3345,83.6372,,4.68061971461669,,4.84843323381087,93.5548407890188,68.1391000505709,88.9866087151745,65.3225899802759,82.7,83.96,90.02,77.02,64.3,,,,,,,,,1597014099.68172,4269545798.84859,4750224158.46117,5316143151.11168,604717.542147362,4.52,13.1676,12.35239,16.73865,,81.8421,117.748799791844,210.247073317682,55.6534114430131,73.5885178694463,77.328330143003,73.4179874646825,67.7377183446752,78.3211763983558,80.8257029402107,83.9153848712068,71.8820124975082,80.6264533877137,63.0706743974498,62.9813241919226,64.5950495190171,61.7836465805955,63.1550111754914,58.3240496178967,72.8503871199044,3126039152.02522,32137.4161001707,4662115725.00595,174711688.664464
2010-09-01,88.9694,127.1613,81.7004,87.7485,82.67,,4.62083725131151,,4.68111720006151,94.2383352571921,69.4607661917421,88.6087822071681,65.189391976865,83.79,85.02,91.91,77.04,65.92,,,,,,,,,1606160547.14711,4263570116.79304,4763441261.72521,5351021865.65577,614160.007102078,4.43,12.5998,12.26376,17.19369,,83.018,119.933439548793,211.607117390892,56.4073493853627,73.8418926181942,77.5447069080548,73.6410332490531,67.9258053296587,78.5924690142964,81.077183643588,84.0444619427957,72.1307482029673,80.8594526792582,63.4194498511224,63.3616721917885,65.3154754016469,62.0942160194892,63.5122696034319,58.7869227242663,72.9788617706363,3180476982.55249,33466.0485548466,4904274718.60356,167077049.796386
2010-10-01,89.026,124.3481,81.5321,89.2592,82.5517,,3.82830527794838,,4.71226623033704,92.8261265158903,68.6015482577754,88.3397826974395,65.3996460940906,83.7,84.52,90.67,77.41,67.01,,,,,,,,,1619731676.15964,4310534398.45707,4805810080.95922,5494676654.25908,612198.80479083,4.03,12.3387,12.12524,17.15079,,82.3824,123.975541054757,213.95301393009,58.034054097414,74.1682406535852,77.7146918724189,73.9548647861436,68.1979690472546,78.9636569463799,81.1276330010427,84.1828811228963,72.4179428696628,80.7683748657933,64.1233732638376,64.7879627806901,68.5313238877308,62.3307603607129,63.691999257878,59.0252619621649,73.113048707567,3190009626.37162,35874.7381845691,5199097410.68573,171775003.5351
2010-11-01,88.8461,123.6686,82.4533,88.0579,82.7853,,5.00910538899759,,5.12714802484921,92.9241200108607,69.0180325288905,87.8099794064264,65.2032841977618,84.47,85.43,91.86,77.59,65.44,,,,,53.2731530188966,50.515158062602,52.1340001962304,46.6512658790595,1631122214.98459,4312612827.46543,4751527800.38401,5450256148.84019,613489.152455902,3.97,12.4664,12.14103,16.22751,,80.441,126.939464356418,215.90570691788,58.9701967647275,74.4007372081965,77.98659065915,74.249095553577,68.6424896520899,79.1558118887411,81.2839362238197,84.2961693601726,72.6924311490419,80.8373553736487,64.2966996836908,65.3383028717607,69.7308170274079,62.4848432250621,63.6474012531383,58.9251127474051,73.2935225144207,3162196208.04385,36828.4775101883,5350050227.48576,207954021.670365
2010-12-01,89.6754,124.4921,83.4779,89.2811,83.6569,,4.21274587129508,,4.22304614683253,94.3961567810365,70.340513018578,89.2797989378671,66.4039985740504,84.74,85.9,92.84,77.81,64.33,,,,,53.1015237362134,49.7753999242557,52.9149315791074,50.1401788371084,1692070098.41831,4336936009.26081,4781745050.71459,5508110872.26353,623083.191172582,4.3,12.3496,12.4279,16.56328,,79.7396,129.854846632775,216.987491129875,60.1173995215869,74.6152344810025,78.2079881467737,74.4711404406018,69.0902882668705,79.1318176552985,81.4839729026025,84.4563147686008,72.9644999103375,81.0516967763468,64.3162063636048,65.1606047301494,69.2331458449498,62.3713849905502,63.7396001726678,59.0791368715728,73.5287407936121,3228205217.85354,37780.9639126296,5470732679.98134,254290839.687569
2011-01-01,89.8149,124.9382,83.3628,91.3567,83.118,,4.52617459551683,,4.59768410073167,93.6861088309131,69.934904002693,88.5363468874801,65.9663941079118,86.14,87.07,94.89,78.02,67.27,,,,,60.1446419955004,52.8718932116628,59.0492277304434,58.5909643356387,1687984614.39365,4368254783.36409,4833069568.56266,5556637774.61305,622882.827140967,4.14,12.1519,12.16284,16.66876,,78.1736,132.045324882903,219.118479694906,60.5896413719597,74.8953681698097,78.4626160731346,74.7762576494134,69.6355507597066,79.1913588501149,81.6710933136171,84.5671121545773,73.1938411930617,81.2970450372004,64.6693125826917,65.3911523717564,70.4303312990864,62.2029419374213,64.086303368611,59.4464767855213,73.8263353008294,3195004479.58952,37563.6801374942,5518717997.9126,161222300.490526
2011-02-01,89.6144,124.4539,84.1113,88.9581,83.7995,,4.69588961988088,,4.80189349693911,93.4152073317444,69.9879050869739,88.0702114211611,65.9133292447134,86.02,86.91,94.35,78.36,66.69,,,,,49.1876395852367,51.9595721905271,51.4603720366448,48.4563794348196,1710782342.97617,4401485622.65793,4873207046.76158,5639798387.84923,630438.911765514,4.04,12.1062,12.43573,16.72229,,78.431,134.993492076828,221.878877159939,61.1625249975007,75.0696950347058,78.6686410369044,75.1301303241823,70.1751848456347,79.3624123456477,81.8084918054875,84.6885367566708,73.3962245497689,81.5500555603623,64.8241129791511,65.4847031374903,70.3126669369914,62.480823760567,64.2735592581023,59.7715799055241,73.9375012981646,3222769750.76093,37300.9458565095,5506738457.63686,177013333.647051
2011-03-01,90.2919,125.6091,85.2893,88.1293,84.705,,4.44965000378572,,4.57130206910798,95.8809607241708,72.1920069146545,89.2218840825011,66.8241019566186,85.72,86.54,93.18,78.74,67.16,,,,,50.7359529357825,50.697052989714,51.4077256810539,47.9556572394998,1731446665.37495,4443929130.3353,4898876875.31446,5689238057.03925,633131.170622593,4.27,11.9084,12.2678,16.88849,,79.3093,137.980176681742,222.459270652064,62.047355755261,75.2121639384229,78.8644088352069,75.4755332335372,70.79944577055,79.4910446235115,81.8572307930492,84.8369393814719,73.6820856792817,81.343923251585,64.7742297544001,64.8574340732874,68.5861746334823,62.6535532226372,64.5336755417539,60.1957155089711,73.9010533057064,3257419369.43037,36687.8757623601,5434258162.50243,158907797.104407
2011-04-01,90.2072,126.1743,85.7896,90.5384,83.5991,,4.52406515461388,,4.56669337972042,92.6839490643674,69.5758415239849,89.2864335836382,67.2119122139212,85.7,86.55,92.41,79.69,67.78,,,,,55.2132404319867,52.7325081674685,53.6957800774136,51.6934706167178,1765221784.7784,4501149371.86861,4960895176.12047,5809393744.83802,649371.870938886,4.28,11.5278,12.0786,17.10495,,78.7315,140.706839577549,224.535059311698,62.5668466689511,75.402593970592,79.0368750109728,75.7391667251267,71.1787332320407,79.6255977635698,81.9368175535015,85.0159628455682,73.9678939241298,81.2512198981091,65.4289589067593,66.5944454461979,71.8490268602754,62.9464588263828,64.5176898749223,60.1680548752658,74.0510802579908,3342827328.53199,36760.8854791405,5426053200.88863,158613231.824797
2011-05-01,91.0003,126.1261,85.2686,91.0719,84.6028,,4.48008460171863,,4.54613470730101,93.2663672751684,70.1017256174882,90.5317612960979,68.0944492930224,86.12,87.01,93.29,79.88,69.84,,,,,52.3170375883174,52.1353082047017,53.0107881747397,50.1173270248955,1750842472.67947,4500289798.91707,4971807878.94296,5898601749.99224,641958.953764226,4.31,11.578,11.97802,16.68158,,78.8634,140.220238663226,225.437043424756,62.0205944363557,75.4911327435517,79.203261015547,76.0009324260134,71.5668323739061,79.7635846727468,82.0351506982958,85.1810963492196,74.2170062064281,81.2599681285524,64.8277889486722,65.1189089535778,68.1657323338165,63.2401355925682,64.6204525635807,59.9640466587143,74.3089907112823,3443201514.76709,35698.730253372,5310861942.45692,168915277.367258
2011-06-01,91.8442,126.9644,86.1514,96.1398,84.4534,,4.65486581787238,,4.74231900921605,95.7831079675095,72.2712124667502,91.1370462848873,68.709246134081,86.27,87.03,92.85,80.28,69.11,,,,,53.2980723040985,52.9076212707196,55.142811199262,48.1277112895792,1796085517.40586,4534003534.68886,5035685615.82806,5988928414.3055,646709.625495718,4.37,11.723,12.14069,16.96084,,79.9494,139.818527207564,226.444839370435,61.4407949414537,75.615853768726,79.4160320675432,76.2670338949432,71.9906689938718,79.9111107728043,82.2029367170774,85.3431920493951,74.4634143483021,81.4235128061068,64.6761930024673,64.269927530409,66.1111475152158,63.6384758371604,64.9040155258079,60.4137400637047,74.4456761818147,3527434299.40043,36827.0389642041,5460584541.28792,190364104.433851
2011-07-01,91.6429,126.52,85.575,93.0425,84.9646,,4.65131174446028,,4.53049348114979,92.8418160852225,70.4606659822376,90.4286118957913,68.5406857099498,86.81,87.62,93.58,80.82,69.52,,,,,54.1811568914671,52.6341815728898,55.1223837144784,52.6067821318731,1803396075.14892,4581612858.08566,5069276119.47705,6053735332.17091,653932.894611645,4.14,11.7425,12.27784,16.89394,,78.9464,141.426634865885,226.959538066264,62.2030503400248,75.9448861060327,79.619820723031,76.4997774318791,72.3453864586695,80.0407833166071,82.3697186164837,85.4737208486254,74.7164400353595,81.6007953033797,65.4910578577612,65.8344251631408,67.3493199362295,64.4267461120685,65.2716668933058,60.7715812588276,74.6636683601124,3592062985.529,35908.4192298417,5389103130.40559,194663041.771343
2011-08-01,92.0719,126.7597,85.7877,95.2672,84.9282,,4.77350305047317,,4.95574432535252,96.1817016312392,72.6943253913595,89.1296499783517,67.6653569103865,87.19,88.11,94.18,81.09,69.17,,,,,52.8230391355161,52.9717125461781,52.8419097772083,49.100377486671,1805276477.90209,4636702392.81674,5164620667.87458,6249054172.10193,656940.80131933,4.05,12.348,12.68411,17.83175,,82.8404,138.340696670979,227.140252265646,60.6145514131176,76.1169308817926,79.8098265608632,76.6370666486377,72.571511184306,80.1077966269675,82.604782627948,85.6016697973169,75.3254369485846,81.892551246231,65.5627812127192,65.7196832728844,66.7409444387379,65.0605976375978,65.5199801081398,61.0170918020568,74.7899946961558,3761697311.12702,36405.3229767401,5469321319.07411,229901933.223704
2011-09-01,91.9287,125.5095,86.1612,93.1094,85.4655,,4.44258586890634,,4.51371999559052,96.4911628498739,73.3561312150742,91.712092097954,69.6017569867213,87.45,88.57,94.38,81.73,69.22,,,,,53.1252156596785,53.6717267654124,54.3880551003984,49.2230821515851,1913472165.67115,4701026885.62216,5302839562.02654,6300611928.18914,670488.586383158,4.23,13.7994,13.21914,18.53535,,86.3457,136.33834748199,227.456068069586,59.77860658588,76.1800357881305,79.9612080475568,76.8776822312602,72.8541367497555,80.3020131613017,82.7510722303349,85.739081106279,75.1716320486854,82.1111791434033,65.3932131063729,64.7879571267869,64.4000206135406,65.188710175451,65.8839483959442,61.4604878035219,74.8882918101982,3755395497.18561,33706.8876837912,5172499461.08183,176507182.886678
2011-10-01,93.1388,128.3507,85.6799,94.7315,86.365,,3.86557536732838,,4.49298175093834,94.4675099747412,72.0968796751641,89.2666706160452,68.2387161174761,87.67,88.91,94.77,82.12,68.86,,,,,53.063216858165,52.3059113348241,55.0284293319348,50.7458175598938,1903401544.38362,4738019430.02772,5299447393.76088,6378438279.03277,675396.763219863,4.36,13.1802,13.20261,18.44042,,89.2605,132.917511289903,226.731235077087,58.6777947649629,76.5539328123424,80.1897261025374,77.1301859406892,73.2494345426599,80.4782235976125,82.954954996375,85.8878521041673,75.505933402317,82.3214978035946,66.1219472083111,65.3185303776668,63.985658110249,66.1992985775367,66.5172362850713,62.3265172849063,75.0065153746624,3901906726.0069,36316.1895575506,5515078094.56924,164887136.117139
2011-11-01,93.9657,127.8225,85.411,98.013,86.8843,,4.58010240971151,,4.64012598050048,96.0151018063571,73.7647306701618,89.8669731758398,69.0434809351569,86.91,88.13,93.94,81.08,67.91,,,,,53.3162127425706,52.3722333956994,54.2982617006172,49.3984322514146,1898903488.56194,4802760761.69859,5343013858.62641,6417873486.6659,683943.724243064,4.35,13.61,13.41674,18.34628,,88.8015,135.79598186508,226.934094526793,59.9438245339962,76.9752808276566,80.5394013218347,77.4157861600655,73.6399050531963,80.6888834698499,83.2502848754528,86.0203922410982,75.7797562812722,82.6511759620872,66.9170052352456,65.9224734893247,64.0014995531639,67.1289058904215,67.2792129594547,63.4037467893381,75.1150486095737,3940881202.1312,36647.4240044339,5580635265.66139,269945540.070554
2011-12-01,94.4662,128.2974,87.8434,97.3845,87.5756,,4.54439733277448,,4.66532949869907,95.7151909172833,74.0141150392778,90.4470131066377,69.7986863527714,88.05,89.1,94.6,82.68,70.98,,,,,54.0225254554344,53.553088860746,53.8971167703553,49.8535271836161,1933548701.89256,4852477901.92988,5444712945.19066,6582589471.01861,689198.215153374,4.34,13.9476,13.68078,18.10399,,87.8387,134.720054945874,226.426596450301,59.6677864101902,77.438599351681,80.8331887753594,77.8031554000611,74.1286064028479,81.0041404600447,83.4467773539058,86.1466476213444,76.052630058136,82.8765886372101,67.712784541285,67.5962191181336,66.0876061333657,68.4628281196683,67.6273852757585,63.9087578071968,75.2651257110181,3968969266.5449,36344.3612510222,5558424589.66842,169543094.14843
2012-01-01,94.5728,126.6335,85.7423,94.6982,89.0263,,4.54567797782725,,4.6660027238942,96.028320026302,74.560491304036,89.5961480335274,69.4257916740876,86.69,87.5,91.73,82.57,70.78,,,,,51.342606304158,52.1411494290032,52.3577232744254,49.6772566710715,1933630696.22734,4898698636.22684,5470720568.29983,6677352117.39137,699350.723719812,4.27,13.0077,13.02201,17.09342,,85.4912,135.959547430611,226.879263368086,60.1578630939562,77.9170501039278,81.0959188129924,78.2308593460551,74.6769153378941,81.3104882115457,83.5381747498837,86.2508602344234,76.3462068058501,82.977889766659,68.753257581663,70.2592619117432,70.5104422209821,70.0963337823605,67.7626327828549,64.1289542682099,75.2532962232012,4077062778.97925,37706.1337926948,5766086424.70878,156338922.181712
2012-02-01,94.5648,127.466,86.7109,94.7092,88.9236,,4.47547062612447,,4.5938873438135,96.7137878826998,75.226123081364,91.4081154547817,71.0537335653734,86.85,87.79,92.24,82.51,69.46,,,,,54.1065432918084,52.6077279494167,53.4237267252522,50.454942604131,1926840065.13583,4932373612.16784,5520733910.8453,6760779130.32092,702653.71593852,4.32,12.7891,12.94449,17.20773,,81.7803,139.474365606341,226.52367603969,61.8243714556493,77.9872277435993,81.3197568132073,78.721221447068,75.325240806782,81.5720423602877,83.6472870083346,86.376524862246,76.6215178753867,83.07900115348,68.4005741360418,69.014362720433,67.1329248797754,70.3469135474793,67.8134334002063,64.4688142217439,74.828012274741,4110677102.25467,37854.808246167,5809020696.50308,263492651.648724
2012-03-01,94.6571,128.1679,86.1583,94.346,89.1064,,4.4964186963591,,4.62000691861011,96.1645112813029,75.0511677121247,92.1193978886555,71.6166925360436,87.77,88.63,94.02,82.27,70.84,,,,,54.6904836667628,53.6454649559308,55.0633110186503,53.2299199558024,2021302330.66681,5067441883.36334,5668669542.30957,6900611884.26938,720708.839577261,4.24,12.8093,12.84273,17.09273,,81.2651,137.942711309807,228.285293778231,60.4124941723206,77.9950982266156,81.4827033635914,78.9014422491709,75.5301751222987,81.7719318677839,83.7770485373242,86.5044096943145,76.8915528219777,83.1136750307313,68.0334922594745,68.0574827718264,64.6472904908173,70.3884910350954,67.8636112873285,64.7347496135371,74.354134486442,4104900836.82478,38881.9764484031,5938180001.51504,226002386.077618
2012-04-01,95.1575,128.0329,86.6778,95.6275,89.4421,,4.6017797235138,,4.62925593478881,94.5436017863443,73.3880312747307,91.1782405620723,70.9508243182533,88.11,88.9,94.24,82.71,73.12,,,,,53.1001787800643,52.9579102721061,53.0960693770708,50.4985089759666,2017050848.58351,5055670627.78816,5643631380.62512,6965978958.43937,735997.515475416,4.29,12.9942,13.15598,17.19003,,83.7768,133.745512875558,228.25159718428,58.5577172926939,78.0157656824335,81.7141470506613,79.1810935146346,75.8154206272254,82.0217016843263,83.9618078442358,86.6464058913293,77.1538623989384,83.3252464861591,67.7809080589784,67.2631610130133,62.388175929892,70.3259340028562,67.8074650611794,64.7999576487262,74.5282585705182,4191994686.03729,39362.7602676069,6015611432.53659,177470153.373983
2012-05-01,94.7516,128.684,86.7642,95.7992,88.726,,4.30067303350901,,4.52379413897136,97.5330872999581,76.1025849793106,92.8026362085376,72.5181586402241,87.1,88.47,93.43,82.73,68.88,,,,,55.7388889957144,53.5853367353297,54.0250637509831,49.1140430513313,2052489112.44525,5088584971.14214,5716657685.48424,7056541690.17659,746861.72908084,4.39,14.3047,13.87599,17.71494,,86.5311,130.537605466079,226.678136182807,57.5282502406925,78.4088450734113,81.9663800289931,79.4714271525651,76.1733809853897,82.2639945826015,84.1621874088092,86.7836563445109,77.5607974243251,83.5415993769504,68.1667835473336,68.6836398075602,66.6293272505069,70.040674420327,67.8350027468706,64.5959553979266,74.5433478732858,4259661082.33563,38077.7818454506,5834512900.7863,219852101.428606
2012-06-01,95.2334,128.9595,87.1173,94.1573,89.7228,,4.46057468668815,,4.55663209135009,95.5114928472934,75.1631984788029,91.3667893885907,71.8653003789572,88.5,89.61,95.12,83.23,70.41,,,,,54.750035811328,52.8658510800834,53.2090464895515,51.7882675843201,2113720339.91895,5103330265.88204,5791359724.50191,7241297176.75502,760182.45521889,4.34,13.4084,13.15713,16.98844,,87.9361,125.60610206842,225.798734756028,55.4819335133113,78.881424773056,82.1985554354467,79.8549710029001,76.6533658567518,82.5775593131535,84.2715748141771,86.9296804928311,77.8790857108943,83.5710000213028,69.3543690361576,71.4607271376453,74.6476786584025,70.1265918535409,68.1796071051804,65.1994664554581,74.6398765704573,4389870245.17553,40482.8977412193,6159127754.0799,224564270.284869
2012-07-01,95.9825,129.1488,87.178,98.5668,89.5476,,4.27235971866881,,4.62014615130511,95.1429813854313,75.378948482385,90.2312865223093,71.417235501118,88.71,89.59,94.94,83.41,71.58,,,,,51.8818751129461,52.3579349835999,53.2897744162072,50.7985395922699,2076776245.41352,5115157674.15499,5806734251.73017,7327915782.41051,757180.41138646,4.15,13.2833,13.24226,16.32916,,83.3475,128.248936364876,226.863410424549,56.5819969917951,79.3075080461474,82.4879765802904,80.2873505025241,77.1267782540407,82.9797630172632,84.4129245891045,87.1043007274437,78.138955436141,83.6377682418739,70.2822670061552,73.2934893950217,73.3728760025553,72.6714544954718,68.5364566069434,65.6261696932185,74.7022481636373,4514085334.37782,40634.4403529638,6225985521.59322,218525838.778557
2012-08-01,94.6266,128.7282,86.3875,95.4709,88.5422,,4.63936680057796,,4.64752094476607,96.6538528095404,76.5929931751077,91.2551838610949,72.4356954278139,89.34,89.96,95.22,83.84,74.22,,,,,53.8162327005745,52.0598712176828,53.5643115476925,50.309233082233,2099382210.50986,5143471587.32553,5832106796.55098,7383312371.01001,761887.278605914,4.13,13.2571,13.42215,16.70262,,82.6166,132.016821285648,227.764712246714,57.8099565839958,79.5774914161089,82.7404045268171,80.6047822957047,77.4507158227638,83.3060277268874,84.6010826656144,87.2643423020422,78.474749599223,83.8728916735034,70.5458779314995,73.4090924661505,72.631401094224,73.9207072169142,68.934663632817,66.1045375720485,74.7731532060851,4565771803.46722,40147.0855163091,6171869832.0675,207193304.021404
2012-09-01,95.8688,128.6715,86.4064,96.9628,89.8336,,4.83583424632461,,4.95222886904476,94.3749934635665,75.1606652905528,91.3571930813458,72.6359361480808,89.65,90.31,95.85,83.95,74.65,,,,,53.7917878766016,52.0653517027672,54.1191207240938,50.4347596606532,2115051762.4691,5157886057.40523,5874051228.88952,7472606635.60592,759495.289600699,4.17,12.8695,13.08545,16.59522,,82.5505,134.754793147344,228.055573261564,58.9896225003292,79.8146147953021,82.8302307167611,80.8484380392536,77.7876665966317,83.4535212153368,84.6324436552751,87.4296836361517,78.620961913887,83.691184600326,71.1988475242117,75.2273474110623,73.3399632010157,76.6080353172722,69.0620697211789,66.1126841400001,74.9736565371248,4629113919.91221,41169.9302305314,6331921616.8739,293792021.87678
2012-10-01,94.0307,127.866,87.1342,94.5461,87.9208,,4.71169250310146,,4.77903222084717,93.8194591298306,74.9391681967191,91.417406666484,73.1942925285088,89.81,90.25,95.58,84.02,74.75,,,,,52.3963736680711,54.3727584916792,53.4487416561149,50.0774109312137,2096773913.19748,5208688631.76927,5864795746.92118,7536188183.60417,766462.655231739,4.21,13.0911,13.08848,17.00534,,81.7499,134.499517235875,228.565804247081,58.8325802524402,80.0501683660491,83.0449888185609,81.0609689749726,78.0615106136483,83.6799172060912,84.8237521296385,87.5911252874637,78.9227677134028,83.8501666262882,71.4743571104116,75.5751022436131,72.7603142186445,77.4228918826944,69.0880490640566,65.9948148118164,75.1968397667585,4650575561.07138,41504.0423780323,6453702371.11196,293826690.238336
2012-11-01,94.8278,130.0831,87.6716,95.0397,88.6533,,4.67189461913253,,4.75208572367864,96.5597545215606,77.2511269188241,92.4475541470345,73.9449650588805,90.68,90.52,95.62,84.26,81.12,,,,,53.2400197906861,53.436348213998,53.5281174287015,52.9831031952679,2136671125.18537,5209440241.7809,5906509497.87986,7617448866.62317,767652.69241046,4.29,12.9268,13.00488,16.79967,,81.8074,133.661722467656,227.784019070911,58.6536504780675,80.1534111347525,83.1744856992466,81.3965593009307,78.4368766130176,83.9642010736902,84.6676236604915,87.7502745104985,79.2014719338117,83.0902271813282,71.6402700157789,74.5371251853416,69.8810688642381,77.4506481692353,69.8265466468832,67.0304367523136,75.4950565869577,4743546875.60021,41502.009324053,6438477429.81343,249739725.820361
2012-12-01,94.3056,128.7088,86.6518,91.1136,89.2876,,4.81797733793679,,4.88511388404934,94.1708779382762,75.3725578432003,94.1442140699245,75.1822558025621,88.84,88.58,92.67,83.84,79.47,,,,,53.2586246632694,53.6934376652879,53.7333099210318,50.6136313138037,2129441857.9359,5202156639.1226,5910890496.71977,7704947634.48838,767772.055955658,4.05,12.9658,13.02441,17.13819,,80.396,135.081336903375,228.456736112834,59.2071874024408,80.1973985167897,83.1838693081427,81.6642279733276,78.6287206003495,84.338575539781,84.4283977271088,87.9008850129967,79.4896623690146,82.2879219083617,71.572820119078,73.742645085096,67.723209318506,77.5807142671489,70.165179060674,67.4695375243984,75.6227197396475,4773218272.70547,43153.607004259,6677898530.166,210098454.974199
2013-01-01,94.4333,130.9901,88.4403,94.2139,88.1097,,4.48992213971803,4.7521563758859,4.53393701978688,100.434118654295,80.5089089041395,93.6629288693931,74.9341200245515,90.11,89.89,94.61,84.37,80.08,,,,,52.4766849689584,51.9985336403306,53.2812701868426,49.4993239274602,2127712551.14192,5227063958.51604,5970300941.78859,7828161633.50981,761975.213178177,4.15,12.7094,12.72465,17.25174,,78.8936,136.372913194928,227.664993606905,60.1106023947835,80.4692596112877,83.4561947131904,81.6823575007922,78.6442375432655,84.3346177323104,84.9095786944693,88.0415570669769,79.8221375858065,83.3193339287936,71.7710794646886,74.0724752713465,68.7285966248827,77.4945459053074,70.3776711895515,67.7403620308694,75.7255015274966,4866444537.74949,45401.9373646495,7019290483.49422,311720965.947219
2013-02-01,95.1393,129.9819,87.9846,95.7731,88.8126,,4.42312977745846,4.70641443373864,4.55051766034988,95.7750196155595,77.1237984387581,91.1322281635326,73.3529261222709,90.62,90.35,95.45,84.44,81.18,,,,,52.6635804051585,51.9126204673722,54.8734568828869,50.4557039620195,2144003562.03662,5269299611.77993,5964965412.06247,7855030129.53281,769176.562899966,4.19,12.7795,12.43318,16.70664,,78.2873,137.130746663522,227.543425935365,60.4367091418926,80.8039240421853,83.7531392747517,81.8012609707069,78.8404199621918,84.2504709448012,85.5103429019588,88.1846774353857,80.093841244481,84.4756363467785,72.1768532872714,74.248855540083,70.3698405357729,76.8682110398071,70.7874593400544,68.0404849446185,76.4678461520053,4934281785.92048,44118.4308043593,6958108937.21783,262743702.001929
2013-03-01,94.1549,128.6915,86.1524,94.6168,88.0253,,4.41430296686865,4.57877912443991,4.57133528027855,95.1676127914314,77.3724209559994,89.0425781920258,72.2211406615695,90.42,90.1,94.74,84.71,80.37,,,,,52.7958666070898,53.9250101965361,54.2998356417588,52.7010620305552,2171288069.89632,5329838942.87885,6069833698.73054,8025745719.52277,797914.425712026,3.98,12.3612,12.15848,15.78525,,76.0178,135.950970014513,227.493706858675,59.7512658991571,81.3118385634964,83.9524719462616,81.9605376601562,79.0703575216372,84.3845084033425,85.7516452521781,88.3335567319651,80.3775061327314,84.7800967793013,73.6190418974136,77.6723495729492,76.9516581206372,78.2293777180455,71.3401519533158,68.5475394983681,76.8446021679289,5039593649.54072,43571.6514858775,6941070090.82983,244261903.061354
2013-04-01,93.2892,128.3432,86.8747,90.1073,88.0072,,4.39540380274858,4.52220614878742,4.59658977403665,96.6456645866853,78.5523723564805,90.9566542286964,74.062239399861,90.24,89.91,94.61,84.43,81.73,,,,,54.6997781639001,49.2899667224203,53.2486143548927,46.0112072882397,2164401298.92584,5313778641.40403,5977737444.95717,8053126951.7599,768359.3595379,3.82,12.1456,12.07637,16.01397,,73.7574,133.945734259707,226.475720089213,59.1235613531766,81.6833791847174,84.114464309217,82.095405993428,79.2825973158191,84.4384696246856,85.9334096304612,88.4737417788436,80.664508721374,84.9804098892567,74.8874212753205,79.0316637214015,78.6588608882563,79.242892567942,72.2944471595611,69.1626301800555,79.1889090220865,5195760815.51887,42286.7862745247,6884117297.12129,275284281.224675
2013-05-01,94.7855,127.8443,88.6934,95.2436,88.9255,,4.49780898138812,4.4988399443358,4.59200802339371,95.3319897851949,77.8628133276706,89.1747224011961,72.9082407130548,90.91,90.77,95.24,85.58,82.44,,,,,51.7533078155597,50.7060649801208,54.1110762835757,50.2811832296945,2195966158.61751,5355503581.28708,6085676781.61844,8104388059.34958,775268.122057807,3.72,12.8035,12.38867,16.59334,,73.781,134.288461927783,226.621776052715,59.2179842916819,82.0141924478299,84.3301459108661,82.2758447954893,79.5794105440468,84.5590766381349,86.1274984731779,88.6456218526984,80.9538862509889,85.1703258031982,75.3826519300421,79.1895891163955,77.1409766144336,80.5387254441613,73.0146068549032,69.9153141432579,79.3760939180271,5051337002.02951,41967.8181322331,6835884495.58348,276954581.725504
2013-06-01,93.8342,127.369,87.9213,90.9705,88.6295,,4.46858571556481,4.44039598163541,4.64515338384666,94.1384958398426,77.0975637575879,90.5821638677917,74.1427180563986,90.7,90.38,95.03,85.16,82.09,,,,,50.6719536894905,50.8237056412252,52.9638436453013,50.1403178129419,2222462071.03148,5466314781.39546,6139380541.10031,8063555106.09233,783205.190307123,3.78,13.0279,12.35045,16.93627,,78.8224,131.431689605588,226.086443436334,58.0430326232537,82.0801671401989,84.4798077646882,82.3672192161088,79.695697680933,84.6385238429105,86.3487051616172,88.8557414467147,81.2489739404683,85.4072977285676,75.1581621116615,77.7805003388762,73.5845179087745,80.7768851271268,73.5951857550143,70.5792862982419,79.993890966683,4957615408.78804,40754.5529007249,6684320874.98081,486299802.249881
2013-07-01,94.0026,127.6655,88.6251,91.6722,88.7387,,4.00382423064537,4.52200302386235,4.44223849098316,97.6476007950716,79.9997961170232,90.5167888958623,74.1312236832441,91.07,90.66,94.96,85.63,83.05,,,,,51.6732049251446,51.1516570048906,52.2200122639105,50.9146857176222,2236945540.6683,5525128024.50432,6188066399.56962,8105859544.69817,779932.215002748,3.85,12.8464,12.49569,17.05873,2.09525,75.9784,131.76435718098,227.473297742735,57.9841493344084,82.0857063690413,84.5610277103199,82.4388589657201,79.8445952660811,84.6519653608908,86.4069669037747,89.0297639040195,81.5670534866712,85.2633812172383,74.9168818818956,76.4442917619174,69.1465104219438,80.3592849002942,74.0165227243752,70.9753680740174,80.3312393158104,4911363318.67528,40701.2030520743,6638434717.92535,255844568.616466
2013-08-01,94.9123,127.8074,88.6854,93.0904,89.6638,,4.33394767648625,4.56393890974979,4.45168013024661,96.5045249909501,79.2115502179196,91.7074545571432,75.3047247362888,91.16,91.06,95.45,85.88,80.08,,,,,52.2120687681738,50.8333983105793,53.016653822955,49.8986412057723,2271829664.00126,5572580700.3106,6285789359.96456,8209035607.90519,792419.25117985,3.84,13.3415,12.64908,17.59077,2.18134,76.9394,132.271842206569,225.889022386204,58.4376261652786,82.3187925190011,84.6896569953942,82.5916335363982,80.0705963137518,84.7636063472105,86.5088316030539,89.2285175603459,82.0120858751615,85.1854444308628,75.4850141456378,77.1928663999976,72.8794707580397,79.9024435036559,74.4756788486432,71.4297308568656,80.6613770154276,4990340973.03632,39947.4744997502,6523589783.27093,268085089.156292
2013-09-01,94.0115,127.5997,87.9804,92.5473,88.2457,,4.34116907870548,4.95566044242022,4.46925650492371,94.8140855914911,78.0580666154058,91.6380121041588,75.3554990321216,90.68,90.22,93.66,86.15,83.34,,,,,51.2999160690202,50.1306899641407,52.0940654147319,49.6956508997656,2289126608.38215,5598818282.02328,6345149551.41882,8293502921.25726,802524.683633087,3.64,13.1747,12.81767,17.83196,2.15406,78.1364,131.37952313248,226.84345305233,57.8432539249846,82.5120799961059,84.8942392160334,82.8735892677199,80.3013584376106,85.0639892080373,86.7178606257094,89.3531962860011,82.1383166550693,85.4761952519434,75.6104287415207,76.9605096982235,72.9091483166894,79.5975902563632,74.9262708438383,71.9229141066524,80.8731077081563,5044314726.54663,40395.7350225795,6617376734.00974,221117822.500256
2013-10-01,95.0099,129.0102,88.273,93.9031,89.3991,,4.48342356129178,4.59001178823726,4.48159370426806,97.4081500141029,80.3902054122483,91.7172270376127,76.0082541357451,91.02,90.77,94.84,86.06,82.13,,,,,52.9443614517346,50.5645394959193,50.9681067175151,49.3910998857181,2261416568.43743,5629351384.21441,6410845015.75136,8402915785.47773,806841.766061596,3.39,13.0067,12.45782,17.71252,2.1357,78.1671,130.141621765255,226.847501220245,57.30624370388,82.7164433248448,85.086049134578,82.9388405100674,80.5236627834424,85.0781945791163,86.9819851812275,89.5104828807032,82.4339741791024,85.7878858322775,75.8393946886546,76.8125889414298,73.535639156024,78.9338275227856,75.2542399435735,72.227156337463,81.0824114601742,5131314645.57278,40639.0118763337,6744707608.03853,218900114.777247
2013-11-01,94.7452,129.8533,89.125,93.4669,88.9266,,4.20023693010938,4.43670649509783,4.36178102909459,95.8664461356853,79.458129531013,92.3638461146114,76.4721863451316,90.86,90.95,94.88,86.25,80.25,,,,,51.6492332165524,51.2934535817941,53.6852419314108,50.0513874973604,2344615746.19058,5723410456.13235,6540937592.21408,8532345555.04955,830773.610707577,3.39,13.1101,12.3838,17.8494,2.15399,77.1027,130.59791059427,227.238908907495,57.3814305838143,83.0381603110294,85.2919955381977,82.9856432913816,80.5770664496693,85.0726587101942,87.2539999819947,89.6756514904292,82.7289312135212,86.0124811788098,76.6203259360176,78.6220249809409,77.5863057139597,79.0971965862905,75.4519879013022,72.541879074404,81.2761774525965,5168463650.47551,42369.4371783451,6922180436.38157,209175268.91958
2013-12-01,95.043,130.3184,88.5719,94.8269,88.5611,,4.16486451091059,4.57826393843126,4.24479462775223,95.8024775825942,79.7301156361885,91.135440823605,75.599158121254,91.9,91.87,96.05,87.01,81.15,,,,,51.005975439154,51.2130347024787,53.1606318671993,50.8278627357711,2361969408.95141,5764345347.07446,6521448702.08323,8550758633.50273,838194.212522554,3.29,13.0843,12.31494,18.03017,2.15891,76.4084,131.510847784214,227.92293149874,57.7341472777208,83.3752146349662,85.4945405853911,83.204567640655,80.7289835403302,85.4217660317174,87.4268726958265,89.8291128108346,83.0168229847473,86.1682031202752,77.1778305291036,78.59636367849,76.8098379408636,79.5648744065251,76.2997856758874,73.0912683271296,82.6811598975555,5267442216.10634,42619.4350674853,6960313572.51936,241611131.922641
2014-01-01,95.1293,127.9718,92.7906,92.0384,89.9842,,4.04201206133179,4.47620127423739,4.12870946884518,99.4185580686382,83.2862823745261,91.5708406546062,76.560691876067,91.19,91.13,95.19,86.41,80.77,,,,,51.8336706187458,52.7437989188408,53.7628820785692,50.3722286785704,2403032080.71209,5807845922.63016,6544716470.83639,8507805382.21977,843133.887348461,3.14,13.3769,11.99774,18.03741,2.21655,76.4017,130.45157566648,229.124981573143,57.1668057378061,84.0835447331344,86.1607868796409,84.1389893614818,82.3533786165203,85.7148811883952,87.8619189730601,89.9914724467726,83.276993020135,87.1372109600705,77.9220564086575,78.6491099256863,75.7186216763978,80.4195429501528,77.6523951230352,74.3659520500035,84.0991697541339,5257432174.7956,40969.9207479645,6770208896.94705,219607793.199822
2014-02-01,95.4595,128.0911,92.0756,95.9189,89.5318,,4.33059359751047,4.54841316071667,4.45092360780985,95.7092128052401,80.3535157031129,91.5091359968809,76.800632476629,91.65,91.34,95.46,86.58,83.79,,,,,52.5198508276274,52.0908146863976,53.6533332710424,49.6359805999364,2426461015.98392,5834780993.25182,6627505682.53048,8707680986.72685,854349.041581938,3.16,13.2379,11.95912,18.28286,2.16307,77.1392,129.866321776962,229.517117243782,56.6890098464838,84.253883565663,86.2856800763023,84.2171520378347,82.6274564653059,85.482093926512,88.1248778740262,90.1659770087458,83.5889534477027,87.4440710174796,78.2577762637631,78.5386365645535,75.624263210838,80.4845382201985,78.0984445069478,74.9978225473614,84.2252920534752,5378315100.04096,38885.9495242688,6510662006.97587,197342793.93515
2014-03-01,96.8981,127.7424,93.4932,95.5998,91.6097,,4.32436482551987,4.54006436863991,4.51562877821727,94.0280697587416,79.2397454389418,90.3555872257888,76.0760831866158,91.93,91.51,95.36,87.09,85.13,,,,,52.2603295897967,51.9817463155705,52.3064300479338,49.7563637790059,2443070984.82447,5867745155.82736,6662306733.95918,8724375562.75735,849872.363549107,3.17,13.0549,11.82774,17.99357,2.10053,77.2258,129.320891581539,229.084496653567,56.4630423673586,84.3773525988894,86.398754139988,84.3666784017533,82.7637549118149,85.6647712860798,88.2430270472159,90.315723043009,83.8901759498813,87.4922471579977,78.4447271925008,78.817360220336,74.5923420977907,81.5107133624166,78.4429465023479,75.3703808139879,84.1503913976255,5468805461.94813,40230.7832241481,6625577981.76548,198871662.076263
2014-04-01,97.4609,128.6287,94.2636,96.609,92.0365,,4.20339843769849,4.50021229608778,4.35277039783912,96.2223730579331,81.0077429775651,91.1536972583457,76.810803343649,92.85,92.34,96.92,87.06,86.09,,,,,52.6183497598815,54.414889631843,54.2358988769355,50.7553045163867,2481358067.83655,5997494728.12266,6757772405.74702,8815603217.14831,877024.419228828,3.23,13.0901,11.9277,18.14811,2.09311,76.9691,128.645852696195,229.559088007413,56.0273807062263,84.5864090567663,86.7165925343247,84.5475304108411,82.9794845138619,85.8131647223011,88.689131053386,90.4542911908495,84.1976612958671,88.3141692627254,78.530039066737,78.2490713212466,71.4751777997965,82.6352274484525,78.596641413609,75.8247241709499,84.5349389108665,5505043556.25665,40800.9628387098,6700261588.91112,196314524.169014
2014-05-01,97.5551,128.435,93.5561,95.4398,92.5639,,4.31657641991901,3.9728439619636,4.41086641415932,95.3640398156247,80.6459148695242,91.278972465602,77.2509796586031,92.59,92.15,96.77,86.7,87.25,,,,,52.2234540496693,53.1803144375091,52.71325568016,50.7334770328814,2513126862.54343,6019588018.70558,6758075304.66119,8914163359.02223,878421.882963714,3.28,12.8609,11.84489,17.54998,2.05903,76.7432,129.751919187338,229.486278530736,56.555100764331,84.8927242853626,86.8662078419897,84.8158210573961,83.4087037948032,86.0040125665025,88.6573940228665,90.6096313508754,84.5238902222803,87.9630794292186,79.2601061737268,79.6501897621773,70.988881650465,85.0132048747345,78.9131475861915,76.1492748782494,84.8293469357903,5623185937.37329,41683.9002936289,6854512188.03714,193451286.078564
2014-06-01,97.8173,126.9336,93.5182,97.1546,92.6586,,4.19375540044959,4.45583084823542,4.53276670177552,95.7735843167094,81.3479946727805,91.5872690218409,77.745464034679,92.7,92.33,96.91,87.03,85.86,,,,,52.4709542484925,52.6527913257891,53.2756744150315,50.5537809263177,2519000098.45932,6051678725.01196,6846082707.54919,9083333385.43645,885775.751613,3.02,12.9712,12.17866,17.75887,2.08966,76.6592,131.410479011327,229.516052944037,57.1941169762519,85.1461665379582,87.081046961033,85.0233214588209,83.7214747577649,86.1315933691348,88.892817124194,90.7651821242708,84.8685721282862,88.2651921940713,79.611170252476,80.2923567051262,71.7243636697413,85.74147234644,79.1231584570719,76.4915999477172,84.9678361066479,5723779643.27831,42693.8581369443,7119347653.28414,184171765.107149
2014-07-01,97.2133,126.9528,92.6838,92.896,93.1613,,3.93348544317278,4.25067576636265,4.61851483840573,99.5496767233283,84.8366793159349,91.6868923090506,78.1428683340788,93.0,92.57,97.18,87.19,85.77,,,,,52.4737547962716,52.8871669909176,53.7525933848515,49.0718626197195,2561170784.41938,6109813542.22185,6908072133.79493,9187434870.04314,899117.390955603,2.83,13.2269,12.15023,17.69891,2.14144,76.171,129.467661025821,228.55218206064,56.6603214348723,85.4318817015892,87.3071575112574,85.2219662686345,84.0045436718931,86.2685181522504,89.1242137592866,90.9071784675297,85.1428208621338,88.5762486956308,80.030406256251,80.8914402915283,71.640338613363,86.0261858799523,79.4579750882168,76.8309167378286,85.1204823298276,5763385020.61858,43438.7500165283,7283797148.97445,207782959.838865
2014-08-01,96.7685,126.8683,93.5896,94.9554,91.6724,,4.36094545337002,4.68643418334001,4.58020019142052,95.2085693000252,81.3869703259926,92.0431940154203,78.7086568515601,92.73,92.37,96.85,87.24,86.14,,,,,51.3025539797731,52.7706001734113,51.6730557529537,50.9504438917607,2579072007.80946,6146623518.78474,6954414741.19169,9241518994.86481,911382.118954998,2.77,13.0763,12.05373,17.2241,2.12621,76.4733,128.346284032762,228.856748964359,55.981254984163,85.7267692224384,87.5367825637117,85.4957130321669,84.3438550563674,86.4956356246498,89.3104628364236,91.075438278777,85.4241270818607,88.7552706271613,80.4988035413217,81.852664655399,72.8539841136413,87.5643083214534,79.6299724290977,76.92609554645,85.2567820615879,5788072310.5895,45641.3670029239,7560399761.21965,190834715.174849
2014-09-01,97.4001,126.2948,93.7309,96.0727,92.2763,,4.15696009741722,4.44170942864434,4.27589181610665,96.2629277012594,82.6057231128288,91.9565445039783,78.8450422776127,92.81,92.83,97.39,87.43,82.53,,,,,52.2582493040558,53.9028328401745,53.3349539122236,50.7129338987407,2607000917.47239,6176195805.96008,6965380355.35626,9182720146.57834,919879.843399761,2.83,13.433,12.02119,16.96991,2.17346,75.1019,126.927640397229,229.115846684172,55.3514398526727,85.9713290435393,87.7163480198082,85.6821632326606,84.5421305743491,86.6635639870395,89.5225909177981,91.257151438969,85.6927286039296,88.9675956584902,80.9552545379016,82.7270256359863,73.5630502418617,88.504312335523,79.9167758060834,77.2331972932611,85.3828908873862,5714769612.66217,45046.6154410498,7533624318.21079,207183392.226493
2014-10-01,98.2587,124.6766,93.7547,99.1283,93.3497,,4.2728672070391,4.38556399406562,4.34696681952287,97.5782535337929,83.9921334453274,93.7216874115683,81.0825099503144,93.15,93.07,97.63,87.76,84.78,,,,,52.4811590184768,52.2472851699149,53.8584329638924,50.9568485529845,2670733666.98284,6200546970.24686,7090731275.08478,9401996353.91984,938837.919108868,2.9,13.4773,11.90854,16.85606,2.1995,75.5157,122.990753116733,227.594470132157,53.961517580935,86.2246365396011,87.8973155885835,85.8203667723422,84.7519657341575,86.8041522284052,89.7221322107138,91.4293501798785,85.9959697776882,89.1058353645533,81.4789933535841,83.3883407399834,74.6067750061316,88.9887345306131,80.3264128903224,77.6467753382296,85.5286772692085,5903182118.90067,44511.8322084213,7439090818.63808,218553674.379923
2014-11-01,98.0833,124.5763,93.1788,96.819,93.7713,,4.2792685202386,4.55457745492485,4.5181505542708,95.514550082469,82.4826833591671,91.846136670832,79.1394407089647,93.73,93.73,98.65,88.02,85.82,,,,,52.9055550226749,52.2176103233867,53.3526812265959,51.1777826885171,2709000217.79598,6236071402.96455,7133538319.23244,9549230270.9469,955565.752414442,2.85,13.8965,12.18723,17.32338,2.2554,73.9532,123.447287114753,227.249221500275,54.1876774647923,86.4900904424469,88.1380640591925,86.0295372497494,84.9009107815069,87.0220142152018,89.9267533331681,91.5930863381694,86.293152889586,89.2142838627837,81.8029991011576,84.1550125510388,74.6961256284885,90.0019743339529,80.4670473713495,77.7537134591584,85.7368607643122,6050703405.21916,44398.7416916082,7428892263.80723,190625196.585804
2014-12-01,97.887,123.6296,94.6433,97.9568,93.2646,,3.87917194236269,5.01925385261777,3.99616109012713,96.0403339857531,83.2178606846005,92.1810071911926,79.551349597988,93.51,93.62,98.58,87.87,83.02,,,,,50.4904978971061,50.6568556302831,52.4839292920298,49.8241277667441,2720916611.65929,6241810225.82515,7146926733.00165,9539896700.78653,976813.121895357,2.81,14.7414,12.72625,17.83857,2.37042,77.1919,115.195182672942,225.926804011401,50.9156945483793,86.7922786495537,88.2737591740938,86.1559971256002,85.0361391159893,87.1971779976785,90.0725587533209,91.7606457497487,86.5907362385139,89.2669773503465,82.3767272395708,85.3130922461771,76.5970590569375,90.8634722336714,80.5526051200271,77.8088729588836,85.9327075844516,6064717717.39816,43445.4683647538,7324745971.42607,239914949.065204
2015-01-01,97.5093,122.2437,94.4978,96.4712,93.3627,,4.56389629010828,4.53077347489127,4.85643698882167,97.5375936114496,84.2129121028483,93.6431970170943,80.7143648476731,93.87,94.05,98.65,88.57,84.78,,,,,55.3177995198007,51.8705626807631,53.0906272908677,50.988230994018,2828366611.89247,6418903941.49665,7260714709.39877,9701000760.21678,995381.499121976,2.67,14.9885,11.82293,16.91302,2.38317,76.6985,111.610919098038,223.376939783433,50.0474768580847,86.6728456337423,88.205640878158,86.2814478489541,85.1827090903187,87.2370034567226,89.8566729660227,91.9065962280448,86.8635171651841,88.6983278034724,82.0430645469865,85.2445998475096,74.5720231485117,91.9751950481472,80.3739071597119,77.6373353468064,85.915402458076,6174611966.4249,41053.3092424949,7107783785.58035,208219211.20463
2015-02-01,98.1768,125.7727,93.5556,93.9987,94.7097,,4.31120874345966,4.39504894148562,4.52154199506329,96.7424473331711,83.6363587882087,93.4644645742175,80.7854115504152,93.97,94.41,99.07,89.09,83.05,,,,,52.3045355799464,51.4376155628055,51.7882173641068,50.8458270808936,2855684616.34088,6461536377.42737,7344639061.90421,9762031701.39434,1014378.51761108,2.81,14.9553,11.9777,16.77386,2.37939,77.402,110.745859820166,223.222312761833,49.6183248206664,86.7979316947495,88.370469609674,86.4570718624738,85.2218910895803,87.4446114111369,90.0677259673028,92.0497039364777,87.2327880660688,88.9208800794605,82.143785430186,85.3466965026028,74.199551502958,92.36162290895,80.3539112908872,77.5399389378912,86.0536662892123,6143958213.39908,44583.9331110506,7614013737.47062,207538586.436725
2015-03-01,97.6574,122.6578,93.8279,94.6211,93.9354,,4.14140289800975,4.63010441995177,4.34869530816124,96.2585653235362,83.5725292722912,92.1484617688082,80.0279974916593,94.12,94.74,99.04,89.83,83.18,,,,,53.2639423610057,51.8662310150829,53.1752199929424,49.4807400560455,2883153187.98541,6442320075.01916,7302699943.55299,9651422315.566,1050983.51665293,3.04,15.2647,12.05301,16.39734,2.45914,77.337,109.478480358448,222.6054039972,49.1779925039055,87.0295125836107,88.517153509644,86.574303722053,85.2622382090481,87.6224068044727,90.2827773675478,92.1892767859378,87.5730502899552,89.1918255625787,82.6513701890909,85.427564016891,74.2173716510159,92.529353887686,81.2182136816257,78.4848196701508,86.2825649033324,6135286459.83925,43734.35107171,7435244784.17557,211242519.553271
2015-04-01,98.7451,120.0119,94.2079,99.5624,94.9662,,4.34559127976565,4.69253218579933,4.56474995191532,97.4266909967874,84.6440225859717,94.0632660489758,81.7283923079309,94.38,94.78,99.05,89.8,84.44,,,,,53.0992199218094,50.9542058622073,53.1433879725423,49.7319291798324,2941643142.70507,6505776167.99366,7435786775.57143,9818109833.96615,1050806.32714644,2.97,15.3714,12.69063,17.21751,2.4748,77.9047,108.650557697907,221.599813985505,49.0779620458898,87.19628874542,88.7091608414708,86.7529884032896,85.378553278141,87.8663169500527,90.4708091579665,92.3615524109253,87.8988036953162,89.3856584924567,82.9392978722788,86.1017892015077,75.4717889261329,92.9230735499157,80.9716350807633,78.2822657918308,86.5127586505418,6149687752.16459,44599.354922843,7485868307.86577,213644030.19595
2015-05-01,97.8709,119.1481,92.4921,96.4177,94.5248,,4.29314549444778,4.67038360929094,4.4312177904228,94.9877403687826,82.6525827225884,94.2216887780481,82.0401043261765,94.7,94.74,98.99,89.88,89.55,,,,,52.9408652984429,51.787616300847,52.7370642073351,50.1704122775865,2964620670.37961,6560250832.82996,7515270547.6419,9914389885.24232,1061165.71469139,2.98,15.3815,12.32827,16.8612,2.4795,79.5981,109.473448407014,220.959394621833,49.6802366843275,87.3367331207431,88.8792551213351,86.8665846367097,85.4451617010921,88.0792298120065,90.6425750331018,92.4976114422558,88.2133793712065,89.5212815336888,82.9433680431235,85.6371522698002,76.7502748435152,91.1325955852051,81.2614911287715,78.7230214363429,86.6098789373531,6215296116.50389,44966.5073798394,7580505106.21055,182869558.797405
2015-06-01,98.3413,120.399,92.5099,96.921,94.9827,,4.07446460952468,4.38966592813606,4.38012403943815,96.3021710296463,84.1503612407816,94.2635958039285,82.2983790453528,94.84,94.64,98.15,90.44,90.42,,,,,52.6201367826049,51.1638641323493,51.5966570428315,49.008744111118,2985917534.53584,6522056527.11067,7480612042.71867,9885341336.58857,1065111.46603208,2.96,15.6854,12.56714,17.4751,2.52849,80.32,109.502384163901,220.733979331066,49.6832781232333,87.589335067369,89.0911509388328,87.0976933299655,85.6559886027787,88.3341230504427,90.8382537993071,92.6464455766246,88.5257768211243,89.7377750278216,83.2928966086763,86.3798952237087,78.4641608098955,91.2654210078409,81.3844050012547,78.8823737409266,86.8483307311637,6219076934.33213,44881.9836336383,7549111121.02446,205342446.072498
2015-07-01,99.4351,120.4742,93.5952,102.9792,95.0143,,4.43969987268057,4.53006877973417,4.56794735561915,100.529509128656,87.9856937382389,95.6347503910177,83.7372123898037,95.0,95.2,99.16,90.58,89.28,,,,,52.74343339329,51.9022433973665,53.5314857108967,51.6938702777625,3053977383.43311,6546960362.06275,7527685306.47803,9945370638.32277,1086806.47256098,2.99,16.0772,12.36497,17.76048,2.58521,81.7426,105.342007236712,220.826311004475,47.7915868878754,87.7699766462722,89.3204644521294,87.3103015313461,85.8919802916045,88.5322178750488,91.0708349619513,92.7962897472536,88.8701136740939,90.0264938479562,83.3053081212447,86.4534739050744,78.2422167698404,91.0400388753114,81.4529002016692,78.8285123092873,86.9359560796882,6232354378.77885,44066.1804836791,7551282048.88976,229480432.218029
2015-08-01,99.7679,121.171,95.0893,101.1393,95.7308,,4.46199692815188,4.65277248621651,4.32563402047473,95.8744645419748,84.0630277327791,94.5012552280428,82.8920976428852,95.51,95.56,99.41,91.07,90.57,,,,,54.3516575807355,52.3333618865347,53.4524795951703,50.214627766763,3092170022.98908,6579247850.17642,7571655516.43164,10029148181.8669,1108454.95945457,3.04,16.7829,12.61067,18.8086,2.60471,84.6845,101.803137024384,219.787339399624,46.352465281322,87.9389626386777,89.5533178164585,87.506120040822,86.081276889918,88.7284268597094,91.3293860010865,92.9586346157133,89.2250017222846,90.3527509447095,83.2267705356727,85.8292265765317,78.17786802366,90.8153364880343,81.6611472091451,78.8574874704826,87.3460027984467,6256042599.46502,43192.6870563894,7411976583.37306,212629776.112467
2015-09-01,101.852,120.5486,95.5649,105.4749,97.2116,,4.05821034334883,4.49651817702568,4.4915706591534,97.5625441913015,85.8146412325772,94.4699069856459,83.0774678878794,96.29,96.39,100.63,91.54,90.46,,,,,53.959830830112,51.8136998750284,53.7006819751955,50.9792761394961,3119064668.79972,6616540244.52392,7526048621.71173,9925658531.31858,1115848.27543115,3.1,16.9053,12.60966,18.87477,2.65751,86.4067,100.811226070885,219.327882234453,46.0129227839483,88.1348940568063,89.799777678531,87.8383973423883,86.4307431746337,89.0493867183202,91.5361048066562,93.1161116428173,89.3641385211402,90.6032822218261,83.2842991354922,85.9686169296135,78.378785847586,90.6685582519058,81.7411170581462,78.6870981884368,87.7138531591576,6222179631.51737,42532.4551961644,7399209844.1136,170553336.848441
2015-10-01,99.7313,120.2428,96.3813,96.4904,97.069,,4.31719274539329,4.49407861002967,4.44025965107123,98.4030860728315,86.7736305167381,96.2621978213622,85.3362231289061,96.62,96.57,100.42,92.02,93.02,,,,,53.458655545131,52.7725968064889,54.6488047201498,50.7430494810876,3161364035.62777,6660519727.75487,7616194908.05449,10012246982.9177,1130805.62114324,3.02,16.5244,12.5635,18.26277,2.61416,84.9973,102.243356215201,219.479075088363,46.5362611976762,88.3492066949124,90.0622213505615,88.1435733824281,86.7519286767249,89.3997309872779,91.7536050410424,93.2553609610336,89.6753464630973,90.8383235187063,83.4537299230423,86.6831839508491,80.0803237582884,91.0167088906428,81.5993882430405,78.2819632737236,88.0163005030921,6262395056.62906,44098.3234288493,7439741224.78812,171775992.96494
2015-11-01,99.0048,119.0073,96.3242,96.9343,96.0336,,4.05126736957376,4.4799097181404,4.29641747555476,97.5816631498326,86.1319453485584,94.9235659992067,83.5346861653981,96.46,96.4,100.02,92.16,94.11,,,,,53.7446631355314,51.6808109757732,52.2956245664565,51.1604207939468,3124747583.84009,6542260955.97077,7533187723.52648,9863151184.67401,1131722.81497014,3.02,16.5856,12.45413,17.52103,2.58238,83.0718,103.381511639315,219.073619991058,46.9522115081146,88.4109864580376,90.2092831291556,88.4629301826685,87.1134766514219,89.6302509890481,91.6787300644774,93.4408087062643,89.9895643351785,90.3107722546728,83.294839424388,86.3843918082612,79.158433139386,90.8313031045978,81.4315992933208,78.0904246910993,88.2498565393717,6251089765.70388,44094.5320509229,7398824608.27562,171671273.314236
2015-12-01,99.4608,118.8067,95.7682,97.9349,96.685,,4.18087325785135,4.55396935741216,4.37397817105693,99.1523472885492,87.7634042374666,94.4056671715038,83.1785996205735,95.77,96.13,99.38,92.36,89.74,,,,,53.297116034961,51.5557929477247,53.1824271663987,49.5378090549751,3180823125.02711,6639518599.72832,7687019674.63777,10039855169.9927,1148379.14481629,3.14,17.2487,12.42424,18.74934,2.62525,84.5713,100.91655202966,218.064759662481,46.0948544870115,88.637509796253,90.4009303070723,88.6457022207822,87.3626872374863,89.7989148256756,91.9037084240357,93.6185513470674,90.3054871751579,90.5168376418454,83.4851152701502,86.7757092163984,80.7038446738467,90.5393538449644,81.2826153723711,77.8898345163716,88.385779292127,6325953689.99488,43603.7586051041,7253299763.79719,195034263.386314
2016-01-01,99.3963,119.3671,92.3099,99.3263,96.0871,,4.249841972741,4.43740875639166,4.45513398264793,97.9367714092611,86.7691690296578,95.749385852552,84.730380139709,97.0,97.41,102.01,92.08,89.85,,,,,53.9706278720282,53.7760979459273,52.8272851957748,51.1159562822227,3233275436.24931,6731675704.65911,7804195060.15128,10134065420.1285,1171471.07518088,3.08,18.1935,12.9283,19.69446,2.75814,88.7892,97.5886599610577,216.966807232316,44.8823660388318,88.9194172569608,90.5587766805668,88.8162082214474,87.4227133074063,89.9938341484203,92.0735144115563,93.8035820826372,90.6178651265825,90.7271728654317,84.0875357289397,89.6653827446886,88.6706167537551,90.2489175024346,80.9741226532711,77.4156019853754,88.7141964619333,6334556283.44748,43652.7475273076,7284060912.1363,215847055.134481
2016-02-01,99.519,120.3593,93.5176,99.5203,96.0659,,4.02719078421443,4.45228539200795,4.27582730484573,98.9617211705693,88.0364179741652,96.6260739795866,85.9259138419423,96.29,96.86,100.48,92.5,89.22,,,,,52.8077912481193,52.6882664433008,53.0075617607871,50.3434914720655,3257683023.7203,6751912373.02486,7842619292.67681,10155007406.1424,1179320.9422609,3.36,18.102,13.37014,19.67144,2.76237,92.0757,95.2393286761941,217.121487169016,43.7731734091743,89.2728944518978,90.7255284813878,89.0713143994916,87.6780349149251,90.2346913860044,92.1957808944715,93.9824508606126,90.8587381775059,90.774569266234,85.1067108324527,92.5153432703032,95.0784854826422,91.0811466617181,80.7770905272046,77.1100072240373,88.8326829404942,6353013983.31665,44300.119267264,7405577414.63643,198203149.272897
2016-03-01,98.7499,119.0586,93.0511,100.167,95.104,,4.27274760366895,4.40490876201094,4.52096981617274,99.4337693188779,88.5761079818833,96.8347857258034,86.3046476116655,96.44,96.89,100.62,92.48,89.74,,,,,52.7740784437102,52.3142583882213,53.01387891371,50.8247819692335,3300676433.95113,6842176420.19222,7848948174.35302,10143876225.9203,1196296.28776485,3.8,17.237,13.33971,19.64156,2.66656,89.0279,98.5335918594427,217.186026565643,45.3341819852886,89.3074586679746,90.9622127167803,89.3575455256521,87.9670611572004,90.4794315252162,92.4279304509291,94.1755334867728,91.1809162150733,91.0301280431146,84.5143870771361,90.935453977266,90.327367767054,91.2992431946713,80.8177643620093,76.8967945318967,88.9496174222727,6280885683.54426,46132.1418915967,7599575538.35302,218007182.780666
2016-04-01,98.7043,117.545,92.8609,99.6652,95.2278,,5.1919969571703,4.42641500003511,4.88205004059085,99.7318245248676,88.9309503404317,96.1988621559125,85.7395232576877,95.88,96.42,100.01,92.34,91.86,,,,,52.4227750503331,52.3270055980429,52.7118656604862,47.5591787197722,3333023363.13656,6907897080.33917,7885597708.359,10213127581.6833,1205068.53967015,3.74,17.1767,13.71559,19.66904,2.64693,89.6384,98.8869089014727,217.607054399424,45.5049872898605,89.4352220449665,91.2191274842111,89.6371717101054,88.250379632137,90.7830946241692,92.6133315304045,94.3574220167247,91.5237260896674,91.2446120699469,84.413266457587,90.039829869313,87.7382315284645,91.7047294093836,80.9881570157721,77.4233067902619,87.9886359609717,6303181706.83878,45588.2728678758,7554323590.51609,204890295.69998
2016-05-01,98.9665,117.0959,94.3374,100.7389,95.3193,,3.81794541702902,4.38987537738216,4.46813804890795,100.05551467776,89.2566151295847,96.9020291476731,86.5838557740952,96.09,96.98,100.63,92.73,88.81,,,,,52.9912359515771,51.8231141572279,52.9650998230892,50.1997270832656,3406115072.90798,7005971011.75621,7952843273.22702,10190550846.4478,1226834.58354623,3.81,18.4118,14.07766,20.50522,2.79491,93.1803,98.9342110053938,218.877089027613,45.4078686225696,89.6295019939666,91.4659570566388,89.9160234888608,88.65462214663,91.0094454989217,92.8268084230655,94.5467384997507,91.8624204465238,91.3930140395336,84.2182513919512,90.018452000193,87.087136201064,91.8672004347346,80.9078046341885,77.3520440537314,87.62366045254,6152991564.99001,45691.4664791655,7539831787.65406,193157503.893697
2016-06-01,98.6818,115.9433,94.299,99.7158,95.6402,,4.13530364382696,4.58241538488799,4.49291497710114,100.888476267301,90.3710733533123,97.6389394595979,87.4073483796324,96.58,97.53,100.88,93.57,89.95,,,,,52.8269532342903,52.5600566692025,52.7405380010648,50.3701819980432,3460499006.48891,7098730351.61727,8061081503.12787,10276573501.5,1248262.72916113,3.81,18.4646,14.21959,20.5234,2.76415,96.6281,99.0457729069143,219.744919651893,45.2574006709544,89.8284799578684,91.7314200716738,90.2270606426891,88.9822941335073,91.3044438724533,93.043082755353,94.7306748207343,92.2127695130076,91.6049520308833,84.2426486855522,89.6484822536993,86.6925629054929,91.4086452130916,81.0685866240504,77.641856407792,87.9158686779116,6086668317.99842,45672.6871841838,7546136404.79075,192926194.318808
2016-07-01,98.6936,115.9496,94.9048,98.5301,95.7089,,3.99769595865303,4.46234744274244,4.36126705109873,100.124130984,89.9464270944223,98.7442191225046,88.7490648120915,96.75,97.56,100.94,93.73,91.56,,,,,53.1619420223112,52.3948041537692,53.074811585332,49.0453127635201,3489438358.95091,7171552484.59378,8125288054.15245,10329836845.005,1267485.4999261,4.21,18.7837,14.39207,20.99454,2.8307,95.2467,98.8646291470219,219.426373095192,45.1650667407245,90.0824224506587,91.9617932185122,90.5119190803414,89.1828260272515,91.6594322211826,93.2235024872444,94.9361595817785,92.5974513679292,91.7060244575081,84.5699695487127,88.7721159965817,83.5386438756298,91.6320311558605,82.2378596050409,78.4016403844687,89.7465144965839,6142307254.83741,45761.1338752894,7462698049.99702,189419279.490626
2016-08-01,98.7895,114.3176,93.769,99.01,96.309,,3.8726625799506,4.54778538807781,4.6390143794376,99.7107878046658,89.7961359273205,97.8596062897933,88.1561286526559,96.94,97.5,100.59,93.92,88.98,,,,,52.1530020107598,51.9337146807148,52.2489216186286,50.5095285667337,3510991511.08244,7149701478.94342,8122504302.40022,10352100136.3933,1276395.45313515,4.24,18.8611,14.36839,21.00183,2.81973,95.4642,99.8411982138861,219.503178451533,45.569531402967,90.3074907645651,92.1983117676572,90.7718046799743,89.2707040438286,92.0441005423199,93.4321709464216,95.1076711797772,92.8234404881999,91.9459095114212,84.7580915208547,88.195144972468,83.0827292793975,91.6294639720491,82.7616356211647,79.1103414686161,89.8254483525211,6241026113.66132,46612.4903789523,7560046997.77905,203287067.109248
2016-09-01,99.1521,114.2152,93.0836,99.8228,96.131,,4.03727873829435,4.66565227264369,4.4630055882116,103.320323026504,93.590529118968,99.4154862563398,90.0197768636177,97.06,97.57,100.0,94.71,92.53,,,,,52.1129563160377,53.0829685177628,52.5556081882522,51.2849357150024,3559695026.96565,7285904673.88668,8298817199.97191,10596379141.1712,1298374.85105269,4.28,19.3776,14.74635,21.7688,2.9047,98.2717,98.5813806321006,218.936923564498,45.0929407158639,90.7449911593627,92.5638465632984,91.2779322023977,89.9305779298112,92.433074263717,93.7129656212232,95.2753357496343,93.1770336861437,92.2410298340759,85.4411962056734,90.6131811307542,87.2377487363053,92.5914252754165,82.4626738795975,78.48468584102,89.9321413763547,6206132946.06476,47081.3024944926,7545778380.05748,233886909.07272
2016-10-01,99.1013,114.6073,94.0175,100.1277,96.3299,,4.23053691975141,4.89262715330316,4.68256035337852,98.8691909266999,89.8694959403578,97.8886910291711,89.360576327878,97.28,98.02,100.66,94.95,92.22,,,,,53.0835466048712,49.6137040137857,52.1108279578989,50.8283594471227,3574269132.12479,7324675489.64447,8260444577.59684,10569048550.9349,1306637.81708032,4.69,18.8887,14.08341,20.6699,2.78608,95.7207,100.717780570435,219.30565334328,45.8608495451505,91.0603332439624,92.8600823065436,91.6646486751194,90.3831188796731,92.8158040685139,93.9245559870893,95.4845996824715,93.485207320663,92.4570578090309,85.8789245893859,91.3155826544849,88.8211238005329,93.139159866702,82.7444388523713,78.8718472325983,90.1548780199903,6167807647.23885,47747.3540814953,7781704096.73006,211132611.732161
2016-11-01,100.2413,112.5341,93.8384,104.0295,97.1673,,4.4515255528803,4.90286626751308,4.75696317453747,100.203642893469,91.38191554395,97.1323964742112,88.2746372362508,97.14,98.02,100.54,95.11,89.89,,,,,51.8690640396627,50.8946430189399,53.0941710214956,49.65804321812,3642092229.88043,7404424114.18163,8372358329.4196,10622395078.8544,1321853.82095151,5.15,20.5155,15.26148,21.76284,2.96654,98.3146,100.032492695012,219.872273447438,45.2324295931293,91.3235441958729,93.1850470623263,91.9601853191835,90.8146919373717,92.9322367463956,94.212876990823,95.6708572836836,93.8234446289579,92.7808769738405,86.0929117124871,91.1945543403007,87.3036448009429,93.5344766903401,82.9894539484367,79.4826175440175,90.4219557689803,6094532986.94031,46422.458920139,7545123326.29154,305636382.710811
2016-12-01,99.9353,111.8948,94.7906,99.6599,98.2394,,3.9546949557419,4.75418312123627,4.2150198019816,100.87348643077,92.2764708439599,100.005137807666,91.073234640386,98.97,100.08,103.26,96.35,91.96,,,,,52.6995006047311,51.7963824698557,53.8468101698301,51.4855489250223,3685728465.36475,7528514265.31003,8496327650.87563,10736432275.4201,1321969.55046748,5.61,20.6194,15.37382,21.75347,2.96095,98.8256,100.36116224201,221.803728232147,45.0366391227849,91.6237821314805,93.5080841047059,92.2814109639678,91.2540069489069,93.1851837013192,94.5406767735959,95.8879556334571,94.1601073694056,93.1857231470844,86.1770628553786,90.4808937464258,84.3093622422258,94.2678472065036,83.3332614223482,79.9005479852085,90.7147827423619,6090185983.09422,46426.3607401844,7593353985.31412,202772591.211719
2017-01-01,100.6448,111.0535,98.3509,99.3255,99.1805,77.7594129930214,4.37865357176961,5.21102119269294,4.86558083204983,98.7705642020501,91.6146586301043,97.5304052930567,90.4257553339554,97.71,98.73,100.83,96.28,91.24,50.8300610190865,52.3200454490177,50.366426927632,49.3588286887001,51.5387974372389,49.8267666610172,52.706076852979,50.348629845135,3751413279.81678,7541801506.8791,8505252878.10321,10746900380.1833,1349230.28022148,5.83,20.7908,15.94446,22.46342,3.04585,101.0711,100.483753366574,222.593142970727,45.0493008074018,93.109249310576,94.0491246260451,93.0675772006097,92.0691286285527,93.8872002276219,94.9024046008694,96.1177145452991,94.5212201830635,93.7175371434145,90.2718436348283,90.0908954015236,83.0195742390115,94.6914260312818,90.7566808259438,90.3185924201057,91.8283481517697,6158258162.53185,46704.8991049228,7626968238.76391,201406289.714944
2017-02-01,100.1932,109.7547,97.0751,99.4244,98.8285,76.5464889037346,4.39023498234277,4.90517484062959,4.69357012717079,98.8786611193196,92.2420789457688,97.2437835358018,90.6883407379172,98.38,98.82,100.84,96.49,96.94,51.7663675545119,55.5327100733226,52.4093091219609,49.1924064938903,52.4279484290653,51.8290451674892,52.4463227834127,51.9085933010955,3784401918.16906,7571924150.38761,8555086384.77891,10835411886.8209,1357731.376623,6.06,19.9957,15.10275,21.24343,2.91737,96.6985,101.905152927814,223.337788728695,45.5194143490701,93.6421678796582,94.5807148221945,93.8751464227038,92.9827094641658,94.6534542952324,95.2310557098696,96.3817868564883,94.8402579161058,94.1595910334164,90.8686533349038,90.6126533259601,84.6698465680316,94.5474316042899,91.0126928576248,90.5021439434224,92.2962463182371,6197133327.64959,47544.3341562677,7829380497.19435,219148632.540739
2017-03-01,100.8931,110.0671,99.8538,100.7334,99.1757,76.9618951081189,4.36081374925289,5.07726496123565,4.635787611417,100.544412674547,94.4107370045538,99.6011143282534,93.5419646698637,98.31,98.63,100.41,96.7,97.6,55.7871545531021,55.6231594047569,54.1067225784163,51.6912298962447,50.8105557141202,51.0248940293228,51.0968650632346,48.9469411113342,3781540263.74725,7562460398.2234,8589819807.3993,10908446415.936,1347508.64892653,6.32,18.7955,14.09663,20.09709,2.73475,91.7191,103.19826785234,223.515953020732,46.1755624236093,94.1384528170296,95.04364243451,94.5787295944997,93.6591556491826,95.3074405865131,95.5134411301773,96.5833812388464,95.1895961872991,94.4942867080364,91.4160080446257,92.0415756544251,87.9447914511046,94.6405138926685,91.1580542444925,90.0833389034956,92.7633219092764,6321937632.35454,48928.1781633387,8064078108.35909,190929006.828812
2017-04-01,99.7977,110.3001,97.1397,96.4577,99.2228,77.0632870208436,4.32620212309724,4.76330334181441,4.78986443142181,98.5909416292525,93.1555994611055,97.5389625706158,92.1095658769333,98.58,98.9,100.21,97.23,95.87,53.9783970630309,53.4605090293913,52.3484992668173,54.8345159076905,51.4898982883684,52.0937298445715,52.3057593679205,52.5455525853368,3825418216.28581,7582348062.80486,8631714497.89268,10968030833.9696,1382645.42643805,6.5,18.9594,13.86501,20.64584,2.74911,89.4772,103.80767525408,223.611619786625,46.4569758119291,94.6462703858587,95.5417141745172,95.0495252798694,94.2291809246089,95.7322764776913,95.937719738327,96.7570383480573,95.5496373076843,95.3346916528273,92.379878012403,94.1357347965546,92.5617295225623,95.2852811223918,91.1622001121893,89.7361499560464,93.4853059881005,6390063656.63997,48912.4050772769,8070919570.12511,149714480.443346
2017-05-01,99.8287,110.5765,99.1404,97.4219,98.6554,76.8750004640153,4.53660913145132,5.42775011503459,4.73943330791997,100.162694127536,94.7521125278525,97.2152918020928,92.2171688006958,98.42,98.42,99.32,97.36,97.04,55.881209633391,57.9953613576752,55.4882703246876,52.0513036890991,52.557458158918,51.570087384178,52.5420131040854,50.5838132362898,3760746733.68749,7567867679.63778,8541675029.35935,10857416110.6024,1378549.06621387,6.56,18.6909,13.835,21.01324,2.76999,90.4324,104.107638522518,223.083013196027,46.8238567733193,95.1405211847557,95.8283073074692,95.5501472104297,94.6531934468693,96.3484869986269,96.0803666080841,96.9622383990943,95.9188375098734,95.2640617487535,93.1978603450955,95.8098735041176,96.2248796688892,95.632625202218,91.5455581478288,89.6428082539047,95.3621947171718,6387732477.37304,49081.8412128426,8110780030.39584,194024368.403825
2017-06-01,99.9069,109.5067,99.1182,99.7794,98.285,77.1480142765855,5.01113208362824,5.82765387643644,5.56182268213016,100.619769139673,95.8399308432573,98.9360307577139,94.1556641895621,98.6,98.37,99.24,97.36,99.71,55.0310837615339,54.5819509437803,53.9993291985003,55.3953969043857,53.2109645923518,52.021453459771,52.6240485764111,49.9521870491815,3822361549.52803,7652102799.94234,8712059563.38694,11073878243.0212,1380808.8689042,6.82,18.0626,13.91181,20.59678,2.66423,88.0079,105.147323516551,223.620097464638,47.3140519901393,95.4871591897522,96.1591979147878,95.9404642132184,95.1268142446213,96.6569656415787,96.3465932959326,97.1628454075225,96.2636950972931,95.5863233132483,93.5385222708094,97.1025773546041,98.1751691721458,96.2473140943353,91.2769125610214,89.3076082878894,95.6962570624687,6532778979.99765,49453.0100379848,8151511847.48158,190144773.031249
2017-07-01,99.1216,107.7962,96.7924,97.6318,98.2725,76.9512341604143,5.18106641813247,5.73557898071625,5.52626414588494,98.1726477788851,93.8256397312597,96.8980341734189,92.6588675836406,98.42,98.29,99.01,97.4,98.39,52.1557111054986,57.1138260521724,52.2530583047507,52.4455355872372,51.7884228674294,51.0258220097764,51.8761254130371,50.3748394208856,3856618661.40596,7748042096.96095,8877737942.28682,11199279673.6719,1384003.18136291,6.99,17.8646,14.28096,21.057,2.65468,86.7165,106.561963431376,224.353626821257,47.5845336866979,95.824273649436,96.4805433073254,96.2742076975457,95.5953012103702,96.866381170058,96.6506132674536,97.3649861192545,96.6084999620432,95.9941538333647,93.8798678140005,99.1157788602914,101.38502662378,97.3595570027431,91.0380246443991,88.6616226328271,96.0445576651656,6538813730.56563,50008.705524818,8276386570.41493,198578889.59117
2017-08-01,99.7254,105.2964,96.9505,100.2221,98.8687,76.6478176901825,4.5776325533413,5.42434673121451,5.42626726253156,99.3658804439247,95.3964290397175,97.3204284101657,93.4575960705406,100.35,98.96,100.13,97.65,103.93,52.9979948307748,56.3617104814561,55.8574130811597,51.9849252903138,52.6244065654732,51.1771204354481,52.76733207474,50.9984257178229,3817945230.3676,7733180115.25511,8840195582.90633,11165506667.1055,1384464.45805329,6.94,17.8145,14.20528,21.17342,2.70068,87.1166,108.126109516401,225.159927722053,48.1013280316499,96.2634440356758,96.795832689825,96.6554630781873,95.997865549689,97.2059200836067,96.9068691710108,97.5995301617643,97.0790812248988,96.1903520737065,94.7377116962098,100.213689093267,103.827869863541,98.1241359262746,91.486674900688,89.0897070558861,96.4678455374255,6601510852.7162,50124.2464375813,8366056176.91368,197204202.427482
2017-09-01,98.746,98.1645,97.8492,102.5705,97.301,77.1096475321376,4.98962240008287,5.63278870477606,5.39611900543683,100.139913627326,96.431683798592,98.004228621523,94.3510581147807,98.28,97.77,98.45,97.13,100.1,51.9276101136684,54.5293680500632,54.9527894232919,51.0121119007653,52.9101364009682,51.791222546772,51.950358174078,49.9286080229254,3937180381.81012,7898116738.08943,9005090751.01978,11344101321.5759,1404108.5432297,6.99,18.159,14.52357,21.46666,2.73111,87.4415,109.340886591727,225.664535891596,48.4834258731674,96.5094134947941,97.0159813353804,96.9104906324156,96.2346901797131,97.480597512782,97.1480168089903,97.7904570393599,97.5912396420112,96.2570999214125,94.968661511291,100.063742401965,102.64579580457,98.194222166795,91.940745921084,90.1236423442575,95.3889446658434,6656241827.50948,50193.9993269396,8305366877.14474,178479536.935634
2017-10-01,99.8633,103.8652,94.7796,101.4562,98.9873,76.3591758609567,4.86071126752395,5.53413615952772,5.65006405561039,98.7513570085294,95.4906707181234,97.2239083747091,94.2417937183104,99.14,99.2,100.58,97.55,98.16,53.5884745224478,54.5118924230367,54.9391622621655,47.6587742731093,51.5326749814589,51.3201471220053,50.5602048219663,49.1095407058414,3985990714.26393,8000092841.56432,9044393932.6413,11378495408.4454,1414268.11645903,7.03,19.1478,14.86061,22.28612,2.88749,90.5949,108.102137929751,226.038652623835,47.7251493446635,96.8934817443057,97.2954185043502,97.1481222016832,96.4730389275377,97.766939964935,97.4439215664607,98.0172106444324,97.9110313810901,96.709225913757,95.6239084345571,98.8985480129072,100.463952757112,98.3371744252052,93.7007143684822,91.5673435574406,97.4334866741477,6663520532.35389,48779.2183808519,8292785673.11496,198786732.360053
2017-11-01,100.0315,103.8454,102.1207,98.8625,99.3008,77.0264586355054,5.050148813533,5.68032484394359,5.52061590778595,100.6258829692,97.8833289816759,97.9388985348928,94.9889384156294,99.08,99.25,100.07,98.24,96.52,55.4769868698849,57.3706079915352,55.7087424659889,55.5864081694006,51.7133671094996,51.9394811230232,51.8288556241014,49.3087763082836,3983345979.25505,8078614393.10873,9155023520.56766,11488272808.3712,1423052.29651939,7.02,18.6229,14.46254,22.19943,2.81392,91.0279,110.24665158585,226.459048119548,48.4512525647406,97.395870723505,97.7363501384207,97.6607683716326,97.0362834071548,98.1645004963244,97.7727184836518,98.2386972419754,98.2735567228778,97.0869733114307,96.4729795033392,99.1661360863715,100.229562749623,98.3912587507918,94.8264594837764,93.2324253431782,97.7966611580734,6669516627.94104,48458.7251209456,8376781453.83984,208077543.858218
2017-12-01,100.7373,103.7862,98.1849,103.7044,99.2778,77.1293263755536,5.02277128069097,5.62419143809495,5.33456913006606,97.9158736890907,95.6918266849413,99.197541739741,96.4377719532329,99.43,98.89,99.4,98.3,104.94,56.2757517326969,57.0656676820602,56.8728550682027,55.1345847236512,52.8334709226663,52.1595600009072,52.3969562705813,49.5212848366268,4074258460.8172,8252694063.3478,9409455033.52517,11637118953.867,1448807.33661905,7.17,19.6629,15.68706,23.60629,3.01826,91.4899,110.95956870086,227.073391568475,48.6224397939238,97.8406233826692,98.0515205857697,97.9937248252594,97.4957254336446,98.3984675075311,98.0516413891172,98.4348857671511,98.6343180035347,97.396953048523,97.2119007404433,99.611592007117,100.610628049891,98.4966736640075,95.6922015651683,94.2807860853092,98.2703934424896,6551642114.98797,49976.3193191031,8586290835.26312,178957512.983783
2018-01-01,99.8398,104.9528,100.36,101.0281,98.5108,77.3771518547819,5.08319657250412,5.63668081891852,5.37827650018117,98.4215979608274,96.3806456668667,97.7623409647381,95.7477176753468,99.7,99.73,100.24,99.05,98.13,57.0312035968554,54.7537005638799,55.7893298505681,53.9356932390889,53.2952947592775,52.4615241447127,52.5713032688048,49.5286861434067,4026321909.29735,8195175074.83376,9161602140.86429,11365671251.8332,1451203.63744828,7.25,18.6069,15.16648,23.18234,2.95478,91.592,112.175336510097,228.100080933105,49.1332431602443,98.245185858999,98.3350046159309,98.4279693383903,98.0939640033727,98.7018386610973,98.2457887227195,98.6484298819153,98.9915565266405,97.5376376680717,97.9831472685712,99.9251509820935,100.316625450536,99.7879942536808,97.327019317424,96.9696904782815,98.5620885283755,6590369583.26964,49839.7993746867,8657066502.25741,185711252.576066
2018-02-01,100.2698,102.4252,101.203,103.5888,98.6078,77.4376392367355,5.26401433275414,5.97375360083248,5.60636506764531,99.6987160047647,98.0472161887855,98.752301362674,97.0933305524834,99.76,99.78,99.98,99.43,99.77,56.4228904467589,55.3776262679094,54.3150390830879,54.1923938279226,52.6494029664586,51.6576831903643,52.3213402578301,48.7990582533115,4065662763.93415,8249201585.62941,9310767102.28037,11458611562.9648,1470570.39633723,7.4,18.8331,14.69923,22.97356,2.97563,89.4536,112.512993644866,228.738912853911,49.0472775003489,98.6771796248662,98.641124929016,98.7595860403457,98.5624099071227,98.9624847155387,98.5563986133314,98.8477557204016,99.4015287496227,97.9731592954142,98.7073415437914,99.4688736244468,98.0394983227552,100.878717686402,98.2273480767495,98.2165259726241,98.8399765684651,6610953306.89552,47969.474640284,8454241952.2589,174094641.784362
2018-03-01,100.3215,102.1302,98.1417,101.2618,100.1842,78.394666098497,5.05813150088118,5.75095815385415,5.41222826446233,100.641081947351,99.3142410672934,100.597170940079,99.2829431139791,100.19,100.06,100.89,98.91,102.83,54.7792333392594,54.3242982051012,52.3468932745469,52.9918393610264,52.5907678228524,52.5559595531397,52.1322509423561,50.2198958122112,4131725742.22328,8314691110.44224,9499242300.24721,11737802775.5563,1495977.38454956,7.47,18.2709,14.17456,22.56456,2.90507,89.3864,112.316360282935,229.993125649982,48.916269215286,98.9361535442215,98.8929750394332,98.978706193025,98.6908210837883,99.1940426497841,98.8746094047262,99.0315890805004,99.7798669578123,98.3795427977238,98.8952082827007,99.4235892737724,96.3655498844958,101.408236569132,98.7371631180338,98.0957078247424,99.134970274863,6691995287.50918,46388.9995389977,8289586602.23588,165425171.503365
2018-04-01,98.9978,102.5904,101.5935,99.2658,98.1242,76.6918589203429,4.95180828014269,5.97552074320404,5.43387394256557,99.1932815414772,98.0450571967111,100.594550229144,99.4073942631225,99.8,99.94,100.16,99.79,99.81,57.6243794918183,57.6428835316092,59.1189450006587,54.8550931734103,53.4780024700115,51.519507764725,51.6418898258288,48.1452351917587,4154112761.65512,8424412650.59609,9550144338.11444,11814952225.5522,1497376.29049515,7.46,18.7878,14.65073,22.6966,2.97599,87.9615,112.433033607612,231.154033883662,48.651315591918,98.9704646204515,99.1146016425662,99.225957012884,98.8899775643273,99.497995534756,98.9707318816796,99.2329694181764,100.161574725449,98.4783362518528,98.977121913322,99.1225764588661,96.5224671571787,100.89044191622,98.64295349193,97.8406477390137,99.4397992298651,6699524125.78856,47978.6034431126,8602470261.18072,205144573.419687
2018-05-01,100.6661,102.7729,97.2827,101.7783,100.2713,77.085773134616,5.83646247785163,6.44586552834932,6.0816305694375,105.201312511701,103.839291650877,100.100577491982,99.2250993868905,100.03,100.13,100.34,99.86,99.13,55.6326358971821,55.3323946155225,53.5215792167672,57.1285485918377,52.3472511946704,52.0972228515577,51.7117850512557,51.3861254626888,4172112852.82954,8468974267.06806,9592792132.26504,11860895410.2771,1512585.98794969,7.51,19.9759,15.40142,23.31887,3.11624,92.0782,110.937498356834,232.058424312013,47.9566683361432,99.4430191083141,99.3771581812626,99.4660088264601,99.1388665437414,99.7660037062569,99.3035797616188,99.4429461287436,100.538876704407,98.8370930496076,99.6482737413539,98.3770632233217,95.1019009344883,100.406240337082,100.201940332779,100.442812336442,99.698340248889,6753523399.22989,44894.4797031445,8153000257.17061,202611486.094232
2018-06-01,100.4875,100.4921,100.0228,100.8485,100.3965,77.011353133863,4.23965255059055,6.09768116305336,5.7821068170683,100.486815531214,100.115689776619,100.480089592157,100.019178215873,99.62,99.78,100.28,99.37,99.32,56.7646430596638,56.1909223262117,54.4493825066837,55.0952182623992,53.2523974490872,52.7489961684532,52.3038567383578,51.7623955210371,4299766364.90914,8541080173.72436,9711444726.8852,11993911167.4442,1542505.39406748,7.64,19.6912,14.97319,22.98849,2.96746,95.0934,109.480986464212,232.627204965991,47.4314120125994,99.9069077052075,99.6342994867031,99.6752348227488,99.3850899842095,99.9471452578336,99.5961758168954,99.680888756883,100.895386572787,99.1938007341963,100.689189131089,98.9952191027147,96.400885803439,100.152922852786,101.4614972628,102.664651645189,99.9927928360138,6706137960.82653,47301.8942095978,8594740727.1883,186841878.283787
2018-07-01,100.8087,99.051,102.192,102.8845,100.48,76.3789518452087,5.44531821681608,6.31528359088142,5.86544204722121,98.6799131938601,98.7587071789907,99.2523513775631,99.4136379846384,100.17,100.33,100.37,100.3,97.55,56.1789322212378,54.5295134369136,54.6598647489459,56.8530752941548,53.5843044778582,52.2415272605825,51.8997207783268,50.4538900480586,4205949532.06185,8445574240.30026,9634532154.07925,11932171698.7188,1541693.44725929,7.73,18.6457,14.31617,21.81827,2.74465,88.9037,112.300703011618,232.54673992072,48.4314330539773,100.348721646548,99.9514331808053,100.057691468309,99.8364933711542,100.270489239647,99.8709639514695,99.9112633460439,101.228013207939,99.4924712826285,101.451568177372,100.38391859552,100.258916342997,99.9750972291497,102.431297173462,104.04776659998,100.17630747208,6765251323.18016,48958.9696312002,8885409514.30781,201403464.978446
2018-08-01,99.9819,99.1006,100.3479,97.6583,101.0048,76.365360121858,6.61580876516294,6.26311389084395,5.93526773328565,101.130367341646,101.817995152006,100.626913968837,101.249195978979,100.89,100.36,100.16,100.67,100.31,57.6888453822291,52.5798357168344,55.7083655593554,56.9480272206489,52.5584902587069,52.2998004490451,52.0058623440864,51.0963996481993,4237920149.46023,8541446181.22448,9758146587.10201,12030849824.0664,1550370.61189876,7.73,19.1792,14.71236,22.31788,2.80208,86.7239,113.685301418465,234.22521361097,48.6422492800395,100.921298697213,100.274077531748,100.386079141492,100.31810049979,100.435629009524,100.14906114489,100.104785365424,101.916238652933,99.836092789719,102.902682972142,101.398910771181,103.168264962894,99.9024309402979,103.661089310585,105.665022250742,100.393837458799,6723099502.34033,48702.4174965453,8793247801.42963,168179870.743487
2018-09-01,101.0752,98.8048,100.4199,101.2239,101.472,76.6864682652664,5.55007491702415,6.15066020968451,5.99900656979225,98.1816758097016,99.2930236716708,99.3471343372555,100.430459649619,100.76,100.62,101.03,100.3,101.85,59.4079885727503,54.9397285724989,55.5259086184902,56.3067877094299,52.420766375197,52.0151098306486,52.6053810435273,51.058145377565,4240461321.06997,8562358149.485,9781601445.02731,12055859485.754,1557854.39248237,7.69,18.7231,14.48045,21.74314,2.72234,87.7539,114.565292577807,235.082543591768,48.7460047738518,101.348359862781,100.571546768005,100.703451745628,100.785165780329,100.638378020957,100.439165327561,100.352293723632,102.178708172264,100.18444950424,103.571802124371,101.313473337414,101.647595159579,100.647846470591,104.857728969239,107.05189753955,100.523837318983,6800699539.67819,49544.8952258744,8823818910.68585,166933240.559693
2018-10-01,100.1685,97.4457,98.6955,101.2288,100.5175,76.0363260026713,4.9372203811961,5.3033819198576,5.31992472749527,99.0970257673701,100.58575572121,99.7688117245369,101.270631482997,99.81,99.82,99.04,100.77,98.76,59.3804496444625,56.2379233179946,54.6514286907194,55.6061059111764,52.0653216907634,51.9405884313868,51.296266359249,50.1171664970972,4273271713.15487,8624652554.01475,9867869626.0494,12053459072.7976,1575593.9277055,7.69,20.3177,15.4699,22.9976,2.91153,87.4744,116.837602516437,235.549375400917,49.4813424043293,101.667973117756,100.911731143157,101.009000602221,101.134952027227,100.9133169646,100.824728081759,100.554755665476,102.523265543075,100.821618067893,103.738972176897,101.33281811423,102.427492904711,100.940016138994,105.447426163126,107.120407737629,100.786067585194,6682085196.45064,44510.0341639939,8230846969.48342,199799120.519371
2018-11-01,99.1815,95.6791,101.7308,92.4318,101.1289,77.6416037208397,5.21907226442292,5.56927203403046,5.65966710694505,100.095914626497,102.002588660602,101.447389227595,103.167995468648,100.17,100.12,99.34,100.93,101.78,58.4915941443685,56.0069501428838,54.5171864888692,55.6761819011611,53.4474092598172,49.3003613767233,51.6248506473357,50.427582219083,4337785879.2419,8708427179.81093,9953469137.53298,12150205027.8962,1581932.53936809,7.83,20.3455,15.30389,23.03823,2.92772,91.7177,111.770281328046,235.168697433697,47.2787010336414,102.010427062452,101.271270726446,101.462830131863,101.672440603449,101.224242408725,101.056893862278,100.795499690262,102.903813503108,100.917042686468,104.391880450096,103.764049003401,106.046966122179,101.523043346258,104.934439680283,106.066103660995,101.097328125888,6673192554.60385,42960.7998919196,8037376790.39928,224785986.596905
2018-12-01,98.9228,95.3677,97.2536,98.7813,99.916,76.7395921679152,6.29025911513408,7.92219922503164,6.72568515160342,98.2135569448197,100.64909041631,100.960890526289,102.945244827781,99.64,99.8,98.7,100.89,101.04,58.8896398583196,56.8801369530662,53.0224336715283,56.6676327603328,53.2782490762819,52.0874923750313,51.8863918159622,49.8659991274144,4304622129.35007,8672957379.56417,9995657189.86577,12168341143.6527,1579191.036414,8.02,19.6512,14.39057,22.46918,2.86121,90.7669,109.557702289049,234.722987671134,46.3019289225909,102.590993437554,101.667079584995,101.838386105184,102.126537985792,101.489561110973,101.444309051322,101.008826148036,103.282635412547,101.321800564571,105.609003233718,107.018844330431,111.764228423867,101.838488924021,104.740164028021,105.718816548162,101.356800007463,6764387530.92853,41682.0354395217,7858696022.15779,159980447.974569
2019-01-01,99.0763,92.7105,93.7462,101.7559,99.9986,76.1332605077247,5.7483099714568,6.2896205560786,6.00924494822821,101.723617956257,104.042031092744,101.707093114365,104.034181252505,100.99,100.88,99.96,101.87,105.98,59.3674929272994,55.3458842679142,55.7178489703559,55.4929863190701,51.2073931541185,52.7285428379237,51.8025822811252,50.8253121870568,4285229840.57733,8684754919.14649,10030657489.4323,12279743503.1751,1572911.28767515,7.95,19.0388,14.49614,21.84893,2.83678,87.1595,112.397693979483,234.574316603469,47.7882860231344,102.549424871909,101.870025398971,102.021256889889,102.373180215806,101.652954603113,101.69651732811,101.213487888582,103.658359215358,101.699995958033,104.836791713547,107.568847404362,114.024339116089,101.920598557878,103.599524669294,104.662140142488,102.002631731668,6804189898.65955,43233.3065821901,8117126379.5396,177757822.785002
2019-02-01,99.56,94.1981,93.8617,99.5872,100.7541,76.7516513903251,6.09722636422369,6.86287046363938,6.29270528318967,99.9872925277965,102.260808970512,102.596219947322,104.891312694167,100.96,100.94,100.05,101.74,105.18,58.094723025831,55.537992116182,55.5722070104221,58.9489048805459,52.3345400093498,52.4234382993169,52.1485067464724,51.7119668756379,4299302853.47564,8732766776.66433,10072687941.5579,12315942894.546,1571813.09429364,7.93,19.2607,14.61887,21.92927,2.87562,87.1951,113.350392245585,234.675671414807,48.0959321041297,102.629995892101,102.160584807825,102.376187457846,102.887925917975,101.854256205863,101.951471038833,101.440236303945,104.204001425199,101.93211360444,104.021362056383,104.235059270621,108.503814885422,101.819193814204,104.024852308987,105.039014372674,102.264288901114,6891610413.30469,42978.2678744531,8068486746.97419,149695708.143605
2019-03-01,98.3378,94.6006,92.4759,98.0181,99.7858,76.6852417969665,6.05964716621144,6.84045112772436,6.57045507782077,99.3916224010803,102.071018331105,102.293889571983,105.011010712431,99.31,99.89,98.94,101.32,98.67,57.738319830625,55.2669938248788,55.0856025953031,60.226777618819,53.5257895432745,50.3251619948877,51.7350744392974,50.167598390874,4305435833.95361,8823588494.13099,10080943553.6273,12412305261.2828,1533266.99691129,8.02,19.3779,14.50436,21.7546,2.88149,87.2126,113.787177293354,234.287684902746,48.7074722342572,102.941496696599,102.449986118369,102.675859415413,103.25233381746,102.081385459515,102.246531478373,101.687450348088,104.587864685105,102.166281337761,104.396387285231,103.2512586234,106.113882647991,101.210080033193,105.561594029758,105.981443327309,102.581864564171,6940897337.58206,43356.1200013554,8096333453.75504,133218169.868299
2019-04-01,99.3426,93.6489,94.0912,100.0901,101.0471,77.205804113179,5.39564880986787,6.79983949204775,6.07640645864891,100.687421418985,103.973760316919,101.856185369798,105.227538764338,100.17,100.03,99.36,100.7,103.35,56.1144081550857,55.4417092929783,55.9263122912271,58.2468363874364,52.9837445733028,53.3066215256918,51.6212338607887,51.3497798351319,4298841812.055,8793031507.03798,10094096600.4695,12388560418.7815,1569913.59699063,7.78,19.0099,14.13386,21.30725,2.82107,86.3873,113.891387194038,233.589052057786,48.7888812244032,103.343131313452,102.97758555481,102.98856482469,103.651886162999,102.299122796234,102.908596719179,101.986239645458,104.983786476547,103.414228793767,105.032784770822,103.950666946449,106.625843143891,102.221832399972,105.436645790007,106.05516549217,102.964341879772,7069070168.02528,44304.3212184619,8199645485.82437,144714462.426491
2019-05-01,98.4275,91.9951,93.3657,95.6886,100.838,75.6304137133709,5.96408311064293,6.48305673327071,6.51655632632025,105.131289917891,108.095275759405,101.618394754322,105.040474856298,100.39,100.61,100.21,101.09,99.83,56.0917224440934,53.8424323482675,55.5140680700053,55.7696450995947,52.2258739058561,50.5390283692366,51.4094458442829,49.7839527602312,4350791361.26939,8897467517.71388,10209719724.6658,12541910648.8951,1575907.65651165,8.07,19.6426,14.5316,21.89364,2.83246,86.9055,113.815383136241,232.84902186108,49.0349371238895,103.672217826634,103.15130077628,103.314641794358,103.995688521053,102.591860089988,102.955951739734,102.254537959091,105.396056939159,103.104281535836,105.331567437942,104.190663571223,105.600044756315,103.586687613727,105.542377619364,106.469752411693,103.350076419784,7152912937.66026,42830.5187715163,8003936809.06773,169576348.330107
2019-06-01,99.398,94.5978,94.7984,98.1805,101.0849,77.716363022023,7.06136393919263,8.75126917023704,7.61468350133482,100.084287179173,103.600537458536,101.750159339577,105.249940162632,101.29,101.54,101.45,101.66,99.49,52.8281519737478,54.8783972455826,57.3604547673872,55.1968078032582,52.9320809873683,50.8412740830341,51.2308249583752,50.1480033241704,4362543063.27781,8911697348.70308,10292193065.0231,12620659750.538,1582007.45432885,8.25,19.2087,14.70042,21.87199,2.79487,88.3376,112.197071660038,230.986504601822,49.0552293246948,103.795879065777,103.458894117061,103.581968719401,104.315987830359,102.810199014593,103.326122362285,102.517158780628,105.781158649843,103.571122504248,104.696956313773,104.974372998029,104.902350967238,104.857874144413,104.28766266357,104.956412391141,103.716768868685,7264867253.95266,43000.2465738734,7977128478.34578,133078317.02681
2019-07-01,98.8059,94.5891,93.891,95.8177,101.1167,77.5109217252554,5.038627138345,5.2764619460208,5.51402948417346,100.430620583206,104.203863140255,100.906132165445,104.812957784716,101.15,101.03,100.48,101.77,102.45,56.2209704119077,53.0803987795845,57.8133558507351,55.9885352319297,52.4620621656593,51.0123199872749,50.8340534538079,50.6837525388144,4336039655.0596,8933386375.84562,10283411630.2476,12593987784.005,1571857.02843925,8.14,18.9929,14.46879,21.14859,2.75777,86.9879,112.831840678153,230.909873530054,49.1155086944188,104.033725507572,103.729611916101,103.845566849963,104.602696413495,103.043614319005,103.656412053276,102.771652728951,106.174748708535,103.891441125721,104.835485881263,106.552738652977,105.631786769141,106.796152166785,104.069857039252,104.437228647269,104.205065515601,7339530203.7211,40513.9246296883,7687548093.38124,155836883.09392
2019-08-01,98.633,96.173,95.8102,95.2793,100.7564,76.4970261002455,5.12001644211163,6.67269020951398,6.37962344960673,102.801171561903,106.70055924202,103.425034250437,107.20303664199,100.81,100.96,100.33,101.71,99.99,56.3067149500866,54.2270192740295,54.7248746780587,51.5177257041984,52.5094996053193,51.4556503683863,51.8241395855084,49.4279907022944,4431649014.09631,9121431796.14623,10575554211.812,12945626788.2432,1598574.20703241,8.01,20.0696,15.10237,22.10767,2.79971,88.9986,111.411255955817,231.058047776232,48.3526603170925,104.086465382223,104.021237130879,104.125617285417,104.926940326093,103.278719438599,103.923656292363,103.024304850837,106.640165259229,104.188701443384,104.042218054832,104.13037567447,102.059579471395,105.600021606278,103.852747472362,103.722916623747,104.669359713747,7507022802.97085,42261.2122627117,7895037729.28834,191348839.868146
2019-09-01,98.5558,95.8946,96.245,93.0087,101.0357,76.1595324206633,5.8457894916731,6.5132878627602,6.50045147974292,100.967544525303,105.106849078487,102.895395789261,107.054568868343,101.58,101.68,101.55,101.84,101.65,54.7810588813932,53.6805841018212,54.7015203115896,55.4056961256497,50.6932072764489,49.5653618216462,50.9685593463878,49.5768588266285,4415852573.51345,9105088086.62172,10554238200.2544,12898523882.034,1603910.53708803,7.72,19.7345,14.90744,21.51554,2.76283,88.558,112.070324141248,230.9762371997,48.5286309604047,104.397639089831,104.325783494576,104.44395825969,105.359501814701,103.527255793004,104.186733916123,103.258707271962,107.034453702405,104.455144740159,104.159810171775,104.279016250703,102.153812187262,105.65974858026,104.01250270012,103.620018463793,104.830427935931,7618642758.28479,43364.6794056028,8077597095.77648,195752985.088568
2019-10-01,96.5148,94.7802,95.4456,91.266,98.4439,76.2398798446664,5.32906694972047,6.55171548788281,6.13779678966312,102.285750756884,106.989856293481,103.476177846318,108.025551703716,101.5,100.79,99.79,102.08,105.87,51.4725895476946,52.1319126944869,56.3788222143457,54.5618953867662,51.6180451439906,51.2659321244594,51.0201798064583,51.1966745271962,4406330133.8049,9069376606.78081,10589196391.2745,12987473917.3327,1610489.42496188,7.66,19.1948,14.59573,21.38397,2.72374,87.5946,113.560820357786,231.348543256875,48.9409750574377,104.745855171927,104.606778852842,104.799778050461,105.827675168594,103.74600478629,104.432571466773,103.498301620343,107.4117132484,104.726084274931,104.758893367524,105.097312041876,104.46403347089,106.119958105462,104.502832335518,103.747755687584,105.576404907742,7916196402.69445,44233.0647433613,8280974187.26401,158002984.337773
2019-11-01,96.9213,96.8291,97.1656,92.2889,97.9394,74.6262153875579,5.82972019824178,6.09912620696884,6.31948740298211,101.175311165452,106.200732985883,103.456430710511,108.489492265185,101.68,101.6,100.9,102.45,105.47,53.6088934771807,49.3280024423444,54.4729756063168,53.7616808536082,51.7823832205708,51.3745245808411,50.952119325482,51.1297169421971,4501504918.42626,9123969924.11677,10670263079.4641,12980050952.5443,1637018.13447596,7.47,19.5352,14.70805,21.53853,2.77791,86.5842,114.617369194342,231.345285907612,49.2739389444491,105.087820545681,104.966339270468,105.141924167713,106.304095906426,103.915649168917,104.764046348037,103.694410144633,107.801953439197,105.091807717277,105.591960606825,105.885665996542,104.244840895957,107.062338829613,105.214095428516,104.576760626203,106.225517681661,7963740219.71275,43872.0352407925,8233581638.54861,122766145.576326
2019-12-01,96.1581,96.486,95.1023,93.3889,96.9695,75.1346269989938,5.56930936457448,6.24907534328941,5.87677137974224,100.816140652895,106.277781435487,103.1103366667,108.18102362607,101.13,101.29,99.72,102.92,102.97,56.5128766539553,51.4296958315422,53.0087297954555,53.9452808232445,51.4223196612851,52.174162223342,50.8509622037961,51.5058193464461,4515816869.53611,9176316558.22356,10679158286.4014,13083709818.9146,1653823.44076873,7.12,18.8642,14.54618,21.17506,2.7089,85.9857,116.231122835406,231.144589344056,49.7945058026229,105.537482583465,105.334597412492,105.477961252311,106.704341064122,104.124071533139,105.14213352643,103.947316364242,108.190496762007,105.403017889605,106.515292552612,107.304521225124,106.403653458097,106.997343030148,106.0047690636,105.695131863388,106.449083131852,7912190442.11098,43131.1538151475,8100062739.33035,139128312.63405
2020-01-01,97.3217,98.4333,95.0901,92.5118,98.5924,72.6679858700775,5.72523639401147,6.43223207232789,5.88508263610913,102.345804012718,108.212169655259,103.469086504952,109.384789935611,101.54,102.15,100.96,103.4,103.81,52.3963275807154,54.5620914112439,54.377406459322,55.1226467338045,52.2690960040148,52.0528179047488,51.4057450721431,52.2212130507342,4522044588.39922,9246435366.45302,10732574754.5643,13152611522.8662,1666427.43838896,7.12,18.9082,14.2946,20.9465,2.70198,83.9781,116.186847752355,230.907184535353,50.1388337143893,105.939742933251,105.671050575169,106.006114213153,107.629848951868,104.342781794318,105.275236077286,104.18088558868,108.546878876739,105.556643262165,107.027905247444,109.400257535756,112.711357007857,106.568660292993,105.82537687647,106.006171106697,107.222904204773,7992952134.53215,43241.614723954,8154054954.62527,155406584.606837
2020-02-01,96.7551,97.4372,97.5819,89.5849,98.2743,74.8228453420704,5.48579227083377,6.11013109433757,5.64755512395373,101.856667912751,108.147371949122,102.645171872212,108.903063618985,101.45,102.31,100.93,103.39,101.57,53.6702118137243,53.849863109125,54.8965249366787,52.3511765014596,51.6573054015831,51.4900117009635,51.4226099981017,51.6917175053064,4592812191.24601,9378621289.0193,10916984155.9728,13331971951.1436,1662388.85556762,6.96,19.776,14.72719,21.72097,2.83192,82.8067,114.840839841346,230.233496348346,49.6402099082081,106.465131757755,105.927973990673,106.334960996495,108.076960329589,104.490222213143,105.511661055197,104.428993252856,108.937083368037,105.747819689821,108.152626944671,112.413105981449,120.676014354905,106.929190429237,105.19042427945,104.722670361636,107.300829189253,8028174007.25596,41151.0974339409,7842432611.53802,155883860.675742
2020-03-01,93.5594,97.1523,94.121,89.8034,94.1286,74.2908636573761,5.07198217595625,5.63198408140649,5.57362316754731,99.1415588783883,105.183629160911,102.650884459097,108.841291686904,95.62,96.62,99.41,93.68,85.42,50.3254867415191,53.2074987902957,51.9100271513573,56.3735554548853,49.8468341961961,44.757198480463,45.8473362657013,42.596556871188,4861193820.99156,9737899435.38514,11198531525.8421,13472499695.5742,1738253.25154975,6.81,23.4847,16.48626,25.76741,3.31369,96.9691,104.73219798815,229.043804868906,45.861786321266,106.288586712422,106.174984579816,106.641450349552,108.529566182866,104.699877174988,105.693759168763,104.6652914834,109.357658195542,105.749829642727,106.796845818787,113.80153048885,121.064503613626,108.282830841444,102.066136527033,99.2532128349515,107.72335963541,7948001205.12836,34383.4498620682,6793849752.36976,184260494.979903
2020-04-01,69.8686,90.1484,93.4878,57.6491,67.9248,74.0485055956744,5.94066825478827,5.67293204678848,5.77406073265387,100.635972393954,106.135521444198,102.406540381138,108.111524038217,78.43,77.94,81.24,74.3,72.32,31.7463470346424,40.2274374414354,31.2129453811053,48.736346379758,31.1339848994326,26.6050988906777,33.3024340708384,25.9123547059179,5115433558.77193,10122681872.3111,11588082302.9696,13840260751.881,1785768.66100416,6.09,23.9283,17.22838,26.1967,3.39064,106.9283,96.2246151596001,227.286896567666,42.4517471836729,105.550054449613,106.602243920079,107.265232078175,109.691234837689,104.724473047882,105.827720299491,104.906888653734,109.748816808046,105.944537129055,102.891519365556,112.872815307599,116.872858304081,110.138228495599,95.3057596701349,89.7517121454686,107.965467337953,8015996790.69084,36174.6664557572,7091586214.11332,153058729.758439
2020-05-01,69.7714,86.2323,82.5551,58.9402,68.491,54.9942134329847,4.83460592161743,4.98853780034859,4.99002607459717,97.1675459851745,102.735478367243,97.8217423381217,103.950154884541,77.16,77.12,80.6,73.18,67.44,43.0169044504156,43.5468318723323,33.0745825174833,43.4878835749815,36.4314439886503,37.1941798211042,35.4791266750175,33.23952303454,5169711408.98304,10086370467.0738,11603330831.7894,13837931552.9311,1851211.66596354,5.47,22.1778,16.05007,24.67502,3.09602,103.9322,98.0962993362041,227.55878225838,43.3114659566388,106.581224260408,106.933746718512,107.814570315914,110.847090160815,104.581255922887,105.962043852538,104.98859572223,110.112709647088,106.034906285545,105.52669791889,114.299431213107,124.20802628438,106.953566707629,98.8033935806064,94.0844096934758,108.189375836642,8285669766.01908,36048.631814909,7093232426.65922,142940243.529758
2020-06-01,84.8823,90.9974,84.0146,72.5155,87.1309,54.295482033205,4.82874687030675,5.00627314637104,5.01594346157714,99.6300390439348,106.403733342748,99.0994219323696,105.883371395756,83.51,83.55,90.58,75.21,71.33,56.5211185739418,54.1332714662286,44.3735748259857,49.8575988460069,49.2646179319094,46.9728318651739,43.8914010830396,39.7865975574123,5187986924.57808,10097963922.3335,11611297117.9046,13846773275.2605,1866644.45844249,5.06,23.0893,16.95447,25.92582,3.26714,98.7842,102.84482451954,228.569952441065,45.4922145907611,107.202740511248,107.286851641413,108.432082851553,111.133590084391,105.555439952226,106.060572178393,105.069533816039,110.455589201071,106.105454369332,106.740700989827,112.81000913069,118.068153532979,108.394628641886,102.374384263806,99.8854952205908,108.019604093009,8412695675.91657,37750.9116902799,7326833192.23827,167539445.015964
2020-07-01,88.6259,93.3443,88.1058,72.8085,92.3219,64.7738588176044,6.01257485193228,6.24982059523787,6.67598298069372,103.194424910154,110.837534334405,100.400594630396,107.99275742284,87.19,87.33,95.58,77.91,80.12,59.033297456587,50.0862383782887,46.8501396858988,47.4287440678077,49.781677987168,49.5430237137143,48.78907164643,42.0120172137773,5266855281.99252,10191133841.7352,11737604834.636,13954000399.9885,1926437.32005542,4.82,22.2012,16.56654,26.26069,3.18143,100.4334,103.422932214087,229.096801587686,45.5448582580143,107.731489820026,107.687572906511,109.187752004355,111.751190305257,106.5076935783,106.14832695027,105.217949595102,110.727448006504,106.009311895413,107.623041623812,112.242332734504,114.158207484192,110.086656923391,104.857549379879,103.528505485258,108.328958639849,8489567686.38741,36949.9467187353,7270246572.9635,145490867.907426
2020-08-01,91.9838,94.5893,94.6313,81.0861,94.9131,67.8932345353313,4.70717114849868,5.05328427018273,5.12969834131722,100.799199253231,108.801499793717,100.603321274929,108.354134544147,89.21,88.96,95.5,81.45,88.69,53.3664899476244,54.2694887645586,51.9079403091783,55.8549533671496,50.6347234079962,48.9747889096354,50.4737620356863,45.891525421266,5294535746.91243,10208355926.4863,11794590711.6327,14022113744.154,1950172.98429238,4.49,21.888,16.80123,26.17914,3.19565,100.4672,106.349388317238,229.83057783842,46.4326509509618,108.257220166863,108.115191704276,109.683979572264,112.30071462094,106.960599040118,106.451359909629,105.371607904576,109.961479836699,106.720125419501,108.369416295784,112.478664212877,115.340655903913,109.89731631199,105.306091241837,103.611981539503,109.058264782785,8568162616.52152,36958.2720925362,7213919168.3278,126273383.670591
2020-09-01,94.2669,94.6079,91.1169,79.804,98.8735,68.4904249550623,4.12537684333515,5.68186307540529,5.37918536845091,101.60950943716,109.960132212709,100.817912717065,109.022963961016,92.82,92.79,98.59,86.15,89.43,55.3147400513966,54.9866797604907,53.3549937235685,59.9116151006215,52.392255701031,53.1423607276364,52.1504743373508,52.730660942586,5323736937.66166,10194077463.2438,11824189259.2215,14025901614.696,1953138.13832431,4.38,22.1438,16.57463,25.96914,3.264,97.5568,107.836974074924,231.041930658244,46.6810271397121,108.555010439908,108.468539755202,110.048423119562,112.688990613469,107.354842221846,106.730014579299,105.523930252687,109.350265003511,107.305609217567,108.306488165032,112.602792317092,114.782311605754,110.467082697222,105.240652862645,103.169076638335,109.455242017662,8675606447.23599,38204.2161715317,7371550290.07289,159930377.691951
2020-10-01,95.4926,95.3754,90.6298,83.5415,99.4281,69.8303300084746,5.41619841750442,5.62178537918307,5.56216625016138,105.016617643518,114.364751312621,103.02052148191,111.866223609972,93.68,93.65,99.86,86.25,90.45,56.4630864296098,56.9121760137925,53.1238725242076,56.9776836198073,51.669689567729,49.2844283603303,51.1440872375636,48.8287250874977,5412822414.79875,10208922026.5698,11916972248.5702,14099418226.6726,1977837.38976918,4.2,21.2508,15.9381,24.81775,3.17699,96.3548,109.807130704072,232.477624577159,47.0545002369035,109.009118292798,108.74667547238,110.46990469177,113.13665368409,107.698193754122,106.945603355523,105.687713874204,109.707055814738,107.541643595541,109.367428698423,115.112055009721,120.865226976643,110.782193282432,105.291901028071,103.109562919815,109.672435258861,8789031575.11691,37843.7692286458,7338100725.24823,135500084.552934
2020-11-01,95.8701,95.0112,88.2991,86.4079,99.4752,70.4732922828776,5.13414737473544,5.48469095408668,5.3844639607254,102.270952818797,110.969374465045,103.728653504293,112.488966119722,94.97,93.74,99.19,87.26,105.51,54.9196194892255,55.5983375318417,52.3865432438661,56.4211123282892,51.6374219105347,49.188137671049,50.1331352391116,47.7032134596432,5374365346.92685,10128834068.9818,11899367764.9247,14226092126.6925,2010843.87435196,4.23,20.1398,15.5439,24.09425,3.06125,93.0226,112.70971767266,234.352537719603,47.7892797995926,108.649693029738,108.823893217497,110.40534654555,113.551696288663,107.121597798955,107.108186071331,105.859916534197,110.107326003885,107.589010711013,108.217114549253,113.475269449223,114.092949536244,112.76819619873,104.189290547749,101.693746302411,109.89647045139,9032866100.66814,42585.5518721445,8094389271.92673,165131136.547909
2020-12-01,95.4071,94.7781,87.4249,83.964,100.1307,70.9733629156522,6.36044189065923,4.7940330772158,6.53484738046136,103.809396365086,112.91819769107,105.501394201086,114.313910186453,95.31,93.71,99.07,87.52,108.11,55.9205220021097,55.8337129128471,55.7555522930056,54.4001272886278,50.2127968358201,47.0594845045118,49.0108640130433,47.1366368805845,5430096923.25008,10203667200.6131,11996267272.5575,14275669086.311,2021080.06672644,4.27,19.9087,15.62833,24.3563,3.06395,91.5894,116.413477600826,236.862114440602,48.6091474443677,108.943901519197,109.371793162018,111.308260318588,114.005750024334,108.437974060536,107.220372125753,106.030301293403,110.505662323707,107.399906934569,108.03885042352,111.808164839337,107.239900381514,114.828885537701,105.34443728085,103.645744729741,109.990271378245,9146080993.63169,43252.0172917759,8222137652.27369,171598928.938412
2021-01-01,94.6593,93.8689,72.105,84.4385,99.6384,70.6819226938263,4.26951074276236,4.97559747024308,3.99923850145483,102.90959378463,112.784225928982,103.478379211467,113.32955330723,95.73,93.05,97.48,87.59,117.45,56.6551545359396,59.0880380954608,50.1116165640061,58.6827033051442,50.4319589930905,47.7985058704335,50.3234595568427,46.6306804438414,5550177671.85534,10435631254.234,12242547350.0613,14475177637.3779,2062083.25677925,4.22,20.2248,15.82995,24.56504,3.13889,91.0246,116.584347063603,239.386865057514,48.5090227286431,109.807061506538,109.736712088597,111.730234962623,114.469896259135,108.887607335019,107.52349235606,106.198547184568,110.27454097733,108.124412432109,110.146951155354,112.510078149746,108.863157664314,115.652990022916,108.74972190624,109.237682259427,110.009547476915,9299385750.0048,42081.0810179719,8052430247.43825,168735517.705394
2021-02-01,93.6585,95.8804,69.6278,87.6642,96.7765,70.6827945289574,4.36904044934587,5.05285732800442,4.43876858799934,102.356707654272,112.812675941351,103.443202594735,113.948646961772,96.16,93.67,97.92,88.55,112.3,58.0688297683893,53.2322853885143,52.4415730557751,56.1365951600647,50.4552446578611,48.0729984103686,50.6915991639851,46.1420969983312,5567897836.49697,10392898334.2826,12321517422.0742,14441480103.606,2075543.58872044,4.12,20.939,16.5439,25.41262,3.23089,91.9603,116.66777401347,241.269179611269,48.1148809669108,110.491229088005,110.028585798192,112.229577582758,114.929763458549,109.347765793367,107.688678035069,106.362089473643,110.171660064771,108.3350363899,111.997814588131,113.20521834981,110.231180206093,116.577054559693,111.106652998696,111.822505167052,109.93352377462,9256848161.46823,44149.6403657422,8318815294.86598,169201591.05132
2021-03-01,95.7849,96.1302,72.0868,86.5992,100.7958,70.4899968853476,4.96943011670188,6.55984533365385,5.59150509369857,103.480501786002,114.993059251002,104.003809992774,115.452711378015,98.1,95.08,99.71,89.99,120.09,59.6879430875332,55.7891863930732,55.9306636922972,55.5621217555406,51.3826667276404,52.6001638436605,50.5949504759048,50.01136090862,5678609829.70049,10501841783.6728,12403851255.782,14479267447.7507,2136797.43511844,4.05,20.44,16.26615,24.0262,3.11506,92.9219,115.627956593059,244.696036722643,47.4303477793884,111.25075069087,110.56314303885,112.835781176549,115.572010102088,109.987448332978,108.128393951568,106.549275421076,110.558978485367,108.937675680834,113.665953589982,114.761707880109,110.858740310313,118.103715108762,113.146776913482,113.689451246855,110.07775061472,9105942497.56482,46631.9868691333,8700747434.24075,177414598.753014
2021-04-01,95.6098,96.0229,70.8185,87.7161,100.1661,72.4724774921315,5.86979382202134,5.02062813883643,5.73022916315714,102.557342310764,114.774862675189,104.310492913135,116.833209527583,98.17,96.16,100.5,91.31,113.38,61.3384986320495,56.6166723695987,57.5905204152373,52.8637262684209,52.7651492278447,52.9693027095261,51.7796901424606,50.6647963980577,5701865683.65218,10527285111.1905,12466213991.5581,14548430194.2097,2138631.84777772,4.07,20.1822,16.41015,24.30038,3.12017,89.7769,117.366721844639,247.86967346474,47.4375093034287,111.944756461732,110.997551305428,113.261387242361,116.115922756139,110.270064150074,108.479701154492,106.730596294524,110.960983913136,109.636522545304,115.486175731851,117.60300308489,116.270601046669,119.069979996958,113.554467323973,114.70786302211,110.362223798156,9255330657.1025,47525.3235216994,8868388952.06487,161248734.734073
2021-05-01,95.0947,96.8616,70.3542,88.1236,99.2793,73.5528653061242,4.34910626754879,5.40517805183876,5.12787781826604,101.1547159905,113.265220824278,104.296715923342,117.294648972765,98.45,96.55,100.16,92.46,119.1,59.9976806372784,57.7575914172244,54.1328858559367,59.5850250544215,53.1067872073914,53.4045053799524,52.7952514198608,54.6127003699367,5732918922.69104,10537919957.2075,12501168070.4191,14587588132.941,2147196.8336706,4.06,19.9213,16.48886,24.35279,3.12565,90.2474,119.468286517429,252.405725564239,47.487656158373,112.757748990993,111.606765487726,114.037127935948,116.923735428084,110.944493183533,108.961174024658,106.949867333988,111.332379452606,110.360887952649,116.736879985645,119.666386791986,119.688701066619,119.963848965617,114.015387413028,115.409038213676,110.609630172114,9283474697.23755,50592.0463477781,9340340776.94552,154579267.3946
2021-06-01,94.9247,96.1334,70.4317,85.3164,99.7844,72.6783328486808,5.65589822911552,5.2345144413777,5.91742420106209,101.304086591574,114.436612021636,104.092285005394,117.706145572778,98.73,97.3,100.07,93.99,115.18,59.7831675361325,61.9759062761248,55.5735178319973,58.0147128767477,52.7242218059487,54.6992611925216,52.010239213358,54.5685937042343,5777858818.0985,10607178164.033,12541272290.0393,14579323362.0717,2170146.5474948,4.02,19.9062,16.06828,23.60079,3.08148,89.9775,119.009799203336,255.643548904354,46.9522857389165,113.448954759631,112.192644874985,114.728586432673,117.679864497911,111.54430772928,109.482950510156,107.150769836716,111.717315113228,111.199096279455,117.211606340754,120.431383122128,120.518132632618,119.948840484089,114.822869320086,116.809412442004,110.894700452829,9237121203.41179,50602.9041676977,9393673182.82055,169384334.598436
2021-07-01,95.1304,97.1315,71.2344,85.1186,99.8489,73.2660120012804,5.04373218948685,5.42510535082601,5.48595954643498,105.289971715397,119.534361788445,107.937451974798,122.742813949402,99.09,97.7,100.26,94.67,118.57,59.906451313029,57.172036224675,57.6547554698715,59.1668282364219,52.6525292443141,49.3133601586012,51.4646489684803,50.8924233866127,5885235117.09901,10695926504.4081,12729448621.3498,14703718027.6878,2190047.33612644,4.32,19.8455,15.90021,23.52982,3.0701,88.6602,119.939446596843,259.496887633847,46.6278464089639,113.964320326172,112.701321655107,115.431776107585,118.612088246625,112.127237585704,109.818913990045,107.406474451857,112.095468063741,111.513522561409,117.527917156395,120.772420355486,119.60886256741,121.048979762713,115.750524968255,118.173440050068,111.034444137718,9246461504.93431,50973.0941782589,9476095813.76553,147841263.968487
2021-08-01,95.482,96.4453,68.5952,90.1363,99.6981,73.6890683936731,6.01634628497665,5.81637061527821,6.06405707554161,102.920824422408,117.206936999949,104.423820451608,118.696261667902,98.47,97.59,100.12,94.65,114.74,60.8440742773627,57.1589062638633,54.855333939907,56.6895620556117,51.961964231231,51.6161107904722,50.6161181214851,47.8350776645908,5915917540.05693,10791510510.9536,12839693282.458,14803292248.6786,2216017.01573254,4.46,20.0605,15.87588,23.68042,3.10938,88.9753,121.033459106134,262.579073461304,46.2053106094904,114.284112766552,113.270447622864,116.255028001721,119.664267933668,112.756583724964,110.08415012846,107.644878032998,112.072585356906,111.905386277743,116.964252317746,122.425872265215,122.188706133201,122.615587543899,113.134844425762,113.86099581804,111.176171825044,9279023962.03972,54099.3890421021,9985531072.49565,166352240.027833
2021-09-01,94.464,98.1742,67.8802,89.4445,97.8243,73.4691240546655,6.34509496458906,5.1472622296008,5.48901202748261,105.815834081425,121.290338410042,106.41223451873,121.900114918302,99.15,98.02,99.75,95.99,111.98,59.3694307415147,58.3335696952742,55.5502328291861,57.7843251431416,53.0369337614047,52.0002192637663,50.1836786904819,51.105048733947,5991925661.39849,10848846548.3533,12939492411.9101,14884823864.8731,2257991.27690723,4.55,20.5623,16.22982,23.82862,3.1851,88.4074,122.113037497995,266.036532238812,45.8579615570414,115.01085965112,113.814534284102,116.966360558818,120.451882166484,113.370949941758,110.39881466824,107.906961165381,111.591407079634,112.435293166228,118.325929534847,124.011799562556,124.870173208151,122.916557574651,114.208592561639,115.239235743926,111.472480277078,9344848914.52836,52853.8749598168,9745977114.14339,171370272.18531
2021-10-01,95.468,97.8099,69.0898,87.5618,99.8285,73.3715321479399,5.49455387717523,6.53924254209987,5.82551266329713,104.726688554074,121.154547953852,107.142557942054,123.556020485441,99.77,98.82,100.6,96.89,113.58,57.7125951882017,55.1608137852385,56.0406836989039,56.7076053244771,53.2302009854147,51.6889393226282,52.0425841804224,50.4182706750891,6028166487.65591,10965849327.3475,13097689068.6332,15025781657.2248,2290303.22901606,4.84,20.5297,16.56336,23.758,3.20674,89.7787,122.877630323926,268.959019482147,45.5424359880553,115.797912958947,114.397906219067,117.74247437047,121.262555081527,114.085617462525,110.859051983002,108.182655782919,112.020647490395,113.038051388007,119.675961072755,125.265465158168,127.121828163588,124.074033277963,115.669272422624,117.02131122309,111.756956400688,9517231339.70671,52511.2719006012,9763131597.10515,144829600.605118
2021-11-01,95.9677,98.2562,69.007,86.4767,100.9006,73.1849834025861,5.39647182430286,5.35428896790047,5.4825805732591,104.663196084958,121.998474401677,108.16586235529,126.049353263303,100.12,99.54,101.48,97.2,112.9,60.6505516471985,58.2644272666939,58.3506910837778,54.7835031652554,51.8388484686368,51.5694930361408,52.7549287501326,51.8700326022191,6094781600.37656,11125127039.1823,13254235336.3797,15112707874.0333,2310282.61311385,5.05,21.4453,16.72304,24.1517,3.36262,89.7223,123.383727378437,272.53420017329,45.0283358818388,116.732281132037,115.008476226614,118.427091350147,122.196884246422,114.510931475569,111.319766101757,108.46284472182,112.437143633018,113.639650561615,122.008067240213,129.725739013415,134.220386442779,125.671472647396,116.182485010517,117.484932831886,112.102231716992,9335552649.2194,50390.2659592868,9446114423.06069,171417221.73885
2021-12-01,97.1862,97.7784,73.1716,87.357,102.5425,72.8585887421527,5.38393616674066,5.53806736626366,5.44599680046059,108.507353218877,126.816911020086,108.369894644049,126.184794468489,101.02,100.37,102.48,97.9,115.02,57.9419999638497,55.128102213739,58.1031385493088,54.8573419270703,52.1786962208617,51.3097434701263,52.6177272021656,52.8292353094191,6135096141.14008,11202711305.924,13346756254.4913,15160230756.5421,2339217.54439372,5.29,20.4672,16.19979,23.27632,3.21744,89.9472,122.537723452225,274.227675735693,44.2463437080257,117.054527853742,115.880888094091,119.540315816142,123.25033189971,115.627137224258,111.855730755682,108.728529788459,112.850499656218,114.284155639722,120.963036692381,129.683274557962,131.272162343261,127.682267803768,114.693015810313,115.912723118442,112.568193339914,9274026075.98512,52122.3753266619,9762933045.70399,193452952.795135
2022-01-01,98.4084,100.696,70.5614,88.6964,103.2836,74.6282352498018,6.23477277050905,7.14528009084917,6.83186992473892,104.720188995389,122.987343411265,108.207470413174,126.956381274089,101.34,100.96,102.75,98.68,110.86,54.8900390095379,56.5377466770319,52.8378007278561,51.1237213338564,51.3795783812846,51.1813122760138,52.849808898952,50.4551363901232,6246661973.5968,11218843414.4573,13323556995.0759,15124745248.2428,2383962.69879116,5.53,20.6352,16.22339,23.13103,3.2356,87.707,124.755864091401,278.754944417168,44.5998665618681,117.667813342556,116.540634936681,120.495724449746,124.437744284277,116.365187350429,112.200059463223,108.969902454707,113.298377352965,114.857709928796,121.160008824312,130.023615942579,129.730012109175,130.582550773297,114.915716069087,116.743250343625,113.094371750528,9203357481.20333,50298.0081676166,9496693568.76049,165793111.244309
2022-02-01,98.3643,96.4078,69.5728,90.1248,103.6163,73.8199166084319,6.86455253393935,7.28783865509854,7.17991494869074,106.543190804243,126.024800586374,108.658380223354,128.492810109689,102.16,101.4,102.85,99.6,116.44,58.05766799142,55.4573405738023,57.9903201287992,60.0313418747313,54.0704844999077,51.2133215334038,52.5887367699133,50.4738577747298,6345848911.3618,11353409230.0824,13486366224.1639,15250561162.7035,2420289.73314808,5.87,20.4257,16.10566,22.935,3.23747,87.6275,126.622737755352,283.064855236543,44.5644810389461,118.542368133797,117.260635221631,121.552516856316,125.679819197905,117.168987118147,112.652185904533,109.252350940788,113.660762762722,115.473953091244,122.595455783387,131.792861694641,132.112408885022,132.355452396003,116.129527457369,117.19375857088,113.575700430715,9145711472.32347,52762.2038400902,9908466880.31357,182731004.980061
2022-03-01,99.291,99.432,71.2819,92.0785,103.8587,74.2718750400714,7.6847492974317,8.25474326135065,8.70382914084227,106.580444156392,127.323185731053,108.247226957218,129.164231323641,102.88,102.83,104.29,101.35,110.77,59.2081493432147,58.228336174444,58.0123424048401,60.2944085295881,55.0568693954415,54.0165351210085,53.5998796528928,52.3829484722268,6341080969.27698,11359175550.8552,13501797850.5416,15286499719.7151,2462652.68029033,6.31,19.9112,15.94091,22.14424,3.13601,86.8872,128.401178051911,286.646335009641,44.9502787090681,119.580241970934,118.037856963392,122.638239122366,127.161309835419,117.884208611701,113.102003957277,109.456239902219,114.053411466903,116.082071441641,124.637682539831,133.709935171108,134.34313007657,133.436902407597,118.532123496365,119.856497095077,113.920474677025,9193551985.57965,55467.0486111101,10325553594.4229,221289972.461716
2022-04-01,99.8802,99.9302,72.7295,93.127,104.5782,73.9647144456079,6.02650290783384,7.63649408417098,7.55665656978942,107.487435918883,129.469828294575,112.497503557041,135.566626268293,102.85,102.74,103.97,101.43,112.81,57.734319870513,57.964112473652,52.7000228129601,57.9725866784473,53.3306009480107,55.4560280516281,52.9902498886348,54.7150918024099,6431023170.88803,11520308362.4933,13654945030.4826,15384052080.7196,2462729.41100061,6.56,20.3728,15.94172,21.49127,3.06611,83.1902,129.859608851068,290.548888784118,44.782388931618,120.516489056692,118.978901017468,123.792601723056,128.682276277297,118.65639536973,113.685010857444,109.678389379328,114.472134674873,117.2220818406,125.833062008978,134.569650074684,134.730848341989,134.75020409953,119.37024691504,121.47152610848,114.109646311418,9096568219.06385,50624.0901471021,9696873265.90369,175759631.845808
2022-05-01,99.6831,99.8022,72.3978,88.8211,105.5303,73.7372245973295,8.45100106896689,8.21325348028188,8.98078836602642,105.252509706793,126.918937080178,111.965363522306,135.457640054791,103.39,103.16,104.81,101.3,113.15,57.23764078376,55.5038751729923,59.1900289869777,55.898151201231,52.6159399235161,54.6211598301817,53.1515354616962,53.5739052470603,6443943928.0288,11566739758.6447,13713241267.7539,15457035440.0765,2463346.43810267,6.91,19.694,15.57205,21.09523,2.94819,82.5499,129.912502454121,292.149170097966,44.56208842231,121.282335066662,119.724232030964,124.892525553774,130.089334186941,119.392632449882,114.131895989231,109.999326434829,114.913785844944,117.770171565906,126.653125086282,135.239121250763,134.718765715935,135.811372240828,120.004882960478,122.58058100665,114.361291726943,9154383117.76875,51230.2915846389,9826021869.74262,237506453.822729
2022-06-01,99.1488,102.3045,70.859,89.0889,104.2893,74.9855227755536,6.73702523740044,7.58462917701225,7.01850184585912,108.40681598629,132.085838652675,112.431259447888,137.218673006089,103.26,102.53,103.74,101.08,116.6,58.702614950733,55.2587688439068,57.7976617975208,55.7782077567274,53.0496510290466,54.1350513032918,52.5020008599289,51.1971433924819,6488019421.57768,11653268824.8234,13826940918.0223,15553729229.5545,2475220.51921637,7.31,20.1335,15.61152,21.04756,3.00392,81.4965,130.5778692729,295.875470625539,44.3661114180414,122.463185144441,120.612352278328,126.113238668996,131.664100387789,120.186892619662,114.705441576766,110.330262810425,115.369161142256,118.575357955263,128.102694231566,138.217617345563,137.11975776462,138.757486969814,120.74603222718,123.410929958335,115.410288359245,9177831255.3182,48016.9681840611,9401355574.32258,170511876.871964
2022-07-01,99.825,101.1789,72.0729,88.066,105.602,74.7783714525434,8.71331693659982,9.12950989003023,9.19467920491457,106.382443198225,130.534969913425,113.227438668177,139.178920582431,102.91,102.35,103.39,101.14,117.85,57.5951928004751,57.2237977709092,57.9490286319721,55.5938007393653,53.2105294838915,54.2711931534502,52.8992582669613,53.0571432966455,6529631604.00213,11809797478.1459,14083106402.538,15789049833.8526,2504536.26170935,7.76,20.3485,15.87997,20.73919,3.01361,81.8928,127.096525703943,294.322776678453,43.5469385404523,123.25848228342,121.346293230618,127.060609511601,133.033615644973,120.852157482122,115.22210081675,110.641862286274,115.735668637757,119.241943683152,128.750072900229,139.824379292208,138.443478985242,140.273731472785,121.22835418365,123.557552166442,116.445981951164,9290599002.44088,48422.9243134691,9531428690.48357,155316198.506132
2022-08-01,100.2565,99.929,70.2677,88.4723,106.8294,75.6419009931972,5.19918638413692,7.92756688300576,7.73702100218811,105.383903785237,130.417774278082,111.116200213697,137.278625833367,103.18,102.64,102.86,102.39,116.72,55.9827684428836,55.9482441426338,57.0817100192221,58.1284677004766,53.1085711819546,52.6842877016023,52.8014163675223,52.2433764595393,6520205140.93066,11849726780.6348,14081910228.261,15777582248.6949,2511406.10963458,8.25,20.0962,15.34747,20.20874,2.91596,80.0359,128.662083874155,296.00052639257,43.5465183675105,124.162900511371,122.40884271954,128.551561861085,135.228697428558,121.686134692734,115.805388946876,110.988431880786,116.191314241809,120.093030236521,129.253518283971,140.469652363512,140.685306512605,140.623142818883,121.229298616208,122.959813319875,116.885486168775,9329301517.22857,45908.836178855,8999864873.46857,173291184.741423
2022-09-01,99.8398,99.9787,69.9522,87.9189,106.0181,75.6668115717186,7.49649356683412,7.91467815375173,8.02983662891431,108.34386432984,134.982273262917,112.325795273592,139.860277645881,104.01,102.54,102.5,102.54,121.72,57.6512145371565,58.5269484327856,58.8919961371184,53.5376291286895,53.6865329475951,53.6346214278133,52.7334978078562,51.6984060441513,6553316977.01949,11978309690.7139,14149761026.8364,15832991832.8992,2541487.91750772,8.7,20.0925,14.62734,19.68663,2.81898,77.777,129.092041694508,295.307520977313,43.651410232038,124.955167602667,123.260824597023,129.71676845743,136.66215178728,122.462734065889,116.296669996273,111.295853635823,116.651328050814,120.780775660783,130.072349281257,142.362892192645,142.051534347209,142.21625788787,120.836568002036,122.239034438155,117.310017223418,9282635275.38735,46014.3984806207,9006869160.59055,164390098.049598
2022-10-01,99.8677,101.6178,68.5627,86.8234,106.503,75.626028766588,5.6452063560049,8.15316356467218,7.79945486632267,104.830775611022,131.45916029165,111.875023585199,139.898409098735,104.65,103.29,102.75,103.95,121.79,57.2298161448153,58.6837668588782,55.1415068100016,54.4375190834807,53.3886381817532,53.5830077699178,52.4760704666649,52.4205316201304,6590692863.66508,12091976581.9806,14233072694.1698,15893684286.7803,2561853.59056554,8.93,19.8245,14.51946,19.60346,2.70604,77.1899,129.833779489239,295.183075238578,43.8650666327322,125.546918081389,124.057085527546,130.901684435488,138.22080190162,123.262197310366,116.739196722166,111.578404865177,117.094567250953,121.32712460939,129.688384923482,143.112178717045,142.987107477048,143.407901796816,120.162678275844,120.829711303396,117.837685210507,9274284552.08054,50996.6848574355,9764349572.34028,179498771.057114
2022-11-01,100.9628,102.612,68.4644,90.6156,106.8157,76.475764416511,8.21425218536601,8.71648640437132,8.6095189052034,106.865075615049,134.306520214958,111.498493046558,140.078564995874,104.15,103.11,102.42,104.04,118.57,57.7669384085286,54.8457429532697,58.1319324079754,56.1951978992089,53.524185726791,54.1307428599644,52.6344875697726,52.8861761185789,6585933436.83741,12141733453.4252,14323744769.0874,16013133586.8683,2571385.29536993,9.42,19.3965,14.31268,19.97743,2.73879,76.3062,132.513305756534,295.227648591873,44.6921685341308,125.900019804492,124.81147941943,131.798416843253,139.393951908306,123.878588424526,117.286962684858,111.835269569707,117.534151993612,122.140384509359,129.025805029893,141.273578496754,138.856599343227,142.8869502256,120.000147647054,120.295169414571,118.413936651139,9400270755.21195,52403.9794385317,9988659988.66139,182298612.091737
2022-12-01,102.3822,103.3164,69.605,93.7162,108.0029,76.3948230908626,8.49569362939597,9.3532602692148,8.4464441272254,108.692731339909,137.015563039238,114.895028164857,144.453388882246,105.55,104.28,103.7,104.82,122.92,57.8842297286283,57.0298014503312,56.8254901982406,57.106433106188,55.0186812015586,55.3606530698552,52.902886923667,52.9620668060647,6657177239.5341,12263107607.9615,14517772676.3976,16265342263.1518,2594617.22822367,9.96,19.4715,14.36413,20.76928,2.81363,78.179,132.395640938016,294.023623701589,44.7266905398569,126.272411553671,125.557855363333,132.769236038679,140.608900932585,124.541927989307,117.695700071619,112.190016671365,117.966760752526,122.434061474213,128.687952283383,142.21131724957,141.446961847788,142.453794415864,118.846383543672,119.320952863022,118.784420125195,9633670627.28735,47525.936347457,9255965258.60378,157768615.383148
2023-01-01,101.927,101.14,69.74,93.2055,107.4803,77.4071196960534,11.4862185066549,11.6168767797453,10.3850924076696,107.720393771688,136.586108183105,116.395976416114,147.290404298839,106.02,104.72,105.09,104.22,124.65,58.4409833646524,51.6684396603571,57.5922710693899,53.5711326992474,53.8670385275389,54.0321415472317,51.9368622545423,53.857524476262,6609445685.21653,12336025786.4079,14654390654.1213,16359812543.9708,2605190.39049304,10.61,18.7937,14.08588,20.40902,2.78147,76.9267,133.265672109078,295.045932099046,45.049872205362,127.014562813033,126.370903735348,133.725623860873,141.895148789659,125.120952818874,118.372399304212,112.658765707623,118.386978389866,123.50281917035,129.121661057131,143.198832956179,143.601639386785,143.287040625283,118.862899168649,119.585699391896,119.619948855923,9866091092.96601,53523.2485377963,10202181658.5852,160546369.257832
2023-02-01,101.6063,103.4226,68.841,93.541,106.6105,77.3042314158238,8.4617680881492,9.53054118382886,9.98677961329615,107.891164425844,137.36569742634,117.547721737097,149.675216185543,105.17,104.0,103.82,104.21,120.94,56.205536222431,57.2997857446364,56.6433492130779,54.3021696408505,54.032156533099,54.7135616262254,53.462877969259,53.5500028561813,6609700183.44929,12332346598.0528,14670990672.9943,16341518159.8692,2617504.26501592,10.92,18.3448,13.47426,19.45558,2.63982,74.7409,134.755059426804,294.707835071244,45.6208734618003,127.58444874799,126.953936800736,134.450154538657,142.805531535311,125.610881570965,118.876529315242,113.000518127001,119.12713691534,124.100430665676,129.721504373205,144.474592478834,143.273585000015,145.83799068527,119.232311918789,118.62141199636,120.373273276108,9934984793.37642,52017.7040453779,9912794769.51138,170494359.183083
2023-03-01,101.6265,103.3946,69.4928,95.3247,105.8963,75.6547185158956,8.2440524401856,9.27922453699986,9.20006021748348,111.491833839353,142.349425039079,118.655735154892,151.298065286034,104.93,103.0,101.9,104.48,125.06,55.5240318178479,58.2665085200194,59.4931217975708,53.6546955756916,55.0009352064391,53.7056224361215,53.7174777339781,52.6846918077104,6645876969.93445,12422632340.1669,14824014928.9518,16587005616.6828,2628098.13595617,11.23,18.0415,13.32906,19.60029,2.62504,73.704,134.969066965562,294.462273840126,45.9470084927983,127.846148579254,127.553668865048,135.037055643486,143.54967267104,126.063154166188,119.519683636283,113.339631195381,119.589655049237,124.993453127123,128.901219564633,143.698288910178,142.82243297928,144.631656882957,118.707297311374,117.396522518899,121.179792077026,10150102900.6032,52803.4206243067,10030693388.9879,179393707.945456
2023-04-01,102.1161,103.6259,67.8306,94.1808,107.5618,77.4113883192455,10.7817419378038,9.91197711185266,10.3948389767885,109.087800568184,139.559337297425,119.386328029736,152.718444792933,106.18,104.06,103.45,104.66,128.65,53.6920255941531,53.2240675686687,54.0163705019147,57.4756236698006,52.8225549788144,53.6083013627683,53.7424504405102,53.8860435512288,6677372396.12784,12516814208.7438,14928159286.6514,16714861735.5652,2653411.95759261,11.29,17.9975,13.26956,19.86294,2.59884,73.5994,135.892883037953,292.748846455838,46.5349772403302,128.044731229261,128.064414989514,135.571516422347,144.240586468662,126.470880201983,119.871094064963,113.703102782228,120.017440581656,125.445027661231,128.37269040332,142.747822067419,139.307811119691,145.64526790941,118.110942817161,116.504849890171,121.816263166119,10345294664.3654,54027.2392403001,10209137516.7144,142543075.073003
2023-05-01,102.6038,103.5474,68.3605,97.6686,107.2761,75.1543246302256,8.25336184787367,8.94257723203698,8.78011836462309,112.163375174019,143.151662376428,120.928798952737,154.739902111005,107.07,103.93,102.65,105.46,134.1,57.6796613283296,58.2575474759753,58.9984032422612,59.1186062027007,53.9642381409813,53.8372919439715,53.935630188378,52.1396696215868,6712249333.51672,12585364231.6181,15044782293.7898,16765153583.7358,2682953.13388001,11.32,17.7418,13.05087,18.91365,2.48917,71.9687,137.070846659426,291.047983307707,47.1100054232264,128.240970329679,128.550017773119,136.133064057021,144.95713079105,126.88606747542,120.331240141708,114.045843654027,120.47377083371,126.014444551066,127.876046456296,141.714268329446,139.068868704761,143.960565717479,117.785370466301,115.801813016291,122.316759161479,10374103439.2516,51972.5321324457,9792115120.08794,220296357.176041
2023-06-01,103.0316,103.439,68.9136,101.3329,106.8002,76.751518628577,7.88547838617147,10.4679276732901,9.1263629519376,114.145229894067,146.135821390081,121.290913428014,155.499784171609,107.81,104.21,103.05,105.52,138.22,54.650700371598,58.2263639491516,58.3154540099651,58.656811588187,53.5862831617322,54.2157680451938,55.5429048607702,53.4224133507124,6777336756.92231,12772151985.6809,15257615896.5183,17015257780.648,2711477.65830721,11.16,17.1358,12.94952,18.69773,2.35617,69.6904,139.232952853002,289.019705191205,48.3345773528194,128.58699064277,128.922852402078,136.523595234907,145.56743147801,127.002535218506,120.740508039209,114.362696900938,120.913039937362,126.490364314695,127.467484284984,141.932414117618,142.009106850394,141.767008713032,117.190591122429,114.917422484744,122.57413514343,10420873406.2402,54255.3195842083,10115300113.3484,173164958.99947
2023-07-01,102.996,99.8856,68.5865,101.3459,107.5044,76.3655705106294,8.24418697161495,9.63831933078172,9.12423986144861,109.805269778143,141.096759618493,120.956241844597,155.699204189211,107.92,104.73,103.79,105.72,134.16,55.5791276253204,57.7717468328154,57.2380582470973,55.4725687836404,53.2918644241596,54.0113046838536,55.3731842083369,52.9251857607983,6837848015.63863,12849968079.4659,15325038393.6504,17077059373.1436,2729317.91479745,11.22,16.7303,12.71001,18.44683,2.34224,68.685,142.532216781288,289.004988899145,49.613611165955,129.138485623968,129.432762606142,137.003792790912,146.143543617175,127.477743466484,121.270882370595,114.67840963192,121.376010932692,127.187359750722,127.868776472126,143.927006777664,147.708923490238,140.207347514024,116.765271058517,113.934235084202,122.779115407021,10414866118.3601,55156.6001693658,10184197275.3753,158167622.539486
2023-08-01,103.1474,99.9718,69.4254,104.1144,106.7172,76.2831649421266,8.6983872076951,9.47729132852344,9.27336019416389,112.299450417983,145.399880494745,121.565718044243,157.24079432428,108.56,105.01,103.89,106.35,136.85,58.921245408175,56.240318569576,58.5802194549643,56.7828784916338,53.7792965092854,54.7075861975622,54.3476264336041,55.3197526514089,6891419214.42826,12952855415.6061,15392104925.4105,17130242062.6956,2740239.30434338,11.16,16.917,12.50335,18.35833,2.3244,67.8542,144.730147660063,289.346324306428,50.0627371696697,129.918141631619,129.890793950576,137.408447129292,146.699215063935,127.824585681059,121.793600801029,114.963785776114,122.543438891004,127.795618638341,129.627704573604,145.90141549709,152.306313371442,141.302008498096,118.185556045774,115.566621240675,122.985692114271,10385808631.2711,54420.6291856377,10006502569.3188,245679480.911462
2023-09-01,103.8141,99.5475,69.2197,105.689,107.2082,75.2988345607279,4.9216113238015,12.5347803577056,11.8726145482608,112.282982497765,146.134655482689,123.945765679274,161.184626266147,109.34,105.65,104.36,107.11,140.79,55.8816785623083,56.3432022668877,57.1195713436583,56.430468763031,52.3636593129304,54.6312066007165,53.9692645057179,54.3642007334352,6973333935.55104,13087863627.2679,15576222450.6985,17272163141.3806,2762589.33822785,11.08,17.4127,12.87843,18.43134,2.38902,67.9402,145.74249481831,290.235622234164,50.122615443537,130.531901409217,130.386318041844,137.821677678329,147.096784795978,128.084263092736,122.381610344958,115.274948831544,124.431241619792,128.422892642325,130.858621363129,146.876648534515,151.683556283542,142.511142897415,118.886863143249,116.569467710337,123.364910420069,10455548396.5407,52297.101143848,9723770560.07536,184947306.009933
2023-10-01,104.8179,99.6965,68.9688,110.2599,107.5115,77.0067638915577,7.27878248331744,9.53441206124417,8.9786438678711,110.367159507272,144.226113915068,122.635484630726,159.90260411027,109.62,106.15,105.55,106.83,138.36,57.8276010922563,56.0191825890682,58.7868221547763,57.3620416144035,53.5918133089581,54.9682938500747,54.5581555568543,54.9459154529557,7065735122.70707,13243676040.7615,15714692432.3182,17462899676.7912,2789512.03384108,11.08,18.0368,13.00814,19.12081,2.45842,70.6984,142.457748859684,291.159351672361,48.8421290223661,130.951402584906,130.916699624469,138.337230791082,147.90096652408,128.342109303318,122.966933215853,115.663736571692,124.899496016996,129.178943845182,130.463284566644,145.441524900793,149.865338768648,141.823698740073,119.82532261105,117.82277329825,123.790639192748,10577992194.9891,49978.5645697747,9379492260.70157,199197498.734934
2023-11-01,103.1095,97.6252,68.4635,105.8238,106.6022,75.6113803123981,11.2942276210642,9.98466935802561,11.6973234287054,114.246661356317,149.817160869851,123.322323514146,161.629298459503,110.05,105.83,104.51,107.35,145.45,55.9703081201395,57.5664896000021,55.5076504865151,54.4851568771974,53.6509403774135,54.319445619961,54.6492253785823,54.6158208847397,7081229656.17877,13367911855.5989,15898863527.8112,17665939451.2694,2803738.14657977,10.89,17.373,12.81259,18.95221,2.43222,68.5074,144.651723700949,290.983263861645,49.5895033537064,131.370415969615,131.444169095818,138.841757615645,148.816655134341,128.412159827841,123.477696790989,116.026715677794,125.362647735497,129.818395984166,130.863695844385,145.444191827461,146.986763082185,143.608659151306,120.136717998825,118.382614346508,124.165863194868,10685301893.2166,54789.4690748682,10000267856.6488,172152553.549089
2023-12-01,103.0387,97.9389,67.6691,105.8614,106.2504,75.809245931388,8.98316199793615,10.6422470781435,9.50997381433962,112.331961189954,148.225442592669,124.837011308228,164.495889826986,110.37,106.24,105.36,107.29,147.11,53.6166494740107,57.3666081767544,56.6932242740896,54.0960631901234,52.5193575156627,53.1657904073447,53.3814207328675,52.3801820105478,7140844191.29557,13359481195.6281,16000810089.8065,17809845913.3234,2848149.12751421,11.21,16.919,12.83306,18.69296,2.37712,67.7358,146.497992571271,291.227972023834,50.149692285645,132.193969253928,131.943064858969,139.261631126553,149.341266665315,128.672686601833,123.991925237356,116.287444795524,125.804808815244,130.412065720957,133.140051014051,150.430141102371,158.49909039795,143.441801318956,120.354042308257,119.041480620215,124.54159781032,10859367019.4054,56790.6489031444,10359582879.1939,179391499.4206
2024-01-01,103.6262,99.4859,65.2559,108.3178,106.5295,74.0386051375359,8.58041336829961,10.4046400311453,9.40833894309833,112.76392809812,150.009960573818,125.039636930463,165.893737165588,110.71,106.01,104.03,108.4,149.82,55.9428203610092,57.3112894837475,58.1042558580057,54.452513391509,54.7801873140819,53.2111062512541,53.2841996972025,54.5793087896423,7207713416.00029,13631087296.7259,16200631850.4841,17948000248.3705,2890152.62083117,11.29,17.1633,12.84501,18.64106,2.39256,66.4729,146.881218307306,290.881357470923,50.4282914351735,133.231368957476,132.374243155769,139.566164701283,149.725465286765,128.845824461966,124.587801798432,116.767865590685,126.264586229582,131.271304490717,136.108516078031,157.420592288559,175.365065663907,143.007456098605,120.400936444022,119.627469415042,124.80427033535,10941962384.8022,56331.1701404693,10305201063.7399,188088096.497636
2024-02-01,102.0132,98.363,66.8869,103.1601,105.6656,76.6645350640276,8.57231064887477,9.38422096027149,8.69535530639996,116.471473700737,154.881727514398,128.220660403851,170.556872341915,111.57,106.61,104.49,108.9,154.25,57.8034079682586,53.6064200517954,57.1416564723631,54.6956430062077,53.0636618400886,53.7801129486699,53.3756951711215,55.0234631600707,7386266817.77803,13878176807.2407,16539764930.4207,18218412685.1813,2987691.12306619,11.05,17.0633,12.58248,18.4659,2.36839,66.3643,145.932387297346,291.402191241757,50.0377638531198,133.225196666393,132.827829740436,139.950049633972,150.228046298591,129.061631022948,125.145959983251,117.216842063624,126.733983738587,131.935392054286,134.700000403261,151.822186192812,165.42535355043,141.147878680428,122.555221068551,121.187507491161,125.079566812492,11166182922.287,54620.2761898763,10037271770.1618,183002176.974155
2024-03-01,102.6349,96.0579,67.5998,103.6796,107.0037,76.7651806439109,8.65604903435772,9.87370623209201,9.44024920172841,114.649717074371,152.833222562433,128.630378647322,171.2813165321,111.7,106.99,105.57,108.33,153.86,54.2938766166974,56.3793073341884,54.4748931275898,56.3398539733441,53.3659312252699,55.3737211197113,53.1353121358906,55.4000398338473,7447959178.20813,13932545823.6551,16570220212.6964,18366283969.4914,2985286.12260667,11.02,16.5323,12.16943,17.88134,2.27815,65.5321,147.129792412929,291.848098933159,50.4708584159364,133.547323480018,133.329828185348,140.248436450137,150.670403398503,129.252232834013,125.905901433275,117.632892381504,127.168809014309,133.035156794152,134.255081314996,150.963329915674,160.634510134992,143.601542628382,122.879134234402,121.551401745038,125.30319492308,11326914775.7318,56285.7937810279,10251792075.3901,139852572.737063
2024-04-01,101.6418,94.2534,65.713,104.8727,105.016,75.671278336251,8.28210841295744,9.55257748763667,9.35794742667412,113.206506668424,151.41542599994,125.097648503832,167.2240861918,110.79,104.98,102.18,108.4,157.91,60.6634371852377,61.5241793678235,62.5312115093472,57.367689804851,53.4384745823733,53.1816741664527,53.8407926207056,52.5916993426367,7354012098.0877,14009268815.5028,16557683372.9164,18325986071.7734,2975294.13411659,10.97,17.0958,12.44061,18.27541,2.35751,64.6897,147.759587760736,292.113136025708,50.710312853455,133.995610003274,133.619814044373,140.511086407262,151.09553409037,129.407710254935,126.106066299368,117.944517633513,127.595056368483,133.148581637121,135.340660057121,153.045337997972,164.264145840858,144.207384226372,123.023000064092,121.86380712054,125.5201274746,11334508244.2381,55346.1298814607,10101622218.7227,203702895.856063
2024-05-01,101.8353,94.3652,68.5016,106.1243,105.1359,76.7727643588707,8.36567966102747,9.93162903380539,8.9661774736755,118.644448994966,158.586979752607,129.625484972589,173.496481020106,110.93,105.82,103.9,108.04,153.42,57.1274820107829,57.6393225375429,55.8551596645112,56.6537668724695,54.057664153525,54.2359372207957,53.5894693176422,54.5428926084254,7455969383.03589,14170127275.2755,16776944215.427,18556845244.294,2987278.83285096,10.99,17.0177,12.48248,18.47697,2.34164,65.0864,148.412413857557,292.848220876291,50.6188445616411,134.127441799766,133.944736120175,140.691451588417,151.477183805578,129.452407254948,126.609572093336,118.399715850788,128.055112947375,133.724358331623,135.363843181888,153.204226954207,163.662691678834,145.097654473668,122.587556801857,121.326272052034,125.818316828178,11544966794.3855,54295.5120940908,10015963359.7131,205798445.728887
2024-06-01,102.0807,92.9923,68.2705,102.8807,106.8135,75.7482466415417,8.96432081857798,9.53716740024168,9.31711489904087,114.758471475385,154.250446501902,127.864706043533,172.106732117836,110.6,106.46,104.64,108.67,145.51,56.8616659730666,57.2129402863914,54.9920607868481,50.7442850968097,53.2712287127578,53.9011771144056,51.9073791891541,54.9019230973678,7555179815.21149,14322750357.413,17073314206.2996,18891916505.0995,3027481.29746071,10.97,18.2478,13.33367,19.55799,2.49995,69.6952,142.532396157217,292.867670214034,48.7385894137091,134.891070845917,134.234506506324,140.971218797625,151.754846304385,129.718016044212,126.958955937602,118.783059739399,128.523654508426,134.023089966122,137.094924642678,156.328900493234,169.54461247746,145.971339029822,123.242150542073,122.130678031496,126.300224661541,11730662737.8738,53086.2867264873,9820061122.37385,246871040.507136
2024-07-01,102.7637,93.251,68.0581,107.5587,106.6859,76.3306057708578,6.1885153147872,8.55854918708645,9.11903397655655,113.908760935485,154.448884960817,127.531136426932,173.229673964551,111.5,107.05,105.31,109.14,145.9,58.8438473558362,57.8696336219215,56.8676050265137,60.2503257434955,53.5246343038751,53.0376969669502,53.0191127854882,53.1989712717763,7560462309.42379,14434498526.8402,17125879315.3363,18891368858.192,3050839.81416579,10.92,18.597,13.46237,20.12195,2.57382,69.3076,142.434862364299,293.285177469871,48.8003046599449,136.282283978436,134.686429716563,141.230376359943,152.08458541174,129.897229148041,127.625143981192,119.217687502548,129.025322010146,134.908838254845,141.105571066319,163.328162371266,181.526543132085,147.695100644651,125.178482678719,124.322017324467,126.901853196925,11950314053.7664,53458.0126921693,9891704198.01753,229173767.121589
2024-08-01,102.2601,93.8757,68.0158,103.5582,106.8322,75.2682973620156,8.54906933174177,8.88784543757825,8.96328519396869,117.673247715032,160.012084507012,131.755007687277,179.062204255108,111.17,106.56,104.6,108.81,148.12,57.4519433243019,59.4525797096034,57.3593391878657,54.6345544821631,54.2905150309232,54.0432530174924,53.5226703142375,53.4331386077535,7687628023.01772,14629122806.8342,17409085192.8276,19242566606.516,3098407.97895723,10.76,19.6535,14.58486,21.76036,2.77311,74.4879,140.220927025314,293.319056604234,47.8489042002924,136.422691336965,135.107062549867,141.573811450708,152.776450482558,130.019028257315,128.128017488752,119.555948004743,129.984603312353,135.545782531113,140.045450562063,159.678659542254,172.015995621093,149.922247316384,125.757185902126,124.666562756716,127.529451123128,12181835777.7028,53381.018089595,9976922776.77142,214146460.869737
2024-09-01,102.8911,91.577,67.2782,106.0605,107.6045,76.2085287343308,8.31653667142252,9.06589561011285,8.80042370878059,115.219671466649,156.899670682633,130.965665105851,178.17417361848,110.45,106.89,105.34,108.64,142.61,58.1545229024749,56.5832327762962,53.9183379827898,62.2811237807875,53.9797868348257,53.682151731655,54.1936693934167,53.7610817614379,7754390112.773,14739260384.7519,17557789447.8446,19456670636.7348,3135230.03712029,10.44,19.644,14.54049,21.92663,2.80713,77.2619,137.89410256654,293.366028452949,46.9076688546573,136.563210184025,135.506934440533,141.870497167663,152.923555708437,130.235050799325,128.631272549813,119.939888932347,131.719283780684,136.210300246502,139.457176670625,156.891940789836,163.829303246637,149.660039863046,125.87109108121,124.633451109244,128.230573023057,12311862407.5924,53663.3394772123,9923045447.97266,190064018.186518
2024-10-01,101.1418,89.8975,67.0375,101.0959,106.5084,74.6105372122797,8.9739756710228,8.77307352867305,8.71141703817753,117.717668216892,161.097248913152,131.683745162561,179.953025813584,109.31,105.97,104.09,108.17,138.27,56.3928924227947,58.6287357157222,56.2651842601519,55.6368333564069,53.127443983803,53.0870788709358,53.9305234215011,53.1120460780643,7796244107.86823,14867189538.6939,17719405399.3443,19578277669.7973,3141313.24552721,10.24,20.0378,14.40517,21.77808,2.8113,76.3313,139.482797385735,293.720951129687,47.3926433404624,137.232825945991,135.920923995509,142.274671505857,153.56082922394,130.476557151627,129.075777285214,120.26910823618,132.209343284439,136.733006406009,140.61587210641,161.574581497412,174.216559302354,150.429885409784,125.453277123638,124.056705583755,128.508806510337,12339949770.7851,51465.6644100259,9543138867.29003,188299842.317664
2024-11-01,101.324,90.2423,67.4039,101.3361,106.5563,76.1842323213426,3.48952721950646,8.51400703526857,8.01834329509241,118.058843209687,161.903835214967,133.542470806974,182.90966113588,110.22,106.57,105.05,108.3,144.15,55.3864790834005,57.0774026931049,56.7837410984041,57.9799931465416,53.3573089195075,53.6210191945982,53.8297369223003,52.2815339339077,7917097087.55572,15060308962.2309,17906803501.4827,19728521069.0945,3176032.47153099,10.05,20.3212,14.51137,21.46732,2.80229,77.3188,138.038362419505,294.210731835598,46.7800552759076,137.365031748989,136.158999462705,142.193477459845,154.099046652845,129.977554644534,129.525928929373,120.62027031863,132.690841649046,137.245733637645,140.774979418868,161.271687403703,172.247966866356,150.742069344306,125.617198840704,124.710101336322,128.937537004656,12346059864.6659,50548.1185961188,9387795792.42688,180447025.890843
2024-12-01,100.1018,89.3452,65.8508,99.3253,105.6232,74.7158422209718,9.43600331056621,8.43931452709268,9.5013906767462,116.470488401838,160.175769845192,132.290449930371,181.859756151492,108.4,105.57,102.97,108.53,135.53,57.0734969896588,58.1930346040872,55.0446895886727,60.0077347042198,53.8149010032799,53.6892835836909,53.8695687838411,52.3784069057051,7956647557.22781,15222008541.1229,18015421471.2381,19861689426.5167,3169144.72454961,9.85,20.7862,14.45472,21.52307,2.83108,76.5307,138.267012728997,294.422312598249,46.8368905047936,137.785962047472,136.764849106121,142.728266155733,154.699699322501,130.433465190909,130.125013855194,120.949237328377,133.12738835597,137.973119454825,141.056230472755,160.511883389769,168.774969910051,152.364430869894,126.227919103783,125.534682020324,129.698610873976,12234990374.0224,49431.9877174503,9155848211.74436,184462242.344643
2025-01-01,100.3299,87.8404,66.6477,99.5774,106.0522,74.1623054251965,8.36199204684751,8.40517242625713,8.1161398782669,120.273561993678,165.764049237502,133.14068560172,182.838374296435,109.5,106.32,103.81,109.32,139.83,55.4462289334309,56.6069930663215,56.6352673129089,58.0700237960835,55.5117378421829,54.0766182123295,54.1980670595134,52.0543248760977,7990882615.61802,15277670596.4603,18110706166.3986,19855298070.3416,3191671.51995134,9.86,20.6068,14.23106,21.42077,2.82519,76.9871,136.637508628306,295.485138570302,46.1743124863011,138.045819714843,137.212041832931,143.403666243592,155.401566265295,131.073264865952,130.443614298431,121.286455023409,133.329755061905,138.411408972411,140.787427335403,158.477185084147,162.019517655586,153.862549433872,126.848558103682,126.944382270593,129.850798342331,12340650857.8664,50332.0268480985,9242288929.10395,170484342.084451
2025-02-01,102.089,88.2353,67.104,103.4195,107.5905,73.2369915431914,8.22948612809304,8.96474891734362,8.68828393222874,118.927869814993,164.140537256204,132.5786840119,183.136711688191,110.77,107.46,105.64,109.64,142.97,55.7985097929944,57.9730097557836,58.9136457642398,56.3200115930305,53.2583514472645,53.9886377367067,53.8090626472923,52.5889491304198,8003928921.83649,15423699961.9273,18383717614.629,20195823818.6451,3201299.13155474,9.45,20.508,14.23665,21.33037,2.81165,77.2318,136.700037466209,295.214623759166,46.2791821337413,138.291179420279,137.668878056466,143.804838458582,155.862391396319,131.335150617997,130.941365611048,121.618992390977,134.000969198775,139.063081797061,140.411862727428,158.073348104711,156.587622981723,156.155098834297,127.047151014837,125.768488464647,130.267678390659,12781061996.6717,51536.0420710939,9324515376.81492,209618481.282037
2025-03-01,101.6954,85.8601,66.3552,106.2296,106.6051,73.5291215036483,7.48227935912566,7.94704366274926,8.00394103233932,118.273283989016,163.623808738748,132.335660928156,182.918293670476,110.23,106.82,104.81,109.14,143.79,54.4531784693626,56.7486416360767,56.0707173000024,54.731669262576,52.3851379937664,54.0792184321852,53.7770766990224,52.7059784227166,7993377716.84256,15516546037.8008,18412551853.4883,20275907907.7411,3192306.7234176,9.1,20.438,14.20237,22.07304,2.81227,77.6998,137.101866422959,295.356235272109,46.4597572204122,138.637011226617,138.169797816373,144.416180454998,156.891739451793,131.688087705628,131.36962455183,121.919925598283,134.58399367195,139.571466351442,139.902450322364,158.286212114703,156.730085210503,156.669413313515,126.805890095638,125.11422875115,130.585401661132,12881765740.5856,51579.8691999108,9273755657.09432,172327553.722184
2025-04-01,100.6542,87.3482,66.5072,99.7522,106.6701,73.8712571700357,7.95136447621777,8.51552379990876,7.55495816145392,120.655419052859,167.593666338598,133.295126064183,184.989409882271,111.39,107.74,105.77,109.96,143.23,54.0086510007368,54.7026925711082,54.2939695955594,55.7469177424855,52.6663275474624,53.296881261559,53.1576223256661,52.3900883358265,8030899071.98724,15611143310.2519,18594754576.9325,20475368849.8438,3245120.02143003,8.81,19.6095,14.19728,22.28129,2.69631,78.7583,136.01341998867,295.668103260903,46.2006841741774,139.251477098809,138.859167890629,145.245251563491,157.773935141079,132.50929441002,131.847232067496,122.246540424512,135.005411807232,140.188785998479,140.293831024369,159.066020695483,159.235268187192,156.369529231623,126.897609855088,125.08311327342,130.962923716298,13130336801.0411,54892.8398735258,9761423799.40764,202936315.72724
2025-05-01,101.6069,86.6478,66.6685,105.0904,106.7137,73.1226404607353,8.02595402058751,7.81779828848982,8.53432264157707,122.026290421404,170.241855075293,134.514312744251,187.848286581254,111.07,106.96,104.07,110.16,145.3,54.3954817537809,55.4417654570301,56.0540616764737,53.5170347079548,51.7012453395174,52.7160623400814,53.2666939794675,52.081795119223,8129490553.02924,15817916880.6638,18796414827.861,20670827267.9358,3279339.85150495,8.31,19.3858,14.09929,22.00288,2.69269,76.3381,139.111361077544,295.817602425507,46.976455403142,139.946170007283,139.365403276641,145.820510473085,158.505627465867,133.077105182497,132.287055983037,122.579496519089,135.476254344878,140.726242505885,142.285577080054,162.965871543348,162.477811757035,161.008742012647,127.242721722403,125.454647590858,131.3441333433,13137920943.5118,56874.5147961484,10011819615.0538,189032542.287586
2025-06-01,101.2016,85.3229,66.3183,103.3154,106.8722,73.7141820677805,8.11186222214937,7.67606519206651,8.18300419751055,119.744022938526,168.042095572667,135.460674557231,190.245928336806,111.41,106.58,103.9,109.72,151.63,54.5468936460115,59.9178677532929,57.7932815171732,56.6828137064956,52.8177026767847,51.3394185502133,53.1885389872131,53.1480838126049,8177926139.01254,15775625466.9729,18862403757.9301,20752024784.4226,3289355.55849693,8.09,18.8332,13.80285,22.09888,2.62911,75.495,141.869753913294,296.749230121054,47.8693102102108,140.628163407026,139.912422266164,146.447495817922,159.191494389763,133.643278083109,132.805414388954,122.935397591496,135.947143076351,141.403288074379,142.906215996572,163.962323486327,161.579501478426,163.070891832754,127.442436311292,125.547446886575,131.688342083331,13496880067.8528,57983.2696172477,10220297335.522,191712486.353073
2025-07-01,100.2383,87.7051,66.2819,103.0681,105.2045,,6.94765955290362,8.51293466286738,8.40676460055598,122.464183098209,171.768217676904,135.281401952346,190.115284236974,111.74,106.38,103.42,109.87,155.33,,,,,,,,,8210492200.34041,15875753180.7412,19031287803.952,20901793889.273,3314349.03436308,7.67,18.7963,13.59348,21.51424,2.60705,74.0845,143.16016088189,298.052739355952,48.2138081604287,141.025979898766,140.381239736782,146.886853554497,159.908279587437,133.835455695693,133.301634045089,123.28890788743,136.414835535086,142.029533829456,142.677619079033,163.449959780239,159.103884415443,162.838459713758,127.590653313501,125.290911775732,132.005162210315,13650059523.5526,57825.4774363053,10084608798.9111,215291372.129985
2025-08-01,100.0527,87.9901,66.9408,101.2101,105.2463,,7.37707011151102,8.32396491597168,7.65117473381032,121.281315738862,170.834383415318,136.239101550877,191.895974781205,112.71,107.28,104.86,110.17,156.35,,,,,,,,,8278427587.08546,15955950112.2446,19147817180.3959,21046053724.0359,3336365.63059678,7.39,18.644,13.57656,21.81162,2.61762,74.0485,144.892560046314,298.609074664547,48.5610126320839,141.331515402795,140.831429706862,147.31219447108,160.632562473756,134.057239162822,133.780027254488,123.661512788587,136.905266293455,142.635750563999,141.988647518666,161.724037824633,158.860573953673,162.321458313183,127.630392399995,125.076783832532,132.223593460433,13850003944.6932,60250.3258946075,10321099873.2679,177484452.451953
2025-09-01,99.9013,88.643,67.1658,99.0963,105.4996,,3.85215637661178,7.75683254003592,7.90181533180528,120.462714632981,170.307632256797,135.540318462046,191.393895051678,112.76,107.25,104.79,110.12,156.37,,,,,,,,,8314178347.31226,16109814426.8971,19346107086.6857,21220252031.0674,3351571.90085161,7.29,18.3342,13.17862,21.54269,2.57229,73.392,146.687027560308,299.608564899254,48.8567348110946,141.738841061152,141.311721547539,147.811324991639,161.114425560594,134.406811136092,134.260421427689,124.000550459239,139.497937073254,143.177644373777,142.394299954054,161.462145648469,156.603182100673,162.190802057346,127.665866755163,125.131946346616,132.448724172144,14153301205.5699,63912.7848619948,10859983764.7485,242078294.37574
2025-10-01,100.7152,89.2807,68.1602,103.0502,105.2176,,7.16806975729215,7.35499747219919,7.21800515539627,123.514236997363,175.015468615157,138.1856414805,195.633815451884,113.63,107.12,104.26,110.52,166.93,,,,,,,,,8324520973.4427,16142583894.2768,19477565305.0625,21354302984.548,3377411.64661703,7.25,18.5725,13.25705,21.42338,2.60758,72.6377,147.896084182418,300.144393333907,49.2053927510311,142.150664686643,141.758552815055,148.164838649124,161.651937881699,134.620795061161,134.800614090284,124.376214383633,139.984707712057,143.880917114028,142.378134367673,161.867137046697,156.660655886523,162.591210514846,128.057244488881,125.428721600224,133.488826835703,14318592469.8373,63743.222548076,10971900842.2965,222857284.401041
2025-11-01,101.3147,89.2752,68.0999,104.3354,105.7578,,7.32300060259324,8.3927729592474,7.97231546702138,120.858100967653,172.11935590834,136.055011944452,193.444033959419,112.97,107.24,104.4,110.61,161.82,,,,,,,,,8398480938.45052,16187598706.043,19581822655.3285,21438621254.9264,3407121.40067733,7.19,18.3075,13.13197,21.24036,2.59051,71.7541,149.399593729523,301.378712788881,49.4996255027622,142.592345951597,142.195405432195,148.414453387709,161.894280557457,134.875418483001,135.327661804354,124.724162764983,140.476047693176,144.563379567506,143.235205367315,162.88837448639,159.207044268352,162.20479721402,128.567282809672,125.433519736863,136.479578572289,14563847273.137,64498.1222624221,11086820535.4111,180159886.709673
2025-12-01,101.4329,89.7242,68.3636,105.5814,105.5836,,6.1606267509641,6.04453885283778,6.23175349857515,123.136714409268,175.639676225583,137.176998685199,195.610317288004,114.22,107.42,104.7,110.63,168.2,,,,,,,,,8451103314.50685,16260473613.7227,19706899775.665,21521777790.7161,3411309.69103299,7.16,18.0012,13.13188,21.13791,2.57957,70.6468,151.146288583356,302.88244467388,49.8571789217516,142.909696037688,142.682169665561,148.879603655471,162.754073352461,135.041700841199,135.788265131001,124.993392383572,140.894277638453,145.056273631401,143.330858058284,162.115225841055,159.774378338502,161.044411546681,128.92607814355,125.570223134426,137.375438236491,14666978353.3743,64601.5233410664,10989704351.7185,219827876.726833
2026-01-01,100.4666,88.7689,67.2287,104.049,104.591,,8.34127693136998,8.8004203708337,8.04648374244751,122.351455272379,175.069344666698,141.428423055979,201.56629574673,112.49,106.67,103.73,110.01,157.05,,,,,,,,,8494592749.92745,16323039911.7135,19808104056.9483,21635744611.0865,3427758.03014142,7.0,17.331,12.80068,20.62042,2.4922,69.1905,153.42650231018,303.847972320089,50.4799233156098,143.336866371922,143.41059461111,149.958695192113,164.948646347238,135.299266032409,136.289815635675,125.457819964234,141.380012869023,145.702693992179,142.830799880806,161.084942433266,159.213053601821,159.889641279775,128.476275947515,125.339559502425,137.454190681511,14814633056.8954,66614.1557164994,11176015097.1355,235018823.752816
2026-02-01,100.965,89.9804,66.2381,104.404,105.3416,,6.88379616639272,7.11300930040387,7.10610129229392,122.253931417706,175.562179734944,139.555008138919,200.592132138251,112.31,106.18,103.31,109.51,159.74,,,,,,,,,8533918838.00953,16383323685.6271,19799857440.52,21662463048.1847,3434633.16225659,6.86,17.2193,12.62175,20.33083,2.50885,67.7128,156.168249643587,305.564142146979,51.1040043933618,143.893434809929,143.871077118067,150.362750327635,165.525091462732,135.473515256307,136.777405332671,125.80047735062,142.124125307567,146.297652238547,143.995444472066,165.430151723698,172.456203294298,157.81036434705,128.321262713951,123.794011419843,137.903073532487,14891467879.6527,70301.9173921947,11707135964.4261,214437377.61038
2026-03-01,100.4024,90.5516,66.5011,101.4552,105.218,,6.80933456837245,7.21886720429706,7.45757320783615,121.535951021933,175.761114460627,139.517102806679,201.663955395375,113.64,107.13,104.72,109.97,162.4,,,,,,,,,8630058451.42754,16523719459.9997,19788064342.2372,21612506832.1616,3442909.73880661,6.81,18.0033,12.89756,20.7344,2.60688,68.6416,156.491265503133,307.408025460877,50.9198862594637,144.97450743286,144.321275434315,150.73926912348,165.942051679623,135.878822346443,137.303854269798,126.220988559692,142.588153940538,146.923219498374,146.98183324477,172.059845193259,190.509758312801,157.349706654332,129.837817445685,125.418836034331,138.506906724282,14481806489.6897,67574.9059868434,11463082422.5561,218996657.57423
2026-04-01,102.4974,90.3889,66.4021,108.5441,106.3745,,6.31232613530133,6.77834072740133,6.94656791213116,124.155292864438,179.928611824074,141.238944733573,204.558764010787,113.85,107.97,106.22,109.84,159.52,,,,,,,,,8689821772.8415,16656198730.9872,20078284192.7785,21954305756.2786,3484086.66018586,6.58,17.5118,12.86242,20.54134,2.56373,68.4451,157.179865106595,309.270234948378,50.9805981345855,145.422879415756,144.774728171451,151.034527443219,166.245059804206,136.228863732305,137.809869706987,126.611507765632,143.011911096426,147.533746496558,147.33476009238,171.479093573643,192.300515019973,154.921367427594,130.560320994798,126.032497358816,139.528282498742,14838371774.3112,66281.4162190845,11275034332.8775,223732661.54203
2026-05-01,101.7686,90.696,66.1609,104.5667,106.2762,,7.09586076003516,7.60161036005744,7.4381955052451,121.622067382846,176.34561600631,141.110452953302,204.714447551904,113.96,108.28,106.76,110.02,157.6,,,,,,,,,8813279151.24152,16879092440.7075,20313773803.7578,22207495719.0148,3526719.52063639,6.47,17.3505,12.59646,20.24977,2.56614,68.3711,159.922581826257,313.398464135541,50.898001031297,145.392168982527,145.187252810458,151.332840825825,166.670553847948,136.548521393522,138.318060671543,127.002231572534,143.487875297343,148.160002332912,146.445030850607,167.119281144026,184.51951485479,153.454252318045,131.268803762969,126.768754762116,140.427599500544,14956226682.6842,67349.3442345637,11465942335.3921,226187302.033082
2026-06-01,101.9925,91.2612,66.7758,107.693,105.6295,,6.84578017017138,7.37964623217484,7.01420101686314,123.362474510948,178.995424016333,141.590021651848,205.59469510647,,,,,,,,,,,,,,8761056894.51002,16877425027.1996,20348841476.3844,22244474304.8491,3540920.44624948,6.29,17.4693,12.31236,19.96741,2.57323,68.1981,156.728514687377,313.411368305131,50.0092053813733,145.320862855831,145.547264100634,151.642734253675,167.261438098851,136.635413989485,138.751436232144,127.381060370102,143.959778361236,148.624840015796,144.358949867735,160.926047049967,170.284299479362,152.457641864454,131.637531447969,127.061366277074,140.866536049387,15071149148.0772,67340.6556992544,11389086939.3569,228502336.183984
2026-07-01,,,,,,,6.48805704651266,7.02229530451186,6.01358309420553,,,,,,,,,,,,,,,,,,8822528486.73629,17033213047.5877,20542079179.5217,22432626992.3804,3573965.86493096,6.23,17.3288,12.35197,19.93159,2.5664,,,,,145.410849357572,145.915471866207,152.038449282823,167.66561055277,137.000022271965,139.113365390181,127.752822160784,144.420877742359,148.942528404527,143.031961365201,157.92632758777,162.329505472489,151.584247850099,131.660898267536,126.69303916733,141.197531500935,15190451963.8044,67600.0268193433,11522186079.9352,210505677.462763
2026-08-01,,,,,,,,,,,,,,,,,,,,,,,,,,,,,,,,6.21,17.0147,12.2744,19.76206,2.53179,,,,,,,,,,,,,,,,,,,,,,66996.1657995273,,
